plot_code,tree_tag,dbh,height_m,density,year,month,day
ESP-01,1,35.4,13.5,0.6,2006,7,4
ESP-01,2,13.8,10.5,0.52,2006,7,4
ESP-01,2.1,NA,14.5,0.6,2006,7,4
ESP-01,2.2,NA,14,0.6,2006,7,4
ESP-01,3,13.1,11,0.61785,2006,7,4
ESP-01,4,40.8,15,0.6,2006,7,4
ESP-01,5,14.3,6.5,0.65,2006,7,4
ESP-01,6,20.9,8.5,0.52,2006,7,4
ESP-01,6.1,NA,11.5,0.52,2006,7,4
ESP-01,7,10.5,8,0.61785,2006,7,4
ESP-01,8,14,10,0.74977,2006,7,4
ESP-01,9,13.4,8,0.52,2006,7,4
ESP-01,10,14,8.5,0.65,2006,7,4
ESP-01,11,10.11,9,0.65,2006,7,4
ESP-01,12,13.3,12,0.52,2006,7,4
ESP-01,13,15.1,12,0.61785,2006,7,4
ESP-01,14,15.2,13,0.6,2006,7,4
ESP-01,15,17.4,13.5,0.6,2006,7,4
ESP-01,15.1,NA,10,0.65,2006,7,4
ESP-01,16,14,13,0.6,2006,7,4
ESP-01,16.1,NA,11.5,0.52,2006,7,4
ESP-01,17,12.5,12,0.52,2006,7,4
ESP-01,18,11.3,10.5,0.594,2006,7,4
ESP-01,19,12.1,NA,0.61785,2006,7,4
ESP-01,20,28.5,13,0.6,2006,7,4
ESP-01,21,10.1,11.5,0.565,2006,7,4
ESP-01,22,15,11,0.709,2006,7,4
ESP-01,23,13.3,12,0.6,2006,7,4
ESP-01,24,17,12.5,0.65,2006,7,4
ESP-01,25,11,9,0.6,2006,7,4
ESP-01,26,20.2,13.5,0.74977,2006,7,4
ESP-01,27,20.7,12,0.74977,2006,7,4
ESP-01,28,25.4,14,0.6,2006,7,4
ESP-01,28.1,NA,13.5,0.65,2006,7,4
ESP-01,29,15.6,14,0.74977,2006,7,4
ESP-01,30,11.5,8,0.74977,2006,7,4
ESP-01,31,21.4,12,0.6,2006,7,4
ESP-01,32,12.5,7.5,0.594,2006,7,4
ESP-01,32.1,NA,10,0.515,2006,7,4
ESP-01,33,30.3,15.5,0.52,2006,7,4
ESP-01,34,15.9,12.5,0.74977,2006,7,4
ESP-01,35,12.1,9.5,0.594,2006,7,4
ESP-01,36,12.5,12,0.594,2006,7,4
ESP-01,37,12.3,11.5,0.54,2006,7,4
ESP-01,38,14.3,11,0.6,2006,7,4
ESP-01,39,16.1,12,0.32,2006,7,4
ESP-01,40,35.8,17.5,0.52,2006,7,4
ESP-01,41,11.8,9,0.6,2006,7,4
ESP-01,42,12.6,7.5,0.32,2006,7,4
ESP-01,43,15.9,13,0.52,2006,7,4
ESP-01,44,18.8,16,0.594,2006,7,4
ESP-01,45,17.6,15,0.6,2006,7,4
ESP-01,45.1,NA,15,0.65,2006,7,4
ESP-01,46,15.2,13.5,0.49,2006,7,4
ESP-01,47,14,11,0.565,2006,7,4
ESP-01,48,20.5,15,0.6,2006,7,4
ESP-01,49,20.2,13.5,0.49,2006,7,4
ESP-01,50,22.4,14.5,0.49,2006,7,4
ESP-01,51,27.2,16.5,0.52,2006,7,4
ESP-01,52,40.1,14,0.52,2006,7,4
ESP-01,53,15.6,11,0.515,2006,7,4
ESP-01,54,13.1,NA,0.49,2006,7,4
ESP-01,54.1,NA,15.5,0.52,2006,7,4
ESP-01,55,24.5,14,0.52,2006,7,4
ESP-01,56,20.8,12.5,0.52,2006,7,4
ESP-01,57,11.4,12,0.52,2006,7,4
ESP-01,58,46.4,14.5,0.52,2006,7,4
ESP-01,59,24.7,13,0.32,2006,7,4
ESP-01,59.1,NA,7.5,0.709,2006,7,4
ESP-01,59.2,NA,2.75,0.65,2006,7,4
ESP-01,60,13.6,9.5,0.465,2006,7,4
ESP-01,61,13.2,12,0.594,2006,7,4
ESP-01,61.1,NA,11,0.709,2006,7,4
ESP-01,62,14.4,10.5,0.594,2006,7,4
ESP-01,63,41.8,12.5,0.74977,2006,7,4
ESP-01,63.1,NA,9.5,0.61785,2006,7,4
ESP-01,63.2,NA,3,0.65,2006,7,4
ESP-01,64,13.6,11.5,0.61785,2006,7,4
ESP-01,65,14,12,0.61785,2006,7,4
ESP-01,66,15.2,11,0.465,2006,7,4
ESP-01,67,14.4,9.5,0.61785,2006,7,4
ESP-01,68,14.1,NA,0.61785,2006,7,4
ESP-01,69,10.5,3,0.65,2006,7,4
ESP-01,70,11.1,3,0.65,2006,7,4
ESP-01,71,15.1,10.5,0.594,2006,7,4
ESP-01,72,22.1,13,0.52,2006,7,4
ESP-01,73,19.5,13.5,0.52,2006,7,4
ESP-01,74,13.1,10,0.61785,2006,7,4
ESP-01,75,11,9.5,0.515,2006,7,4
ESP-01,76,38.6,16,0.52,2006,7,4
ESP-01,77,41.8,16,0.6,2006,7,4
ESP-01,78,11.4,10,0.515,2006,7,4
ESP-01,79,10.2,8,0.515,2006,7,4
ESP-01,80,19.3,13.5,0.385395,2006,7,4
ESP-01,81,14.1,9,0.385395,2006,7,4
ESP-01,81.1,NA,6.75,0.65,2006,7,4
ESP-01,82,37.4,13.5,0.52,2006,7,4
ESP-01,83,11.4,6.5,0.65,2006,7,4
ESP-01,84,11.3,5,0.65,2006,7,4
ESP-01,85,14.7,12,0.385395,2006,7,4
ESP-01,86,15.8,11,0.74977,2006,7,4
ESP-01,87,24.1,15,0.52,2006,7,4
ESP-01,87.1,NA,2.5,0.65,2006,7,4
ESP-01,88,40,14.5,0.52,2006,7,4
ESP-01,89,14,12,0.565,2006,7,4
ESP-01,90,21.8,16.5,0.52,2006,7,4
ESP-01,91,20.1,14,0.52,2006,7,4
ESP-01,92,22.6,13,0.52,2006,7,4
ESP-01,93,21.7,14.5,0.52,2006,7,4
ESP-01,94,20.6,11,0.61785,2006,7,4
ESP-01,95,37.3,15,0.52,2006,7,4
ESP-01,96,11.1,4.5,0.65,2006,7,4
ESP-01,97,37.5,16,0.52,2006,7,4
ESP-01,98,16.5,11.5,0.515,2006,7,4
ESP-01,99,13.2,9.5,0.56,2006,7,4
ESP-01,100,11.3,3.25,0.65,2006,7,4
ESP-01,101,12.6,8.5,0.665166667,2006,7,4
ESP-01,102,17.3,11.5,0.74977,2006,7,4
ESP-01,103,18.3,11.5,0.56,2006,7,4
ESP-01,104,22.3,18,0.52,2006,7,4
ESP-01,105,14.7,12.5,0.685219,2006,7,4
ESP-01,105.1,NA,12,0.65,2006,7,4
ESP-01,106,16.9,11,0.515,2006,7,4
ESP-01,107,15.5,11,0.515,2006,7,4
ESP-01,108,35.6,17,0.52,2006,7,4
ESP-01,109,40.9,18,0.52,2006,7,4
ESP-01,110,10.2,11,0.61785,2006,7,4
ESP-01,111,16.9,11.5,0.385395,2006,7,4
ESP-01,112,19,13,0.515,2006,7,4
ESP-01,113,12.5,9,0.665166667,2006,7,4
ESP-01,114,16.5,12.5,0.565,2006,7,4
ESP-01,115,31.3,15,0.52,2006,7,4
ESP-01,116,15,14.5,0.594,2006,7,4
ESP-01,117,35.3,14,0.52,2006,7,4
ESP-01,118,10.2,11,0.61785,2006,7,4
ESP-01,119,36.4,18.5,0.6,2006,7,4
ESP-01,120,21.6,17,0.52,2006,7,4
ESP-01,121,15.5,13.5,0.49,2006,7,4
ESP-01,122,25.7,17.5,0.52,2006,7,4
ESP-01,123,14,NA,0.52,2006,7,4
ESP-01,124,12.5,13.5,0.52,2006,7,4
ESP-01,125,10.1,NA,0.52,2006,7,4
ESP-01,126,38.4,17.5,0.52,2006,7,4
ESP-01,127,12,9.5,0.515,2006,7,4
ESP-01,127.1,NA,7.5,0.503,2006,7,4
ESP-01,128,18.8,16.5,0.52,2006,7,4
ESP-01,129,21.1,15.5,0.52,2006,7,4
ESP-01,130,14.9,NA,0.52,2006,7,4
ESP-01,131,20.8,15.5,0.52,2006,7,4
ESP-01,131.1,NA,4.5,0.52,2006,7,4
ESP-01,132,13.2,12,0.61785,2006,7,4
ESP-01,132.1,NA,11,0.61785,2006,7,4
ESP-01,132.2,NA,11.5,0.65,2006,7,4
ESP-01,133,14,12.5,0.52,2006,7,4
ESP-01,134,13.9,11.5,0.503,2006,7,4
ESP-01,135,10.8,9.5,0.515,2006,7,4
ESP-01,136,28.9,15.5,0.503,2006,7,4
ESP-01,137,10.8,9,0.56,2006,7,4
ESP-01,137.1,NA,8.5,0.45,2006,7,4
ESP-01,137.2,NA,8,0.515,2006,7,4
ESP-01,137.3,NA,7.5,0.45,2006,7,4
ESP-01,138,19,15.5,0.45,2006,7,4
ESP-01,139,14,NA,0.56,2006,7,4
ESP-01,139.1,NA,NA,0.4574628,2006,7,4
ESP-01,139.2,NA,9,0.61785,2006,7,4
ESP-01,140,17.7,14.5,0.594,2006,7,4
ESP-01,141,19.8,14.5,0.6,2006,7,4
ESP-01,142,10.4,9.5,0.61785,2006,7,4
ESP-01,143,14.4,12.5,0.49,2006,7,4
ESP-01,143.1,NA,12.5,0.515,2006,7,4
ESP-01,144,115.9,13.5,0.425,2006,7,4
ESP-01,144.1,NA,11,0.52,2006,7,4
ESP-01,144.2,NA,10,0.61785,2006,7,4
ESP-01,144.3,NA,7.5,0.61785,2006,7,4
ESP-01,145,12,15,0.61785,2006,7,4
ESP-01,146,29,NA,0.74977,2006,7,4
ESP-01,147,22.9,14.5,0.52,2006,7,4
ESP-01,148,11.3,NA,0.49,2006,7,4
ESP-01,149,14.7,NA,0.61785,2006,7,4
ESP-01,150,19.5,14,0.503,2006,7,4
ESP-01,151,13.9,9,0.515,2006,7,4
ESP-01,152,22.2,13.5,0.503,2006,7,4
ESP-01,153,24.4,15,0.52,2006,7,4
ESP-01,154,13.9,8,0.56,2006,7,4
ESP-01,155,12.7,13,0.52,2006,7,4
ESP-01,156,11.1,6.5,0.61785,2006,7,4
ESP-01,157,10.4,12.5,0.61785,2006,7,4
ESP-01,158,16.7,14.5,0.52,2006,7,4
ESP-01,159,22.6,17,0.52,2006,7,4
ESP-01,160,11.6,9,0.56,2006,7,4
ESP-01,161,17.4,14,0.49,2006,7,4
ESP-01,162,35.7,15.5,0.52,2006,7,4
ESP-01,163,18.7,15.5,0.6,2006,7,4
ESP-01,164,24.9,14.5,0.52,2006,7,4
ESP-01,165,12.4,15.5,0.594,2006,7,4
ESP-01,166,16.7,18,0.52,2006,7,4
ESP-01,167,25.8,17,0.52,2006,7,4
ESP-01,168,20.9,NA,0.49,2006,7,4
ESP-01,169,23.6,17.5,0.52,2006,7,4
ESP-01,170,18.8,11,0.49,2006,7,4
ESP-01,171,18.6,10,0.61785,2006,7,4
ESP-01,172,18.1,11.5,0.49,2006,7,4
ESP-01,173,19.4,11,0.74977,2006,7,4
ESP-01,174,24.3,16,0.425,2006,7,4
ESP-01,175,16.3,14,0.61785,2006,7,4
ESP-01,176,12.2,13,0.61785,2006,7,4
ESP-01,177,24.4,NA,0.49,2006,7,4
ESP-01,178,16.1,11,0.61785,2006,7,4
ESP-01,179,13.3,9.5,0.49,2006,7,4
ESP-01,180,13,10,0.74977,2006,7,4
ESP-01,181,21.5,11.5,0.61785,2006,7,4
ESP-01,182,12.9,6,0.65,2006,7,4
ESP-01,183,14.9,15.5,0.52,2006,7,4
ESP-01,184,13,14,0.52,2006,7,4
ESP-01,185,21,15,0.49,2006,7,4
ESP-01,186,15.7,16,0.52,2006,7,4
ESP-01,187,18.3,14.5,0.515,2006,7,4
ESP-01,188,25.2,NA,0.6,2006,7,4
ESP-01,189,13.7,15.5,0.61785,2006,7,4
ESP-01,190,18.7,13,0.52,2006,7,4
ESP-01,190.1,NA,11,0.52,2006,7,4
ESP-01,190.2,NA,9.5,0.45,2006,7,4
ESP-01,191,17.8,13,0.52,2006,7,4
ESP-01,192,13.4,8.5,0.74977,2006,7,4
ESP-01,193,13.4,8,0.594,2006,7,4
ESP-01,194,18.4,NA,0.56,2006,7,4
ESP-01,195,10.5,8.5,0.515,2006,7,4
ESP-01,196,11,8,0.74977,2006,7,4
ESP-01,197,10.2,12,0.709,2006,7,4
ESP-01,198,21.5,NA,0.61785,2006,7,4
ESP-01,199,32.8,15.5,0.6,2006,7,4
ESP-01,200,15.6,12,0.74977,2006,7,4
ESP-01,201,40,NA,0.6,2006,7,4
ESP-01,202,12.4,13,0.594,2006,7,4
ESP-01,117.1,NA,12,0.65,2006,7,4
ESP-01,203,11.3,11.5,0.74977,2006,7,4
ESP-01,204,13.4,11.5,0.594,2006,7,4
ESP-01,205,13.4,11.5,0.74977,2006,7,4
ESP-01,206,10.8,8,0.515,2006,7,4
ESP-01,207,27.3,NA,0.74977,2006,7,4
ESP-01,208,21.8,NA,0.594,2006,7,4
ESP-01,209,22,15,0.425,2006,7,4
ESP-01,210,16.1,13.5,0.32,2006,7,4
ESP-01,211,13.7,11,0.515,2006,7,4
ESP-01,212,22.7,NA,0.6,2006,7,4
ESP-01,213,10.9,9.5,0.74977,2006,7,4
ESP-01,214,15.5,9.5,0.6,2006,7,4
ESP-01,215,16.3,11.5,0.503,2006,7,4
ESP-01,216,27.3,16.5,0.515,2006,7,4
ESP-01,217,18.1,10.5,0.49,2006,7,4
ESP-01,218,26.5,14.5,0.52,2006,7,4
ESP-01,219,18.4,14,0.52,2006,7,4
ESP-01,220,20,14,0.74977,2006,7,4
ESP-01,221,18.2,10.5,0.52,2006,7,4
ESP-01,222,NA,10.5,0.594,2006,7,4
ESP-01,223,11.1,5,0.515,2006,7,4
ESP-01,224,15,11.5,0.52,2006,7,4
ESP-01,225,15.2,10.5,0.74977,2006,7,4
ESP-01,225.1,NA,11,0.709,2006,7,4
ESP-01,226,23.8,NA,0.6,2006,7,4
ESP-01,227,18.4,12.5,0.594,2006,7,4
ESP-01,228,11.9,NA,0.594,2006,7,4
ESP-01,229,11.1,7,0.74977,2006,7,4
ESP-01,230,13.5,NA,0.61785,2006,7,4
ESP-01,231,19,7,0.52,2006,7,4
ESP-01,231.1,NA,7,0.65,2006,7,4
ESP-01,232,14.2,8,0.74977,2006,7,4
ESP-01,233,12.5,13,0.74977,2006,7,4
ESP-01,234,23.8,13,0.32,2006,7,4
ESP-01,234.1,NA,10.5,0.6,2006,7,4
ESP-01,234.2,NA,8,0.52,2006,7,4
ESP-01,235,12,11.5,0.74977,2006,7,4
ESP-01,235.1,NA,12,0.74977,2006,7,4
ESP-01,236,11.2,10.5,0.594,2006,7,4
ESP-01,237,12.2,12,0.594,2006,7,4
ESP-01,238,41,14.5,0.6,2006,7,4
ESP-01,239,16.8,12.5,0.498,2006,7,4
ESP-01,240,26.2,13.5,0.65,2006,7,4
ESP-01,241,10.8,9,0.61785,2006,7,4
ESP-01,242,10,9.5,0.594,2006,7,4
ESP-01,243,10.1,11,0.594,2006,7,4
ESP-01,244,13.1,6.5,0.65,2006,7,4
ESP-01,245,16.5,11.5,0.74977,2006,7,4
ESP-01,246,12.4,9.5,0.45,2006,7,4
ESP-01,246.1,NA,10.5,0.61785,2006,7,4
ESP-01,247,26.7,11,0.52,2006,7,4
ESP-01,247.1,NA,11,0.49,2006,7,4
ESP-01,247.2,NA,9.5,0.49,2006,7,4
ESP-01,248,18.2,8.5,0.52,2006,7,4
ESP-01,249,17.1,12,0.49,2006,7,4
ESP-01,250,14.5,10.75,0.49,2006,7,4
ESP-01,251,23,12,0.6,2006,7,4
ESP-01,252,14.5,11,0.74977,2006,7,4
ESP-01,253,16.8,10,0.594,2006,7,4
ESP-01,254,12.9,12.5,0.594,2006,7,4
ESP-01,255,14.3,8.5,0.594,2006,7,4
ESP-01,256,14.1,9.5,0.515,2006,7,4
ESP-01,257,17.4,11,0.49,2006,7,4
ESP-01,257.1,NA,11,0.49,2006,7,4
ESP-01,258,27.1,12.5,0.52,2006,7,4
ESP-01,259,20.2,13,0.594,2006,7,4
ESP-01,260,12.1,12.5,0.32,2006,7,4
ESP-01,261,15.6,11.5,0.49,2006,7,4
ESP-01,262,10.8,11.5,0.594,2006,7,4
ESP-01,262.2,NA,8,0.49,2006,7,4
ESP-01,263,26.4,13.5,0.74977,2006,7,4
ESP-01,264,16.9,12.5,0.594,2006,7,4
ESP-01,265,14,14,0.594,2006,7,4
ESP-01,266,13.3,11,0.52,2006,7,4
ESP-01,266.1,NA,13,0.49,2006,7,4
ESP-01,267,16.7,14.5,0.61785,2006,7,4
ESP-01,268,12.5,10.5,0.52,2006,7,4
ESP-01,268.1,NA,11,0.65,2006,7,4
ESP-01,269,27.2,14.5,0.74977,2006,7,4
ESP-01,269.1,NA,10,0.52,2006,7,4
ESP-01,270,11.1,14,0.74977,2006,7,4
ESP-01,271,17.1,12.5,0.52,2006,7,4
ESP-01,272,15.2,15,0.52,2006,7,4
ESP-01,273,14.2,12.5,0.52,2006,7,4
ESP-01,274,27.2,14.5,0.52,2006,7,4
ESP-01,275,17.3,12,0.6,2006,7,4
ESP-01,275.1,NA,11,0.65,2006,7,4
ESP-01,276,17.8,11,0.515,2006,7,4
ESP-01,277,27.8,12.5,0.52,2006,7,4
ESP-01,278,15.5,12,0.515,2006,7,4
ESP-01,278.1,NA,12.5,0.61785,2006,7,4
ESP-01,279,11.1,11.5,0.515,2006,7,4
ESP-01,279.1,NA,13.5,0.61785,2006,7,4
ESP-01,280,13.6,11.5,0.6,2006,7,4
ESP-01,281,23.1,12.5,0.6,2006,7,4
ESP-01,282,18.8,14,0.6,2006,7,4
ESP-01,282.1,NA,13,0.4574628,2006,7,4
ESP-01,283,17.3,13,0.594,2006,7,4
ESP-01,284,20.7,14.5,0.52,2006,7,4
ESP-01,285,27.7,12,0.425,2006,7,4
ESP-01,286,33.6,10.5,0.6,2006,7,4
ESP-01,287,17.8,14.5,0.74977,2006,7,4
ESP-01,288,14.7,10,0.49,2006,7,4
ESP-01,289,13.2,9,0.74977,2006,7,4
ESP-01,290,12.1,NA,0.446876111,2006,7,4
ESP-01,291,18.4,9.25,0.385395,2006,7,4
ESP-01,292,13.5,9.5,0.61785,2006,7,4
ESP-01,293,17.7,9.5,0.6,2006,7,4
ESP-01,293.1,NA,6.5,0.6,2006,7,4
ESP-01,287.1,NA,14,0.52,2006,7,4
ESP-01,294,30.3,13,0.61785,2006,7,4
ESP-01,295,28.9,9.5,0.52,2006,7,4
ESP-01,296,38.4,12.5,0.52,2006,7,4
ESP-01,297,14.3,8,0.5925,2006,7,4
ESP-01,298,12.9,10,0.385395,2006,7,4
ESP-01,299,10.9,NA,0.49,2006,7,4
ESP-01,300,13.1,12,0.52,2006,7,4
ESP-01,301,15,6.5,0.65,2006,7,4
ESP-01,302,22.2,10,0.56,2006,7,4
ESP-01,303,13.1,5.5,0.52,2006,7,4
ESP-01,304,15,12,0.5925,2006,7,4
ESP-01,305,12.1,11.5,0.709,2006,7,4
ESP-01,306,15.5,14,0.52,2006,7,4
ESP-01,307,10.4,8,0.56,2006,7,4
ESP-01,308,11.3,10,0.52,2006,7,4
ESP-01,309,14.4,10,0.465,2006,7,4
ESP-01,310,11.5,11,0.54,2006,7,4
ESP-01,310.1,NA,9,0.61785,2006,7,4
ESP-01,311,16.6,13,0.6,2006,7,4
ESP-01,312,13.5,8,0.515,2006,7,4
ESP-01,312.1,NA,6,0.65,2006,7,4
ESP-01,312.2,NA,11,0.65,2006,7,4
ESP-01,312.3,NA,12.5,0.65,2006,7,4
ESP-01,313,17.6,13,0.52,2006,7,4
ESP-01,314,14.5,11.5,0.52,2006,7,4
ESP-01,315,11.6,11,0.61785,2006,7,4
ESP-01,316,15.5,12,0.709,2006,7,4
ESP-01,317,20.7,11.5,0.594,2006,7,4
ESP-01,318,13.2,8,0.594,2006,7,4
ESP-01,319,14.2,9.5,0.32,2006,7,4
ESP-01,320,10.7,15.5,0.5925,2006,7,4
ESP-01,321,13.5,7.5,0.52,2006,7,4
ESP-01,322,13.5,NA,0.6,2006,7,4
ESP-01,323,16.4,12.5,0.6,2006,7,4
ESP-01,324,12.5,9.5,0.52,2006,7,4
ESP-01,324.1,NA,10.5,0.65,2006,7,4
ESP-01,325,10.1,8,0.52,2006,7,4
ESP-01,326,15.4,10,0.75575,2006,7,4
ESP-01,327,11.9,8,0.52,2006,7,4
ESP-01,328,22.9,12.5,0.6,2006,7,4
ESP-01,328.1,NA,NA,0.6,2006,7,4
ESP-01,329,16.4,10,0.6,2006,7,4
ESP-01,330,11.4,7,0.465,2006,7,4
ESP-01,331,18.2,8.5,0.6,2006,7,4
ESP-01,332,13.3,7,0.709,2006,7,4
ESP-01,333,10.9,9,0.594,2006,7,4
ESP-01,334,11,7.5,0.65,2006,7,4
ESP-01,335,10.1,6,0.503,2006,7,4
ESP-01,336,11,9.5,0.45,2006,7,4
ESP-01,337,19.5,10.5,0.6,2006,7,4
ESP-01,337.1,NA,8,0.6,2006,7,4
ESP-01,337.2,NA,10,0.65,2006,7,4
ESP-01,338,17,10.5,0.503,2006,7,4
ESP-01,339,14.9,10.5,0.709,2006,7,4
ESP-01,340,11.6,NA,0.709,2006,7,4
ESP-01,341,14.2,9,0.52,2006,7,4
ESP-01,342,12.8,NA,0.6,2006,7,4
ESP-01,342.1,NA,11.5,0.648851869,2006,7,4
ESP-01,343,10.5,NA,0.561,2006,7,4
ESP-01,344,11.6,10,0.465,2006,7,4
ESP-01,345,12.7,NA,0.74977,2006,7,4
ESP-01,346,14,10,0.74977,2006,7,4
ESP-01,347,27.4,10,0.52,2006,7,4
ESP-01,348,19.6,8.5,0.6,2006,7,4
ESP-01,349,19.7,8,0.515,2006,7,4
ESP-01,350,13.7,8,0.6,2006,7,4
ESP-01,351,14.2,11.5,0.6,2006,7,4
ESP-01,352,10.5,10.5,0.32,2006,7,4
ESP-01,353,10.2,10,0.6,2006,7,4
ESP-01,354,10.5,10.5,0.52,2006,7,4
ESP-01,355,11.2,10.5,0.6,2006,7,4
ESP-01,355.1,NA,10,0.65,2006,7,4
ESP-01,356,10.6,7.5,0.52,2006,7,4
ESP-01,357,11.2,8,0.6,2006,7,4
ESP-01,358,19.6,10.5,0.6,2006,7,4
ESP-01,358.1,NA,9.5,0.6,2006,7,4
ESP-01,359,14.3,NA,0.6,2006,7,4
ESP-01,360,13.8,9.5,0.465,2006,7,4
ESP-01,361,30.3,10.5,0.6,2006,7,4
ESP-01,362,16.4,10.5,0.6,2006,7,4
ESP-01,363,12.2,NA,0.561,2006,7,4
ESP-01,364,21.8,12,0.6,2006,7,4
ESP-01,365,10.8,9.5,0.6,2006,7,4
ESP-01,366,17.3,8,0.6,2006,7,4
ESP-01,367,16.8,NA,0.49,2006,7,4
ESP-01,368,12.6,10.5,0.61785,2006,7,4
ESP-01,368.1,NA,11.5,0.65,2006,7,4
ESP-01,368.2,NA,9,0.52,2006,7,4
ESP-01,369,23.7,12,0.6,2006,7,4
ESP-01,370,11.4,11,0.74977,2006,7,4
ESP-01,371,22.2,10,0.74977,2006,7,4
ESP-01,372,13.4,13.5,0.498,2006,7,4
ESP-01,373,13.2,11.5,0.61785,2006,7,4
ESP-01,373.1,NA,12,0.65,2006,7,4
ESP-01,374,15.2,10,0.498,2006,7,4
ESP-01,375,24.9,10.5,0.52,2006,7,4
ESP-01,376,20.6,9.5,0.52,2006,7,4
ESP-01,377,16.2,11,0.74977,2006,7,4
ESP-01,377.1,NA,9,0.65,2006,7,4
ESP-01,377.2,NA,8.5,0.65,2006,7,4
ESP-01,378,11.7,6.5,0.515,2006,7,4
ESP-01,378.1,NA,10,0.74977,2006,7,4
ESP-01,380.1,NA,10,0.65,2006,7,4
ESP-01,379,11.6,8.5,0.446876111,2006,7,4
ESP-01,380,14.6,8.5,0.52,2006,7,4
ESP-01,380.2,NA,9,0.52,2006,7,4
ESP-01,381,34.2,10,0.52,2006,7,4
ESP-01,382,14.1,8.5,0.515,2006,7,4
ESP-01,383,12.9,8,0.594,2006,7,4
ESP-01,384,24.2,9.5,0.52,2006,7,4
ESP-01,385,11.3,9.5,0.6,2006,7,4
ESP-01,385.1,NA,9,0.515,2006,7,4
ESP-01,385.2,NA,10,0.52,2006,7,4
ESP-01,385.3,NA,10,0.446876111,2006,7,4
ESP-01,386,14.3,11,0.45,2006,7,4
ESP-01,387,11.4,9.5,0.52,2006,7,4
ESP-01,388,15.6,10.5,0.52,2006,7,4
ESP-01,389,24.9,11.5,0.52,2006,7,4
ESP-01,389.1,NA,9.5,0.6,2006,7,4
ESP-01,390,14,10,0.74977,2006,7,4
ESP-01,391,14.8,10,0.74977,2006,7,4
ESP-01,392,11.5,10,0.52,2006,7,4
ESP-01,392.1,NA,10,0.709,2006,7,4
ESP-01,392.2,NA,NA,0.446876111,2006,7,4
ESP-01,393,15.2,11.5,0.74977,2006,7,4
ESP-01,394,16.5,12,0.74977,2006,7,4
ESP-01,395,17.1,11.5,0.74977,2006,7,4
ESP-01,395.1,NA,9.5,0.6,2006,7,4
ESP-01,396,18.5,11.5,0.6,2006,7,4
ESP-01,397,17.1,10,0.6,2006,7,4
ESP-01,398,12.5,8.5,0.465,2006,7,4
ESP-01,398.1,NA,8.5,0.74977,2006,7,4
ESP-01,399,15.7,10.5,0.74977,2006,7,4
ESP-01,399.1,NA,11.5,0.49,2006,7,4
ESP-01,399.2,NA,NA,0.61785,2006,7,4
ESP-01,400,28.5,11.5,0.6,2006,7,4
ESP-01,401,22.8,11.5,0.49,2006,7,4
ESP-01,404.2,NA,8,0.6,2006,7,4
ESP-01,409.1,NA,9,0.52,2006,7,4
ESP-01,410.1,NA,12,0.74977,2006,7,4
ESP-01,411.1,NA,9.5,0.52,2006,7,4
ESP-01,411.2,NA,9,0.52,2006,7,4
ESP-01,402,13.2,NA,0.49,2006,7,4
ESP-01,403,17.17,11.5,0.6,2006,7,4
ESP-01,404,19.7,11,0.6,2006,7,4
ESP-01,404.1,NA,10,0.6,2006,7,4
ESP-01,405,16,NA,0.446876111,2006,7,4
ESP-01,406,11.5,10.5,0.52,2006,7,4
ESP-01,407,13.9,11.5,0.6,2006,7,4
ESP-01,407.1,NA,9.5,0.515,2006,7,4
ESP-01,408,12.6,11.5,0.6,2006,7,4
ESP-01,409,20.4,11.5,0.6,2006,7,4
ESP-01,410,12.9,11,0.6,2006,7,4
ESP-01,410.2,NA,11.5,0.49,2006,7,4
ESP-01,411,17.9,13,0.6,2006,7,4
ESP-01,412,10.2,12,0.52,2006,7,4
ESP-01,413,11.2,11,0.6,2006,7,4
ESP-01,414,12.2,10.5,0.6,2006,7,4
ESP-01,414.1,NA,9.5,0.6,2006,7,4
ESP-01,414.2,NA,8.5,0.56,2006,7,4
ESP-01,414.3,NA,11,0.6,2006,7,4
ESP-01,415,16.7,12,0.74977,2006,7,4
ESP-01,416,12.7,10.5,0.52,2006,7,4
ESP-01,416.1,NA,7.5,0.52,2006,7,4
ESP-01,417,13.6,NA,0.6,2006,7,4
ESP-01,418,16.7,13.5,0.6,2006,7,4
ESP-01,418.1,NA,12,0.6,2006,7,4
ESP-01,419,15.3,9.5,0.594,2006,7,4
ESP-01,420,14.6,NA,0.61785,2006,7,4
ESP-01,421,18.4,12.5,0.6,2006,7,4
ESP-01,422,18.8,12.5,0.6,2006,7,4
ESP-01,422.1,NA,11.5,0.6,2006,7,4
ESP-01,423,15.1,12,0.61785,2006,7,4
ESP-01,424,14,12.5,0.515,2006,7,4
ESP-01,424.1,NA,10.5,0.6,2006,7,4
ESP-01,425,21.8,10.5,0.6,2006,7,4
ESP-01,426,17,12.5,0.74977,2006,7,4
ESP-01,426.1,NA,11,0.74977,2006,7,4
ESP-01,427,17.7,12,0.594,2006,7,4
ESP-01,427.1,NA,9,0.45,2006,7,4
ESP-01,428,13.9,12.5,0.6,2006,7,4
ESP-01,428.1,NA,NA,0.65,2006,7,4
ESP-01,428.2,NA,12.5,0.6,2006,7,4
ESP-01,428.3,NA,9.5,0.65,2006,7,4
ESP-01,428.4,NA,12,0.6,2006,7,4
ESP-01,429,12.7,NA,0.515,2006,7,4
ESP-01,430,16.3,10,0.52,2006,7,4
ESP-01,431,11.8,10.5,0.52,2006,7,4
ESP-01,432,17.9,11,0.515,2006,7,4
ESP-01,433,23.6,14,0.6,2006,7,4
ESP-01,433.1,NA,8,0.49,2006,7,4
ESP-01,434.1,NA,14,0.6,2006,7,4
ESP-01,434.2,NA,12.5,0.6,2006,7,4
ESP-01,434.3,NA,12.5,0.6,2006,7,4
ESP-01,438.1,NA,10,0.6,2006,7,4
ESP-01,438.2,NA,12,0.65,2006,7,4
ESP-01,438.3,NA,10,0.74977,2006,7,4
ESP-01,438.4,NA,9.5,0.6,2006,7,4
ESP-01,434,28.5,13.5,0.6,2006,7,4
ESP-01,435,17.6,14,0.6,2006,7,4
ESP-01,435.1,NA,8,0.610052842,2006,7,4
ESP-01,436,15.6,13,0.49,2006,7,4
ESP-01,437,16.9,12.5,0.6,2006,7,4
ESP-01,438,40.8,11.5,0.45,2006,7,4
ESP-01,439,12.3,9.5,0.49,2006,7,4
ESP-01,440,18.1,14.5,0.515,2006,7,4
ESP-01,441,23.6,12,0.32,2006,7,4
ESP-01,442,10.8,8.5,0.515,2006,7,4
ESP-01,443,15.6,12,0.61785,2006,7,4
ESP-01,444,24,14,0.52,2006,7,4
ESP-01,444.1,NA,12,0.52,2006,7,4
ESP-01,444.2,NA,9,0.49,2006,7,4
ESP-01,445,13.7,12.5,0.74977,2006,7,4
ESP-01,446,14.6,12.5,0.594,2006,7,4
ESP-01,447,34.7,13,0.6,2006,7,4
ESP-01,448,11.1,10.5,0.74977,2006,7,4
ESP-01,449,18.8,14,0.74977,2006,7,4
ESP-01,450,26,11.5,0.52,2006,7,4
ESP-01,451,14.6,12.5,0.61785,2006,7,4
ESP-01,452,16,11,0.52,2006,7,4
ESP-01,452.1,NA,11,0.52,2006,7,4
ESP-01,452.2,NA,10.5,0.61785,2006,7,4
ESP-01,453,23,12.5,0.594,2006,7,4
ESP-01,453.1,NA,9,0.56,2006,7,4
ESP-01,454,10.5,11.5,0.61785,2006,7,4
ESP-01,455,19.9,11,0.6,2006,7,4
ESP-01,456,22,10,0.515,2006,7,4
ESP-01,457,15.7,12,0.6,2006,7,4
ESP-01,458,47.3,12,0.6,2006,7,4
ESP-01,459,14.1,NA,0.515,2006,7,4
ESP-01,460,19.1,13,0.61785,2006,7,4
ESP-01,461,24.5,NA,0.52,2006,7,4
ESP-01,462,22.5,13,0.52,2006,7,4
ESP-01,463,13.1,12,0.61785,2006,7,4
ESP-01,464,18,13,0.74977,2006,7,4
ESP-01,465,12.3,NA,0.709,2006,7,4
ESP-01,466,11,11,0.32,2006,7,4
ESP-01,467,19.2,12.5,0.74977,2006,7,4
ESP-01,468,27.8,15.5,0.6,2006,7,4
ESP-01,469,13.6,8.25,0.5925,2006,7,4
ESP-01,469.1,NA,11.5,0.709,2006,7,4
ESP-01,469.2,NA,13,0.6,2006,7,4
ESP-01,470,16.8,13,0.74977,2006,7,4
ESP-01,470.1,NA,6.5,0.65,2006,7,4
ESP-01,471,13.1,10.5,0.52,2006,7,4
ESP-01,472,26.8,12.5,0.52,2006,7,4
ESP-01,472.1,NA,13,0.52,2006,7,4
ESP-01,473,13,13,0.32,2006,7,4
ESP-01,473.1,NA,10.5,0.56,2006,7,4
ESP-01,474,14.2,11.5,0.61785,2006,7,4
ESP-01,475,17.9,14.5,0.52,2006,7,4
ESP-01,475.1,NA,12,0.52,2006,7,4
ESP-01,475.2,NA,13.5,0.52,2006,7,4
ESP-01,476,17.6,13,0.74977,2006,7,4
ESP-01,476.1,NA,9,0.74977,2006,7,4
ESP-01,477,18.6,11,0.515,2006,7,4
ESP-01,478,31.9,14,0.52,2006,7,4
ESP-01,479,15.4,12.5,0.56,2006,7,4
ESP-01,480,12.7,8.25,0.65,2006,7,4
ESP-01,481,11,NA,0.74977,2006,7,4
ESP-01,482,31.4,14,0.52,2006,7,4
ESP-01,483,22.7,16,0.52,2006,7,4
ESP-01,484,16.9,14,0.6,2006,7,4
ESP-01,485,19.3,NA,0.52,2006,7,4
ESP-01,486,22.7,13,0.515,2006,7,4
ESP-01,487,31.9,13,0.74977,2006,7,4
ESP-01,488,48.5,16,0.52,2006,7,4
ESP-01,489,15.6,NA,0.61785,2006,7,4
ESP-01,490,35.6,13,0.52,2006,7,4
ESP-01,490.1,NA,13,0.52,2006,7,4
ESP-01,491,21.2,16,0.52,2006,7,4
ESP-01,492,32.7,15.5,0.52,2006,7,4
ESP-01,492.1,NA,6,0.61785,2006,7,4
ESP-01,493,20.5,14,0.52,2006,7,4
ESP-01,494,24.3,13.5,0.52,2006,7,4
ESP-01,494.1,NA,11,0.52,2006,7,4
ESP-01,495,11.4,9,0.65,2006,7,4
ESP-01,496,19.3,13,0.52,2006,7,4
ESP-01,497,36.6,12.5,0.52,2006,7,4
ESP-01,497.1,NA,9.75,0.52,2006,7,4
ESP-01,497.2,NA,9.25,0.52,2006,7,4
ESP-01,498,19.5,7.75,0.515,2006,7,4
ESP-01,499,20,11,0.32,2006,7,4
ESP-01,499.1,NA,NA,0.56,2006,7,4
ESP-01,499.2,NA,6.5,0.56,2006,7,4
ESP-01,499.3,NA,NA,0.65,2006,7,4
ESP-01,499.4,NA,11,0.515,2006,7,4
ESP-01,500,17.5,11.5,0.503,2006,7,4
ESP-01,501,10,12,0.32,2006,7,4
ESP-01,502,11.6,11.5,0.503,2006,7,4
ESP-01,503,39.4,14.5,0.52,2006,7,4
ESP-01,503.1,NA,11,0.45,2006,7,4
ESP-01,504,24.5,15.5,0.52,2006,7,4
ESP-01,504.1,NA,4.8,0.52,2006,7,4
ESP-01,505,15.5,10.5,0.594,2006,7,4
ESP-01,506,20.1,13.5,0.56,2006,7,4
ESP-01,507,22.1,12,0.32,2006,7,4
ESP-01,507.1,NA,NA,0.49,2006,7,4
ESP-01,508,11.5,12.5,0.56,2006,7,4
ESP-01,509,28.9,7,0.52,2006,7,4
ESP-01,510,16.9,13.5,0.515,2006,7,4
ESP-01,511,17.9,12.5,0.61785,2006,7,4
ESP-01,512,16.4,14.5,0.52,2006,7,4
ESP-01,513,13.2,7.5,0.65,2006,7,4
ESP-01,514,11.2,9.5,0.465,2006,7,4
ESP-01,515,24,12,0.32,2006,7,4
ESP-01,516,38.2,13.5,0.52,2006,7,4
ESP-01,517,15.6,10,0.56,2006,7,4
ESP-01,518,32.3,13,0.515,2006,7,4
ESP-01,519,33.3,NA,0.52,2006,7,4
ESP-01,520,32.4,16,0.52,2006,7,4
ESP-01,521,10.5,10,0.515,2006,7,4
ESP-01,522,28.5,13.5,0.6,2006,7,4
ESP-01,523,10.1,NA,0.56,2006,7,4
ESP-01,524,43.2,13,0.45,2006,7,4
ESP-01,525,20.8,9.5,0.515,2006,7,4
ESP-01,526,10.5,8.5,0.45,2006,7,4
ESP-01,534.1,NA,14.5,0.52,2006,7,4
ESP-01,535.1,NA,11,0.74977,2006,7,4
ESP-01,545.1,NA,10.5,0.52,2006,7,4
ESP-01,527,12.5,10,0.56,2006,7,4
ESP-01,528,12.8,12,0.52,2006,7,4
ESP-01,529,32.4,13.5,0.52,2006,7,4
ESP-01,530,18,12.5,0.56,2006,7,4
ESP-01,531,20.5,11.5,0.52,2006,7,4
ESP-01,532,17.7,10.5,0.61785,2006,7,4
ESP-01,533,33.4,10.5,0.52,2006,7,4
ESP-01,534,29.1,NA,0.52,2006,7,4
ESP-01,535,18.8,11.5,0.385395,2006,7,4
ESP-01,536,11.1,8.5,0.515,2006,7,4
ESP-01,537,10.5,8.5,0.61785,2006,7,4
ESP-01,538,18.5,NA,0.594,2006,7,4
ESP-01,539,15.2,11.5,0.594,2006,7,4
ESP-01,539.1,NA,11,0.515,2006,7,4
ESP-01,540,13,11,0.515,2006,7,4
ESP-01,541,12.4,11.5,0.32,2006,7,4
ESP-01,542,11.5,11.5,0.52,2006,7,4
ESP-01,543,10.8,7,0.594,2006,7,4
ESP-01,544,23.5,14,0.52,2006,7,4
ESP-01,545,20.8,14.5,0.52,2006,7,4
ESP-01,546,15.5,14,0.52,2006,7,4
ESP-01,547,15.9,7.5,0.65,2006,7,4
ESP-01,548,16,10.5,0.465,2006,7,4
ESP-01,549,29.1,14,0.52,2006,7,4
ESP-01,550,17,13,0.52,2006,7,4
ESP-01,551,25.7,13,0.52,2006,7,4
ESP-01,551.1,NA,NA,0.61785,2006,7,4
ESP-01,552,29.2,15.5,0.52,2006,7,4
ESP-01,553,17.8,13.5,0.52,2006,7,4
ESP-01,554,11.8,11.5,0.52,2006,7,4
ESP-01,555,10.8,9.5,0.52,2006,7,4
ESP-01,556,20.1,14,0.52,2006,7,4
ESP-01,557,13.5,11,0.52,2006,7,4
ESP-01,558,18.1,12.5,0.52,2006,7,4
ESP-01,559,19.6,13,0.385395,2006,7,4
ESP-01,560,16.3,13,0.465,2006,7,4
ESP-01,561,21.2,13.5,0.74977,2006,7,4
ESP-01,562,19.8,11,0.515,2006,7,4
ESP-01,563,30.7,14,0.52,2006,7,4
ESP-01,564,20.3,16.5,0.52,2006,7,4
ESP-01,565,15,14,0.52,2006,7,4
ESP-01,565.1,NA,7.5,0.45,2006,7,4
ESP-01,566,16.7,14.5,0.52,2006,7,4
ESP-01,567,12.2,9.25,0.65,2006,7,4
ESP-01,568,27.5,16,0.52,2006,7,4
ESP-01,568.1,NA,5.5,0.52,2006,7,4
ESP-01,568.2,NA,11.5,0.610052842,2006,7,4
ESP-01,569,35.3,13,0.6,2006,7,4
ESP-01,570,36.1,15,0.52,2006,7,4
ESP-01,571,11.1,12.5,0.515,2006,7,4
ESP-01,572,30.8,12,0.52,2006,7,4
ESP-01,573,24.6,11,0.52,2006,7,4
ESP-01,574,40.2,NA,0.6,2006,7,4
ESP-01,575,23.8,17.5,0.6,2006,7,4
ESP-01,576,25.5,15,0.74977,2006,7,4
ESP-01,577,13,9,0.515,2006,7,4
ESP-01,578,12,NA,0.52,2006,7,4
ESP-01,579,15.1,10.5,0.74977,2006,7,4
ESP-01,580,26.1,11.5,0.6,2006,7,4
ESP-01,581,11.4,8,0.425,2006,7,4
ESP-01,582,19.9,15,0.52,2006,7,4
ESP-01,583,15.8,10,0.45,2006,7,4
ESP-01,584,10.1,11.5,0.61785,2006,7,4
ESP-01,585,14.1,8.5,0.515,2006,7,4
ESP-01,586,34.2,12.5,0.52,2006,7,4
ESP-01,587,22.5,13,0.52,2006,7,4
ESP-01,588,18.2,15.5,0.74977,2006,7,4
ESP-01,588.1,NA,12,0.61785,2006,7,4
ESP-01,589,12.3,10,0.65,2006,7,4
ESP-01,590,13.3,16.5,0.52,2006,7,4
ESP-01,591,34.8,18,0.45,2006,7,4
ESP-01,592,41.2,14.5,0.6,2006,7,4
ESP-01,593,14.4,12.5,0.45,2006,7,4
ESP-01,594,44.4,NA,0.6,2006,7,4
ESP-01,595,35.8,13,0.52,2006,7,4
ESP-01,596,10.1,15,0.52,2006,7,4
ESP-01,597,20.6,12,0.56,2006,7,4
ESP-01,598,16.2,NA,0.61785,2006,7,4
ESP-01,599,12.4,12,0.515,2006,7,4
ESP-01,600,20.1,13.5,0.515,2006,7,4
ESP-01,601,15.9,9.5,0.52,2006,7,4
ESP-01,601.1,NA,3,0.65,2006,7,4
ESP-01,602,15.9,11,0.32,2006,7,4
ESP-01,603,18.1,13,0.52,2006,7,4
ESP-01,604,10.1,5.5,0.65,2006,7,4
ESP-01,604.1,NA,7.75,0.65,2006,7,4
ESP-01,605,12.9,10,0.52,2006,7,4
ESP-01,606,15.4,8.5,0.74977,2006,7,4
ESP-01,606.11,NA,9,0.45,2006,7,4
ESP-01,607,13,14.5,0.56,2006,7,4
ESP-01,608,11.4,13,0.52,2006,7,4
ESP-01,609,12.5,11.5,0.52,2006,7,4
ESP-01,610,10.9,7.5,0.56,2006,7,4
ESP-01,611,35.1,13.5,0.52,2006,7,4
ESP-01,612,15.8,17.5,0.52,2006,7,4
ESP-01,613,12.8,11,0.45,2006,7,4
ESP-01,614,12.12,8.5,0.65,2006,7,4
ESP-01,615,16.3,8.5,0.45,2006,7,4
ESP-01,616,23.2,17,0.52,2006,7,4
ESP-01,617,23.4,12.5,0.594,2006,7,4
ESP-01,618,28.5,NA,0.6,2006,7,4
ESP-01,619,15.9,12,0.49,2006,7,4
ESP-01,620,22.8,11,0.52,2006,7,4
ESP-01,620.1,NA,12,0.49,2006,7,4
ESP-01,621,14.5,NA,0.52,2006,7,4
ESP-01,622,12.1,6.5,0.65,2006,7,4
ESP-01,623,14.5,13.5,0.32,2006,7,4
ESP-01,624,20.913,13.5,0.515,2006,7,4
ESP-01,625,11.3,11,0.52,2006,7,4
ESP-01,606.1,NA,9,0.52,2006,7,4
ESP-01,626,24.7,12.5,0.52,2006,7,4
ESP-01,627,26,16.5,0.52,2006,7,4
ESP-01,627.1,NA,8.5,0.61785,2006,7,4
ESP-01,627.2,NA,12,0.61785,2006,7,4
ESP-01,627.3,NA,11,0.65,2006,7,4
ESP-01,628,24.5,14,0.52,2006,7,4
ESP-01,628.1,NA,12,0.52,2006,7,4
ESP-01,629,19.2,12.5,0.52,2006,7,4
ESP-01,630,20.6,14.5,0.52,2006,7,4
ESP-01,631,11,NA,0.52,2006,7,4
ESP-01,632,17,11,0.6,2006,7,4
ESP-01,633,10.1,8,0.56,2006,7,4
ESP-01,634,22.5,14,0.52,2006,7,4
ESP-01,635,25,NA,0.74977,2006,7,4
ESP-01,636,13.5,8.5,0.52,2006,7,4
ESP-01,637,12.5,6.5,0.65,2006,7,4
ESP-01,638,16.5,9.5,0.6,2006,7,4
ESP-01,639,16,10,0.515,2006,7,4
ESP-01,639.1,NA,10,0.52,2006,7,4
ESP-01,639.2,NA,11,0.52,2006,7,4
ESP-01,639.3,NA,9.5,0.52,2006,7,4
ESP-01,640,14.1,12,0.32,2006,7,4
ESP-01,640.1,NA,NA,0.52,2006,7,4
ESP-01,641,26.5,14.5,0.6,2006,7,4
ESP-01,641.1,NA,11,0.6,2006,7,4
ESP-01,642,24,11.5,0.52,2006,7,4
ESP-01,643,14.5,NA,0.61785,2006,7,4
ESP-01,644,20.1,9.5,0.594,2006,7,4
ESP-01,645,19.2,14,0.49,2006,7,4
ESP-01,645.1,NA,13.5,0.61785,2006,7,4
ESP-01,646,18.2,12.5,0.61785,2006,7,4
ESP-01,646.1,NA,9,0.61785,2006,7,4
ESP-01,647,23.7,14,0.52,2006,7,4
ESP-01,648,12.1,8,0.52,2006,7,4
ESP-01,649,16.2,8.5,0.65,2006,7,4
ESP-01,650,18.5,10,0.52,2006,7,4
ESP-01,651,21.2,12,0.6,2006,7,4
ESP-01,652,19.8,15,0.52,2006,7,4
ESP-01,653,10.9,15,0.52,2006,7,4
ESP-01,654,16.9,10,0.515,2006,7,4
ESP-01,655,19.4,11.5,0.515,2006,7,4
ESP-01,656,33.2,14,0.594,2006,7,4
ESP-01,657,35,18,0.52,2006,7,4
ESP-01,658,10.2,9,0.61785,2006,7,4
ESP-01,659,14,8,0.61785,2006,7,4
ESP-01,660,12,19,0.709,2006,7,4
ESP-01,661,23.6,10,0.52,2006,7,4
ESP-01,662,12.7,8.5,0.465,2006,7,4
ESP-01,663,17.6,10,0.52,2006,7,4
ESP-01,664,32,11.5,0.503,2006,7,4
ESP-01,665,13.7,9,0.6,2006,7,4
ESP-01,666,12.7,11,0.515,2006,7,4
ESP-01,667,12.4,11.5,0.49,2006,7,4
ESP-01,668,11.5,11.5,0.515,2006,7,4
ESP-01,669,16.1,12,0.515,2006,7,4
ESP-01,670,19.8,11,0.52,2006,7,4
ESP-01,671,26.5,NA,0.6,2006,7,4
ESP-01,672,17.6,13,0.515,2006,7,4
ESP-01,672.1,NA,10,0.49,2006,7,4
ESP-01,672.2,NA,9.5,0.709,2006,7,4
ESP-01,673,19.5,NA,0.515,2006,7,4
ESP-01,674,22.5,10.5,0.32,2006,7,4
ESP-01,675,17.9,11,0.74977,2006,7,4
ESP-01,676,18.1,15,0.52,2006,7,4
ESP-01,677,11,12.5,0.74977,2006,7,4
ESP-01,678,12.5,13,0.61785,2006,7,4
ESP-01,679,17.5,11,0.74977,2006,7,4
ESP-01,680,17.2,13.5,0.74977,2006,7,4
ESP-01,681,10.7,16,0.61785,2006,7,4
ESP-01,682,29,10.5,0.465,2006,7,4
ESP-01,683,25.7,11,0.6,2006,7,4
ESP-01,684,13,NA,0.65,2006,7,4
ESP-01,685,28.8,14,0.52,2006,7,4
ESP-01,686,11.3,11,0.56,2006,7,4
ESP-01,687,11.7,7.5,0.52,2006,7,4
ESP-01,688,18.1,NA,0.61785,2006,7,4
ESP-01,689,15.5,10,0.52,2006,7,4
ESP-01,689.1,NA,11,0.52,2006,7,4
ESP-01,690,10.6,8.5,0.65,2006,7,4
ESP-01,691,27.8,15,0.52,2006,7,4
ESP-01,692,10.8,8,0.5925,2006,7,4
ESP-01,692.1,NA,13,0.610052842,2006,7,4
ESP-01,693,23.6,16.5,0.52,2006,7,4
ESP-01,694,13.9,13.5,0.49,2006,7,4
ESP-01,695,18,14,0.65,2006,7,4
ESP-01,696,13.6,NA,0.465,2006,7,4
ESP-01,697,44.2,17,0.52,2006,7,4
ESP-01,698,20.7,10.5,0.6,2006,7,4
ESP-01,698.1,NA,18,0.65,2006,7,4
ESP-01,699,16.2,NA,0.74977,2006,7,4
ESP-01,700,22,7.5,0.52,2006,7,4
ESP-01,701,12,8.5,0.65,2006,7,4
ESP-01,702,41.2,20,0.52,2006,7,4
ESP-01,703,18.1,11,0.52,2006,7,4
ESP-01,704,11,11.5,0.65,2006,7,4
ESP-01,705,38.8,11.5,0.52,2006,7,4
ESP-01,706,34.6,14,0.45,2006,7,4
ESP-01,707,10.2,8.5,0.56,2006,7,4
ESP-01,708,20.3,16.5,0.52,2006,7,4
ESP-01,709,11.8,NA,0.65,2006,7,4
ESP-01,709.1,NA,NA,0.65,2006,7,4
ESP-01,710,14,NA,0.45,2006,7,4
ESP-01,711,NA,NA,0.65,2006,7,4
ESP-01,1,35.4,13.5,0.6,2010,1,25
ESP-01,2,13.8,10.5,0.52,2010,1,25
ESP-01,2.1,NA,14.5,0.6,2010,1,25
ESP-01,2.2,NA,14,0.6,2010,1,25
ESP-01,3,13.3,11,0.61785,2010,1,25
ESP-01,4,40.8,15,0.6,2010,1,25
ESP-01,5,14.8,6.5,0.65,2010,1,25
ESP-01,6,24,8.5,0.52,2010,1,25
ESP-01,6.1,NA,11.5,0.52,2010,1,25
ESP-01,7,11.4,8,0.61785,2010,1,25
ESP-01,8,14.2,10,0.74977,2010,1,25
ESP-01,9,21.2,8,0.52,2010,1,25
ESP-01,10,14,8.5,0.65,2010,1,25
ESP-01,11,11.4,9,0.65,2010,1,25
ESP-01,12,14.8,12,0.52,2010,1,25
ESP-01,13,16.5,12,0.61785,2010,1,25
ESP-01,14,16.6,13,0.6,2010,1,25
ESP-01,15,17.8,13.5,0.6,2010,1,25
ESP-01,15.1,NA,10,0.65,2010,1,25
ESP-01,16,14,13,0.6,2010,1,25
ESP-01,16.1,NA,11.5,0.52,2010,1,25
ESP-01,17,14.4,12,0.52,2010,1,25
ESP-01,18,11.3,10.5,0.594,2010,1,25
ESP-01,19,NA,NA,0.61785,2010,1,25
ESP-01,20,31.8,13,0.6,2010,1,25
ESP-01,21,10.7,11.5,0.565,2010,1,25
ESP-01,22,16.1,11,0.709,2010,1,25
ESP-01,23,15.1,12,0.6,2010,1,25
ESP-01,24,17,12.5,0.65,2010,1,25
ESP-01,25,12,9,0.6,2010,1,25
ESP-01,26,23.2,13.5,0.74977,2010,1,25
ESP-01,27,24.8,12,0.74977,2010,1,25
ESP-01,28,28.4,14,0.6,2010,1,25
ESP-01,28.1,NA,13.5,0.65,2010,1,25
ESP-01,29,17.3,14,0.74977,2010,1,25
ESP-01,30,12,8,0.74977,2010,1,25
ESP-01,31,25.3,12,0.6,2010,1,25
ESP-01,32,12.5,7.5,0.594,2010,1,25
ESP-01,32.1,NA,10,0.515,2010,1,25
ESP-01,33,33.8,15.5,0.52,2010,1,25
ESP-01,34,18.5,12.5,0.74977,2010,1,25
ESP-01,35,13.2,9.5,0.594,2010,1,25
ESP-01,36,13.4,12,0.594,2010,1,25
ESP-01,37,14.4,11.5,0.54,2010,1,25
ESP-01,38,16.2,11,0.6,2010,1,25
ESP-01,39,17.5,12,0.32,2010,1,25
ESP-01,40,40,17.5,0.52,2010,1,25
ESP-01,41,12.4,9,0.6,2010,1,25
ESP-01,42,13,7.5,0.32,2010,1,25
ESP-01,43,16.5,13,0.52,2010,1,25
ESP-01,44,18.8,16,0.594,2010,1,25
ESP-01,45,20.1,15,0.6,2010,1,25
ESP-01,45.1,NA,15,0.65,2010,1,25
ESP-01,46,16.4,13.5,0.49,2010,1,25
ESP-01,47,14.7,11,0.565,2010,1,25
ESP-01,48,20.5,15,0.6,2010,1,25
ESP-01,49,23.3,13.5,0.49,2010,1,25
ESP-01,50,24.6,14.5,0.49,2010,1,25
ESP-01,51,29.4,16.5,0.52,2010,1,25
ESP-01,52,43.8,14,0.52,2010,1,25
ESP-01,53,15.6,11,0.515,2010,1,25
ESP-01,54,NA,NA,0.49,2010,1,25
ESP-01,54.1,NA,15.5,0.52,2010,1,25
ESP-01,55,32.7,14,0.52,2010,1,25
ESP-01,56,21.9,12.5,0.52,2010,1,25
ESP-01,57,12.9,12,0.52,2010,1,25
ESP-01,58,49.6,14.5,0.52,2010,1,25
ESP-01,59,26.2,13,0.32,2010,1,25
ESP-01,59.1,NA,7.5,0.709,2010,1,25
ESP-01,59.2,NA,2.75,0.65,2010,1,25
ESP-01,60,14.3,9.5,0.465,2010,1,25
ESP-01,61,14.4,12,0.594,2010,1,25
ESP-01,61.1,NA,11,0.709,2010,1,25
ESP-01,62,15.6,10.5,0.594,2010,1,25
ESP-01,63,41.8,12.5,0.74977,2010,1,25
ESP-01,63.1,NA,9.5,0.61785,2010,1,25
ESP-01,63.2,NA,3,0.65,2010,1,25
ESP-01,64,14.2,11.5,0.61785,2010,1,25
ESP-01,65,16.3,12,0.61785,2010,1,25
ESP-01,66,15.9,11,0.465,2010,1,25
ESP-01,67,15.5,9.5,0.61785,2010,1,25
ESP-01,68,14.1,NA,0.61785,2010,1,25
ESP-01,69,11.1,3,0.65,2010,1,25
ESP-01,70,11.8,3,0.65,2010,1,25
ESP-01,71,15.4,10.5,0.594,2010,1,25
ESP-01,72,24.5,13,0.52,2010,1,25
ESP-01,73,22.7,13.5,0.52,2010,1,25
ESP-01,74,14,10,0.61785,2010,1,25
ESP-01,75,11.2,9.5,0.515,2010,1,25
ESP-01,76,40,16,0.52,2010,1,25
ESP-01,77,44,16,0.6,2010,1,25
ESP-01,78,11.6,10,0.515,2010,1,25
ESP-01,79,10.6,8,0.515,2010,1,25
ESP-01,80,20.8,13.5,0.385395,2010,1,25
ESP-01,81,15.2,9,0.385395,2010,1,25
ESP-01,81.1,NA,6.75,0.65,2010,1,25
ESP-01,82,42,13.5,0.52,2010,1,25
ESP-01,83,11.4,6.5,0.65,2010,1,25
ESP-01,84,11.3,5,0.65,2010,1,25
ESP-01,85,17,12,0.385395,2010,1,25
ESP-01,86,15.8,11,0.74977,2010,1,25
ESP-01,87,25.8,15,0.52,2010,1,25
ESP-01,87.1,NA,2.5,0.65,2010,1,25
ESP-01,88,43.9,14.5,0.52,2010,1,25
ESP-01,89,14.9,12,0.565,2010,1,25
ESP-01,90,23.4,16.5,0.52,2010,1,25
ESP-01,91,20.1,14,0.52,2010,1,25
ESP-01,92,23.7,13,0.52,2010,1,25
ESP-01,93,23.1,14.5,0.52,2010,1,25
ESP-01,94,21.7,11,0.61785,2010,1,25
ESP-01,95,39.2,15,0.52,2010,1,25
ESP-01,96,11.5,4.5,0.65,2010,1,25
ESP-01,97,39.1,16,0.52,2010,1,25
ESP-01,98,17.5,11.5,0.515,2010,1,25
ESP-01,99,13.2,9.5,0.56,2010,1,25
ESP-01,100,14.5,3.25,0.65,2010,1,25
ESP-01,101,13,8.5,0.665166667,2010,1,25
ESP-01,102,19.8,11.5,0.74977,2010,1,25
ESP-01,103,18.8,11.5,0.56,2010,1,25
ESP-01,104,23.3,18,0.52,2010,1,25
ESP-01,105,15.8,12.5,0.685219,2010,1,25
ESP-01,105.1,NA,12,0.65,2010,1,25
ESP-01,106,17,11,0.515,2010,1,25
ESP-01,107,16.3,11,0.515,2010,1,25
ESP-01,108,35.6,17,0.52,2010,1,25
ESP-01,109,43.5,18,0.52,2010,1,25
ESP-01,110,12.3,11,0.61785,2010,1,25
ESP-01,111,19,11.5,0.385395,2010,1,25
ESP-01,112,19.9,13,0.515,2010,1,25
ESP-01,113,12.8,9,0.665166667,2010,1,25
ESP-01,114,16.7,12.5,0.565,2010,1,25
ESP-01,115,31.3,15,0.52,2010,1,25
ESP-01,116,16.4,14.5,0.594,2010,1,25
ESP-01,117,36.3,14,0.52,2010,1,25
ESP-01,118,11.1,11,0.61785,2010,1,25
ESP-01,119,44,18.5,0.6,2010,1,25
ESP-01,120,22.8,17,0.52,2010,1,25
ESP-01,121,15.9,13.5,0.49,2010,1,25
ESP-01,122,29.1,17.5,0.52,2010,1,25
ESP-01,123,NA,NA,0.52,2010,1,25
ESP-01,124,13.8,13.5,0.52,2010,1,25
ESP-01,125,NA,NA,0.52,2010,1,25
ESP-01,126,40.4,17.5,0.52,2010,1,25
ESP-01,127,12,9.5,0.515,2010,1,25
ESP-01,127.1,NA,7.5,0.503,2010,1,25
ESP-01,128,21,16.5,0.52,2010,1,25
ESP-01,129,22.5,15.5,0.52,2010,1,25
ESP-01,130,NA,NA,0.52,2010,1,25
ESP-01,131,22.4,15.5,0.52,2010,1,25
ESP-01,131.1,NA,4.5,0.52,2010,1,25
ESP-01,132,14.4,12,0.61785,2010,1,25
ESP-01,132.1,NA,11,0.61785,2010,1,25
ESP-01,132.2,NA,11.5,0.65,2010,1,25
ESP-01,133,15.3,12.5,0.52,2010,1,25
ESP-01,134,14.8,11.5,0.503,2010,1,25
ESP-01,135,10.8,9.5,0.515,2010,1,25
ESP-01,136,30.2,15.5,0.503,2010,1,25
ESP-01,137,10.8,9,0.56,2010,1,25
ESP-01,137.1,NA,8.5,0.45,2010,1,25
ESP-01,137.2,NA,8,0.515,2010,1,25
ESP-01,137.3,NA,7.5,0.45,2010,1,25
ESP-01,138,21.1,15.5,0.45,2010,1,25
ESP-01,139,14.5,NA,0.56,2010,1,25
ESP-01,139.1,NA,NA,0.4574628,2010,1,25
ESP-01,139.2,NA,9,0.61785,2010,1,25
ESP-01,140,19.5,14.5,0.594,2010,1,25
ESP-01,141,23.9,14.5,0.6,2010,1,25
ESP-01,142,10.7,9.5,0.61785,2010,1,25
ESP-01,143,14.4,12.5,0.49,2010,1,25
ESP-01,143.1,NA,12.5,0.515,2010,1,25
ESP-01,144,115.9,13.5,0.425,2010,1,25
ESP-01,144.1,NA,11,0.52,2010,1,25
ESP-01,144.2,NA,10,0.61785,2010,1,25
ESP-01,144.3,NA,7.5,0.61785,2010,1,25
ESP-01,145,14.3,15,0.61785,2010,1,25
ESP-01,146,NA,NA,0.74977,2010,1,25
ESP-01,147,25.6,14.5,0.52,2010,1,25
ESP-01,148,NA,NA,0.49,2010,1,25
ESP-01,149,NA,NA,0.61785,2010,1,25
ESP-01,150,22.7,14,0.503,2010,1,25
ESP-01,151,21.3,9,0.515,2010,1,25
ESP-01,152,23.6,13.5,0.503,2010,1,25
ESP-01,153,25.3,15,0.52,2010,1,25
ESP-01,154,16.3,8,0.56,2010,1,25
ESP-01,155,14.1,13,0.52,2010,1,25
ESP-01,156,11.1,6.5,0.61785,2010,1,25
ESP-01,157,12.3,12.5,0.61785,2010,1,25
ESP-01,158,18.6,14.5,0.52,2010,1,25
ESP-01,159,24.5,17,0.52,2010,1,25
ESP-01,160,15.7,9,0.56,2010,1,25
ESP-01,161,18.9,14,0.49,2010,1,25
ESP-01,162,35.7,15.5,0.52,2010,1,25
ESP-01,163,28.7,15.5,0.6,2010,1,25
ESP-01,164,26.7,14.5,0.52,2010,1,25
ESP-01,165,15.4,15.5,0.594,2010,1,25
ESP-01,166,19.4,18,0.52,2010,1,25
ESP-01,167,29.5,17,0.52,2010,1,25
ESP-01,168,NA,NA,0.49,2010,1,25
ESP-01,169,26,17.5,0.52,2010,1,25
ESP-01,170,19.4,11,0.49,2010,1,25
ESP-01,171,20.8,10,0.61785,2010,1,25
ESP-01,172,18.6,11.5,0.49,2010,1,25
ESP-01,173,20.6,11,0.74977,2010,1,25
ESP-01,174,25.2,16,0.425,2010,1,25
ESP-01,175,16.3,14,0.61785,2010,1,25
ESP-01,176,13.3,13,0.61785,2010,1,25
ESP-01,177,24.4,NA,0.49,2010,1,25
ESP-01,178,16.1,11,0.61785,2010,1,25
ESP-01,179,14.2,9.5,0.49,2010,1,25
ESP-01,180,16.4,10,0.74977,2010,1,25
ESP-01,181,23,11.5,0.61785,2010,1,25
ESP-01,182,12.9,6,0.65,2010,1,25
ESP-01,183,17.2,15.5,0.52,2010,1,25
ESP-01,184,13.1,14,0.52,2010,1,25
ESP-01,185,22.5,15,0.49,2010,1,25
ESP-01,186,20.3,16,0.52,2010,1,25
ESP-01,187,19.8,14.5,0.515,2010,1,25
ESP-01,188,NA,NA,0.6,2010,1,25
ESP-01,189,15.4,15.5,0.61785,2010,1,25
ESP-01,190,19.5,13,0.52,2010,1,25
ESP-01,190.1,NA,11,0.52,2010,1,25
ESP-01,190.2,NA,9.5,0.45,2010,1,25
ESP-01,191,17.8,13,0.52,2010,1,25
ESP-01,192,15.8,8.5,0.74977,2010,1,25
ESP-01,193,13.8,8,0.594,2010,1,25
ESP-01,194,NA,NA,0.56,2010,1,25
ESP-01,195,12.5,8.5,0.515,2010,1,25
ESP-01,196,11,8,0.74977,2010,1,25
ESP-01,197,12.8,12,0.709,2010,1,25
ESP-01,198,NA,NA,0.61785,2010,1,25
ESP-01,199,33.3,15.5,0.6,2010,1,25
ESP-01,200,17.8,12,0.74977,2010,1,25
ESP-01,201,NA,NA,0.6,2010,1,25
ESP-01,202,21,13,0.594,2010,1,25
ESP-01,117.1,NA,12,0.65,2010,1,25
ESP-01,203,12,11.5,0.74977,2010,1,25
ESP-01,204,16.4,11.5,0.594,2010,1,25
ESP-01,205,13.5,11.5,0.74977,2010,1,25
ESP-01,206,11.2,8,0.515,2010,1,25
ESP-01,207,NA,NA,0.74977,2010,1,25
ESP-01,208,NA,NA,0.594,2010,1,25
ESP-01,209,25.8,15,0.425,2010,1,25
ESP-01,210,16.8,13.5,0.32,2010,1,25
ESP-01,211,14.6,11,0.515,2010,1,25
ESP-01,212,NA,NA,0.6,2010,1,25
ESP-01,213,11.1,9.5,0.74977,2010,1,25
ESP-01,214,16.6,9.5,0.6,2010,1,25
ESP-01,215,17.3,11.5,0.503,2010,1,25
ESP-01,216,29.4,16.5,0.515,2010,1,25
ESP-01,217,18.9,10.5,0.49,2010,1,25
ESP-01,218,26.5,14.5,0.52,2010,1,25
ESP-01,219,18.4,14,0.52,2010,1,25
ESP-01,220,21.6,14,0.74977,2010,1,25
ESP-01,221,18.2,10.5,0.52,2010,1,25
ESP-01,222,NA,10.5,0.594,2010,1,25
ESP-01,223,11.5,5,0.515,2010,1,25
ESP-01,224,15.7,11.5,0.52,2010,1,25
ESP-01,225,15.2,10.5,0.74977,2010,1,25
ESP-01,225.1,NA,11,0.709,2010,1,25
ESP-01,226,NA,NA,0.6,2010,1,25
ESP-01,227,18.4,12.5,0.594,2010,1,25
ESP-01,228,NA,NA,0.594,2010,1,25
ESP-01,229,13.5,7,0.74977,2010,1,25
ESP-01,230,13.5,NA,0.61785,2010,1,25
ESP-01,231,19.8,7,0.52,2010,1,25
ESP-01,231.1,NA,7,0.65,2010,1,25
ESP-01,232,14.2,8,0.74977,2010,1,25
ESP-01,233,14.2,13,0.74977,2010,1,25
ESP-01,234,25.7,13,0.32,2010,1,25
ESP-01,234.1,NA,10.5,0.6,2010,1,25
ESP-01,234.2,NA,8,0.52,2010,1,25
ESP-01,235,14,11.5,0.74977,2010,1,25
ESP-01,235.1,NA,12,0.74977,2010,1,25
ESP-01,236,14.5,10.5,0.594,2010,1,25
ESP-01,237,17.2,12,0.594,2010,1,25
ESP-01,238,43,14.5,0.6,2010,1,25
ESP-01,239,18.9,12.5,0.498,2010,1,25
ESP-01,240,28.4,13.5,0.65,2010,1,25
ESP-01,241,11.4,9,0.61785,2010,1,25
ESP-01,242,13.1,9.5,0.594,2010,1,25
ESP-01,243,14.9,11,0.594,2010,1,25
ESP-01,244,13.1,6.5,0.65,2010,1,25
ESP-01,245,16.7,11.5,0.74977,2010,1,25
ESP-01,246,13,9.5,0.45,2010,1,25
ESP-01,246.1,NA,10.5,0.61785,2010,1,25
ESP-01,247,27.1,11,0.52,2010,1,25
ESP-01,247.1,NA,11,0.49,2010,1,25
ESP-01,247.2,NA,9.5,0.49,2010,1,25
ESP-01,248,18.5,8.5,0.52,2010,1,25
ESP-01,249,18.6,12,0.49,2010,1,25
ESP-01,250,15.8,10.75,0.49,2010,1,25
ESP-01,251,31.1,12,0.6,2010,1,25
ESP-01,252,14.8,11,0.74977,2010,1,25
ESP-01,253,18,10,0.594,2010,1,25
ESP-01,254,13.5,12.5,0.594,2010,1,25
ESP-01,255,14.6,8.5,0.594,2010,1,25
ESP-01,256,14.4,9.5,0.515,2010,1,25
ESP-01,257,19.9,11,0.49,2010,1,25
ESP-01,257.1,NA,11,0.49,2010,1,25
ESP-01,258,29.6,12.5,0.52,2010,1,25
ESP-01,259,20.2,13,0.594,2010,1,25
ESP-01,260,12.2,12.5,0.32,2010,1,25
ESP-01,261,18.2,11.5,0.49,2010,1,25
ESP-01,262,10.8,11.5,0.594,2010,1,25
ESP-01,262.2,NA,8,0.49,2010,1,25
ESP-01,263,27.5,13.5,0.74977,2010,1,25
ESP-01,264,17.2,12.5,0.594,2010,1,25
ESP-01,265,14.8,14,0.594,2010,1,25
ESP-01,266,23,11,0.52,2010,1,25
ESP-01,266.1,NA,13,0.49,2010,1,25
ESP-01,267,17.7,14.5,0.61785,2010,1,25
ESP-01,268,13.1,10.5,0.52,2010,1,25
ESP-01,268.1,NA,11,0.65,2010,1,25
ESP-01,269,28.5,14.5,0.74977,2010,1,25
ESP-01,269.1,NA,10,0.52,2010,1,25
ESP-01,270,11.8,14,0.74977,2010,1,25
ESP-01,271,17.5,12.5,0.52,2010,1,25
ESP-01,272,17.2,15,0.52,2010,1,25
ESP-01,273,14.7,12.5,0.52,2010,1,25
ESP-01,274,29,14.5,0.52,2010,1,25
ESP-01,275,20.4,12,0.6,2010,1,25
ESP-01,275.1,NA,11,0.65,2010,1,25
ESP-01,276,17.8,11,0.515,2010,1,25
ESP-01,277,27.8,12.5,0.52,2010,1,25
ESP-01,278,17.3,12,0.515,2010,1,25
ESP-01,278.1,NA,12.5,0.61785,2010,1,25
ESP-01,279,14.3,11.5,0.515,2010,1,25
ESP-01,279.1,NA,13.5,0.61785,2010,1,25
ESP-01,280,19.3,11.5,0.6,2010,1,25
ESP-01,281,26.3,12.5,0.6,2010,1,25
ESP-01,282,20.3,14,0.6,2010,1,25
ESP-01,282.1,NA,13,0.4574628,2010,1,25
ESP-01,283,17.3,13,0.594,2010,1,25
ESP-01,284,23.5,14.5,0.52,2010,1,25
ESP-01,285,27.7,12,0.425,2010,1,25
ESP-01,286,33.8,10.5,0.6,2010,1,25
ESP-01,287,18.5,14.5,0.74977,2010,1,25
ESP-01,288,16,10,0.49,2010,1,25
ESP-01,289,18,9,0.74977,2010,1,25
ESP-01,290,NA,NA,0.446876111,2010,1,25
ESP-01,291,24,9.25,0.385395,2010,1,25
ESP-01,292,15.3,9.5,0.61785,2010,1,25
ESP-01,293,18.7,9.5,0.6,2010,1,25
ESP-01,293.1,NA,6.5,0.6,2010,1,25
ESP-01,287.1,NA,14,0.52,2010,1,25
ESP-01,294,32.1,13,0.61785,2010,1,25
ESP-01,295,31,9.5,0.52,2010,1,25
ESP-01,296,41.7,12.5,0.52,2010,1,25
ESP-01,297,18.6,8,0.5925,2010,1,25
ESP-01,298,12.9,10,0.385395,2010,1,25
ESP-01,299,10.9,NA,0.49,2010,1,25
ESP-01,300,16.7,12,0.52,2010,1,25
ESP-01,301,15,6.5,0.65,2010,1,25
ESP-01,302,23,10,0.56,2010,1,25
ESP-01,303,15.5,5.5,0.52,2010,1,25
ESP-01,304,16.6,12,0.5925,2010,1,25
ESP-01,305,14,11.5,0.709,2010,1,25
ESP-01,306,17.1,14,0.52,2010,1,25
ESP-01,307,10.8,8,0.56,2010,1,25
ESP-01,308,11.3,10,0.52,2010,1,25
ESP-01,309,14.8,10,0.465,2010,1,25
ESP-01,310,11.5,11,0.54,2010,1,25
ESP-01,310.1,NA,9,0.61785,2010,1,25
ESP-01,311,17.8,13,0.6,2010,1,25
ESP-01,312,14.8,8,0.515,2010,1,25
ESP-01,312.1,NA,6,0.65,2010,1,25
ESP-01,312.2,NA,11,0.65,2010,1,25
ESP-01,312.3,NA,12.5,0.65,2010,1,25
ESP-01,313,19.4,13,0.52,2010,1,25
ESP-01,314,19.9,11.5,0.52,2010,1,25
ESP-01,315,18.1,11,0.61785,2010,1,25
ESP-01,316,16.9,12,0.709,2010,1,25
ESP-01,317,21.7,11.5,0.594,2010,1,25
ESP-01,318,13.2,8,0.594,2010,1,25
ESP-01,319,15.1,9.5,0.32,2010,1,25
ESP-01,320,10.8,15.5,0.5925,2010,1,25
ESP-01,321,14,7.5,0.52,2010,1,25
ESP-01,322,14.2,NA,0.6,2010,1,25
ESP-01,323,19.2,12.5,0.6,2010,1,25
ESP-01,324,20.4,9.5,0.52,2010,1,25
ESP-01,324.1,NA,10.5,0.65,2010,1,25
ESP-01,325,10.1,8,0.52,2010,1,25
ESP-01,326,17.7,10,0.75575,2010,1,25
ESP-01,327,16.8,8,0.52,2010,1,25
ESP-01,328,26,12.5,0.6,2010,1,25
ESP-01,328.1,NA,NA,0.6,2010,1,25
ESP-01,329,18.9,10,0.6,2010,1,25
ESP-01,330,11.4,7,0.465,2010,1,25
ESP-01,331,22.7,8.5,0.6,2010,1,25
ESP-01,332,13.4,7,0.709,2010,1,25
ESP-01,333,10.9,9,0.594,2010,1,25
ESP-01,334,12,7.5,0.65,2010,1,25
ESP-01,335,10.1,6,0.503,2010,1,25
ESP-01,336,11.7,9.5,0.45,2010,1,25
ESP-01,337,20,10.5,0.6,2010,1,25
ESP-01,337.1,NA,8,0.6,2010,1,25
ESP-01,337.2,NA,10,0.65,2010,1,25
ESP-01,338,17.6,10.5,0.503,2010,1,25
ESP-01,339,18.6,10.5,0.709,2010,1,25
ESP-01,340,11.6,NA,0.709,2010,1,25
ESP-01,341,14.2,9,0.52,2010,1,25
ESP-01,342,15.5,NA,0.6,2010,1,25
ESP-01,342.1,NA,11.5,0.648851869,2010,1,25
ESP-01,343,NA,NA,0.561,2010,1,25
ESP-01,344,13.3,10,0.465,2010,1,25
ESP-01,345,NA,NA,0.74977,2010,1,25
ESP-01,346,14.7,10,0.74977,2010,1,25
ESP-01,347,27.8,10,0.52,2010,1,25
ESP-01,348,22.2,8.5,0.6,2010,1,25
ESP-01,349,22,8,0.515,2010,1,25
ESP-01,350,15,8,0.6,2010,1,25
ESP-01,351,16.4,11.5,0.6,2010,1,25
ESP-01,352,11.6,10.5,0.32,2010,1,25
ESP-01,353,11,10,0.6,2010,1,25
ESP-01,354,11,10.5,0.52,2010,1,25
ESP-01,355,11.8,10.5,0.6,2010,1,25
ESP-01,355.1,NA,10,0.65,2010,1,25
ESP-01,356,10.6,7.5,0.52,2010,1,25
ESP-01,357,12.3,8,0.6,2010,1,25
ESP-01,358,19.6,10.5,0.6,2010,1,25
ESP-01,358.1,NA,9.5,0.6,2010,1,25
ESP-01,359,14.4,NA,0.6,2010,1,25
ESP-01,360,15.5,9.5,0.465,2010,1,25
ESP-01,361,31.5,10.5,0.6,2010,1,25
ESP-01,362,18.3,10.5,0.6,2010,1,25
ESP-01,363,NA,NA,0.561,2010,1,25
ESP-01,364,22,12,0.6,2010,1,25
ESP-01,365,12.2,9.5,0.6,2010,1,25
ESP-01,366,20,8,0.6,2010,1,25
ESP-01,367,NA,NA,0.49,2010,1,25
ESP-01,368,13.2,10.5,0.61785,2010,1,25
ESP-01,368.1,NA,11.5,0.65,2010,1,25
ESP-01,368.2,NA,9,0.52,2010,1,25
ESP-01,369,27.8,12,0.6,2010,1,25
ESP-01,370,11.4,11,0.74977,2010,1,25
ESP-01,371,23.6,10,0.74977,2010,1,25
ESP-01,372,16.4,13.5,0.498,2010,1,25
ESP-01,373,13.2,11.5,0.61785,2010,1,25
ESP-01,373.1,NA,12,0.65,2010,1,25
ESP-01,374,16.6,10,0.498,2010,1,25
ESP-01,375,27.2,10.5,0.52,2010,1,25
ESP-01,376,20.7,9.5,0.52,2010,1,25
ESP-01,377,16.2,11,0.74977,2010,1,25
ESP-01,377.1,NA,9,0.65,2010,1,25
ESP-01,377.2,NA,8.5,0.65,2010,1,25
ESP-01,378,12,6.5,0.515,2010,1,25
ESP-01,378.1,NA,10,0.74977,2010,1,25
ESP-01,380.1,NA,10,0.65,2010,1,25
ESP-01,379,11.6,8.5,0.446876111,2010,1,25
ESP-01,380,15.5,8.5,0.52,2010,1,25
ESP-01,380.2,NA,9,0.52,2010,1,25
ESP-01,381,35,10,0.52,2010,1,25
ESP-01,382,14.7,8.5,0.515,2010,1,25
ESP-01,383,13.2,8,0.594,2010,1,25
ESP-01,384,25.2,9.5,0.52,2010,1,25
ESP-01,385,13.7,9.5,0.6,2010,1,25
ESP-01,385.1,NA,9,0.515,2010,1,25
ESP-01,385.2,NA,10,0.52,2010,1,25
ESP-01,385.3,NA,10,0.446876111,2010,1,25
ESP-01,386,16.3,11,0.45,2010,1,25
ESP-01,387,11.4,9.5,0.52,2010,1,25
ESP-01,388,16.9,10.5,0.52,2010,1,25
ESP-01,389,34.6,11.5,0.52,2010,1,25
ESP-01,389.1,NA,9.5,0.6,2010,1,25
ESP-01,390,16.2,10,0.74977,2010,1,25
ESP-01,391,20.5,10,0.74977,2010,1,25
ESP-01,392,11.6,10,0.52,2010,1,25
ESP-01,392.1,NA,10,0.709,2010,1,25
ESP-01,392.2,NA,NA,0.446876111,2010,1,25
ESP-01,393,21.2,11.5,0.74977,2010,1,25
ESP-01,394,17,12,0.74977,2010,1,25
ESP-01,395,19.9,11.5,0.74977,2010,1,25
ESP-01,395.1,NA,9.5,0.6,2010,1,25
ESP-01,396,23.3,11.5,0.6,2010,1,25
ESP-01,397,18.4,10,0.6,2010,1,25
ESP-01,398,12.9,8.5,0.465,2010,1,25
ESP-01,398.1,NA,8.5,0.74977,2010,1,25
ESP-01,399,15.7,10.5,0.74977,2010,1,25
ESP-01,399.1,NA,11.5,0.49,2010,1,25
ESP-01,399.2,NA,NA,0.61785,2010,1,25
ESP-01,400,31.7,11.5,0.6,2010,1,25
ESP-01,401,24.3,11.5,0.49,2010,1,25
ESP-01,404.2,NA,8,0.6,2010,1,25
ESP-01,409.1,NA,9,0.52,2010,1,25
ESP-01,410.1,NA,12,0.74977,2010,1,25
ESP-01,411.1,NA,9.5,0.52,2010,1,25
ESP-01,411.2,NA,9,0.52,2010,1,25
ESP-01,402,13.7,NA,0.49,2010,1,25
ESP-01,403,20,11.5,0.6,2010,1,25
ESP-01,404,19.7,11,0.6,2010,1,25
ESP-01,404.1,NA,10,0.6,2010,1,25
ESP-01,405,NA,NA,0.446876111,2010,1,25
ESP-01,406,11.7,10.5,0.52,2010,1,25
ESP-01,407,14.3,11.5,0.6,2010,1,25
ESP-01,407.1,NA,9.5,0.515,2010,1,25
ESP-01,408,13.9,11.5,0.6,2010,1,25
ESP-01,409,21.7,11.5,0.6,2010,1,25
ESP-01,410,15.4,11,0.6,2010,1,25
ESP-01,410.2,NA,11.5,0.49,2010,1,25
ESP-01,411,19.9,13,0.6,2010,1,25
ESP-01,412,11.5,12,0.52,2010,1,25
ESP-01,413,12.3,11,0.6,2010,1,25
ESP-01,414,13.5,10.5,0.6,2010,1,25
ESP-01,414.1,NA,9.5,0.6,2010,1,25
ESP-01,414.2,NA,8.5,0.56,2010,1,25
ESP-01,414.3,NA,11,0.6,2010,1,25
ESP-01,415,17.7,12,0.74977,2010,1,25
ESP-01,416,12.7,10.5,0.52,2010,1,25
ESP-01,416.1,NA,7.5,0.52,2010,1,25
ESP-01,417,15.9,NA,0.6,2010,1,25
ESP-01,418,18.2,13.5,0.6,2010,1,25
ESP-01,418.1,NA,12,0.6,2010,1,25
ESP-01,419,17.5,9.5,0.594,2010,1,25
ESP-01,420,NA,NA,0.61785,2010,1,25
ESP-01,421,21.9,12.5,0.6,2010,1,25
ESP-01,422,22.7,12.5,0.6,2010,1,25
ESP-01,422.1,NA,11.5,0.6,2010,1,25
ESP-01,423,17.4,12,0.61785,2010,1,25
ESP-01,424,16.8,12.5,0.515,2010,1,25
ESP-01,424.1,NA,10.5,0.6,2010,1,25
ESP-01,425,24.3,10.5,0.6,2010,1,25
ESP-01,426,18.3,12.5,0.74977,2010,1,25
ESP-01,426.1,NA,11,0.74977,2010,1,25
ESP-01,427,17.7,12,0.594,2010,1,25
ESP-01,427.1,NA,9,0.45,2010,1,25
ESP-01,428,14.5,12.5,0.6,2010,1,25
ESP-01,428.1,NA,NA,0.65,2010,1,25
ESP-01,428.2,NA,12.5,0.6,2010,1,25
ESP-01,428.3,NA,9.5,0.65,2010,1,25
ESP-01,428.4,NA,12,0.6,2010,1,25
ESP-01,429,NA,NA,0.515,2010,1,25
ESP-01,430,25.7,10,0.52,2010,1,25
ESP-01,431,12.7,10.5,0.52,2010,1,25
ESP-01,432,17.9,11,0.515,2010,1,25
ESP-01,433,27,14,0.6,2010,1,25
ESP-01,433.1,NA,8,0.49,2010,1,25
ESP-01,434.1,NA,14,0.6,2010,1,25
ESP-01,434.2,NA,12.5,0.6,2010,1,25
ESP-01,434.3,NA,12.5,0.6,2010,1,25
ESP-01,438.1,NA,10,0.6,2010,1,25
ESP-01,438.2,NA,12,0.65,2010,1,25
ESP-01,438.3,NA,10,0.74977,2010,1,25
ESP-01,438.4,NA,9.5,0.6,2010,1,25
ESP-01,434,33,13.5,0.6,2010,1,25
ESP-01,435,18.3,14,0.6,2010,1,25
ESP-01,435.1,NA,8,0.610052842,2010,1,25
ESP-01,436,16.3,13,0.49,2010,1,25
ESP-01,437,19.9,12.5,0.6,2010,1,25
ESP-01,438,41.6,11.5,0.45,2010,1,25
ESP-01,439,18.5,9.5,0.49,2010,1,25
ESP-01,440,19.2,14.5,0.515,2010,1,25
ESP-01,441,23.9,12,0.32,2010,1,25
ESP-01,442,11.3,8.5,0.515,2010,1,25
ESP-01,443,17.7,12,0.61785,2010,1,25
ESP-01,444,25.5,14,0.52,2010,1,25
ESP-01,444.1,NA,12,0.52,2010,1,25
ESP-01,444.2,NA,9,0.49,2010,1,25
ESP-01,445,15.7,12.5,0.74977,2010,1,25
ESP-01,446,14.7,12.5,0.594,2010,1,25
ESP-01,447,34.7,13,0.6,2010,1,25
ESP-01,448,11.5,10.5,0.74977,2010,1,25
ESP-01,449,18.8,14,0.74977,2010,1,25
ESP-01,450,28.8,11.5,0.52,2010,1,25
ESP-01,451,15.2,12.5,0.61785,2010,1,25
ESP-01,452,17,11,0.52,2010,1,25
ESP-01,452.1,NA,11,0.52,2010,1,25
ESP-01,452.2,NA,10.5,0.61785,2010,1,25
ESP-01,453,24.3,12.5,0.594,2010,1,25
ESP-01,453.1,NA,9,0.56,2010,1,25
ESP-01,454,11.7,11.5,0.61785,2010,1,25
ESP-01,455,19.9,11,0.6,2010,1,25
ESP-01,456,22,10,0.515,2010,1,25
ESP-01,457,15.7,12,0.6,2010,1,25
ESP-01,458,47.3,12,0.6,2010,1,25
ESP-01,459,14.4,NA,0.515,2010,1,25
ESP-01,460,24.2,13,0.61785,2010,1,25
ESP-01,461,26.4,NA,0.52,2010,1,25
ESP-01,462,25.7,13,0.52,2010,1,25
ESP-01,463,14.5,12,0.61785,2010,1,25
ESP-01,464,18.8,13,0.74977,2010,1,25
ESP-01,465,NA,NA,0.709,2010,1,25
ESP-01,466,14,11,0.32,2010,1,25
ESP-01,467,19.2,12.5,0.74977,2010,1,25
ESP-01,468,30.1,15.5,0.6,2010,1,25
ESP-01,469,15.2,8.25,0.5925,2010,1,25
ESP-01,469.1,NA,11.5,0.709,2010,1,25
ESP-01,469.2,NA,13,0.6,2010,1,25
ESP-01,470,19.2,13,0.74977,2010,1,25
ESP-01,470.1,NA,6.5,0.65,2010,1,25
ESP-01,471,15,10.5,0.52,2010,1,25
ESP-01,472,27.5,12.5,0.52,2010,1,25
ESP-01,472.1,NA,13,0.52,2010,1,25
ESP-01,473,15.1,13,0.32,2010,1,25
ESP-01,473.1,NA,10.5,0.56,2010,1,25
ESP-01,474,16.2,11.5,0.61785,2010,1,25
ESP-01,475,17.9,14.5,0.52,2010,1,25
ESP-01,475.1,NA,12,0.52,2010,1,25
ESP-01,475.2,NA,13.5,0.52,2010,1,25
ESP-01,476,17.7,13,0.74977,2010,1,25
ESP-01,476.1,NA,9,0.74977,2010,1,25
ESP-01,477,18.6,11,0.515,2010,1,25
ESP-01,478,32.7,14,0.52,2010,1,25
ESP-01,479,16.7,12.5,0.56,2010,1,25
ESP-01,480,12.7,8.25,0.65,2010,1,25
ESP-01,481,15.1,NA,0.74977,2010,1,25
ESP-01,482,35.7,14,0.52,2010,1,25
ESP-01,483,23.9,16,0.52,2010,1,25
ESP-01,484,19.1,14,0.6,2010,1,25
ESP-01,485,NA,NA,0.52,2010,1,25
ESP-01,486,22.7,13,0.515,2010,1,25
ESP-01,487,31.9,13,0.74977,2010,1,25
ESP-01,488,49.8,16,0.52,2010,1,25
ESP-01,489,NA,NA,0.61785,2010,1,25
ESP-01,490,40.5,13,0.52,2010,1,25
ESP-01,490.1,NA,13,0.52,2010,1,25
ESP-01,491,23.9,16,0.52,2010,1,25
ESP-01,492,33.5,15.5,0.52,2010,1,25
ESP-01,492.1,NA,6,0.61785,2010,1,25
ESP-01,493,22.7,14,0.52,2010,1,25
ESP-01,494,26.8,13.5,0.52,2010,1,25
ESP-01,494.1,NA,11,0.52,2010,1,25
ESP-01,495,11.4,9,0.65,2010,1,25
ESP-01,496,23.9,13,0.52,2010,1,25
ESP-01,497,36.6,12.5,0.52,2010,1,25
ESP-01,497.1,NA,9.75,0.52,2010,1,25
ESP-01,497.2,NA,9.25,0.52,2010,1,25
ESP-01,498,19.8,7.75,0.515,2010,1,25
ESP-01,499,21.3,11,0.32,2010,1,25
ESP-01,499.1,NA,NA,0.56,2010,1,25
ESP-01,499.2,NA,6.5,0.56,2010,1,25
ESP-01,499.3,NA,NA,0.65,2010,1,25
ESP-01,499.4,NA,11,0.515,2010,1,25
ESP-01,500,18.7,11.5,0.503,2010,1,25
ESP-01,501,11,12,0.32,2010,1,25
ESP-01,502,11.7,11.5,0.503,2010,1,25
ESP-01,503,41.2,14.5,0.52,2010,1,25
ESP-01,503.1,NA,11,0.45,2010,1,25
ESP-01,504,26.2,15.5,0.52,2010,1,25
ESP-01,504.1,NA,4.8,0.52,2010,1,25
ESP-01,505,16.1,10.5,0.594,2010,1,25
ESP-01,506,20.1,13.5,0.56,2010,1,25
ESP-01,507,23.5,12,0.32,2010,1,25
ESP-01,507.1,NA,NA,0.49,2010,1,25
ESP-01,508,15.6,12.5,0.56,2010,1,25
ESP-01,509,31.2,7,0.52,2010,1,25
ESP-01,510,17.8,13.5,0.515,2010,1,25
ESP-01,511,19.5,12.5,0.61785,2010,1,25
ESP-01,512,17.1,14.5,0.52,2010,1,25
ESP-01,513,13.2,7.5,0.65,2010,1,25
ESP-01,514,12.7,9.5,0.465,2010,1,25
ESP-01,515,24,12,0.32,2010,1,25
ESP-01,516,39.5,13.5,0.52,2010,1,25
ESP-01,517,16.1,10,0.56,2010,1,25
ESP-01,518,32.3,13,0.515,2010,1,25
ESP-01,519,36.1,NA,0.52,2010,1,25
ESP-01,520,33.8,16,0.52,2010,1,25
ESP-01,521,10.5,10,0.515,2010,1,25
ESP-01,522,29.7,13.5,0.6,2010,1,25
ESP-01,523,NA,NA,0.56,2010,1,25
ESP-01,524,44.2,13,0.45,2010,1,25
ESP-01,525,22.3,9.5,0.515,2010,1,25
ESP-01,526,12.8,8.5,0.45,2010,1,25
ESP-01,534.1,NA,14.5,0.52,2010,1,25
ESP-01,535.1,NA,11,0.74977,2010,1,25
ESP-01,545.1,NA,10.5,0.52,2010,1,25
ESP-01,527,14.3,10,0.56,2010,1,25
ESP-01,528,14.3,12,0.52,2010,1,25
ESP-01,529,32.4,13.5,0.52,2010,1,25
ESP-01,530,18.3,12.5,0.56,2010,1,25
ESP-01,531,22.1,11.5,0.52,2010,1,25
ESP-01,532,17.7,10.5,0.61785,2010,1,25
ESP-01,533,33.4,10.5,0.52,2010,1,25
ESP-01,534,29.1,NA,0.52,2010,1,25
ESP-01,535,20.2,11.5,0.385395,2010,1,25
ESP-01,536,12.1,8.5,0.515,2010,1,25
ESP-01,537,11.5,8.5,0.61785,2010,1,25
ESP-01,538,NA,NA,0.594,2010,1,25
ESP-01,539,17,11.5,0.594,2010,1,25
ESP-01,539.1,NA,11,0.515,2010,1,25
ESP-01,540,13.3,11,0.515,2010,1,25
ESP-01,541,12.8,11.5,0.32,2010,1,25
ESP-01,542,13,11.5,0.52,2010,1,25
ESP-01,543,10.8,7,0.594,2010,1,25
ESP-01,544,27.5,14,0.52,2010,1,25
ESP-01,545,22.4,14.5,0.52,2010,1,25
ESP-01,546,17.1,14,0.52,2010,1,25
ESP-01,547,15.9,7.5,0.65,2010,1,25
ESP-01,548,16.3,10.5,0.465,2010,1,25
ESP-01,549,30.6,14,0.52,2010,1,25
ESP-01,550,17,13,0.52,2010,1,25
ESP-01,551,26.7,13,0.52,2010,1,25
ESP-01,551.1,NA,NA,0.61785,2010,1,25
ESP-01,552,30.6,15.5,0.52,2010,1,25
ESP-01,553,19.1,13.5,0.52,2010,1,25
ESP-01,554,11.9,11.5,0.52,2010,1,25
ESP-01,555,10.8,9.5,0.52,2010,1,25
ESP-01,556,21.8,14,0.52,2010,1,25
ESP-01,557,14.4,11,0.52,2010,1,25
ESP-01,558,18.7,12.5,0.52,2010,1,25
ESP-01,559,20.2,13,0.385395,2010,1,25
ESP-01,560,16.7,13,0.465,2010,1,25
ESP-01,561,22.3,13.5,0.74977,2010,1,25
ESP-01,562,20.3,11,0.515,2010,1,25
ESP-01,563,31.6,14,0.52,2010,1,25
ESP-01,564,21.3,16.5,0.52,2010,1,25
ESP-01,565,15.2,14,0.52,2010,1,25
ESP-01,565.1,NA,7.5,0.45,2010,1,25
ESP-01,566,18.2,14.5,0.52,2010,1,25
ESP-01,567,12.2,9.25,0.65,2010,1,25
ESP-01,568,31.3,16,0.52,2010,1,25
ESP-01,568.1,NA,5.5,0.52,2010,1,25
ESP-01,568.2,NA,11.5,0.610052842,2010,1,25
ESP-01,569,36.3,13,0.6,2010,1,25
ESP-01,570,37.4,15,0.52,2010,1,25
ESP-01,571,11.1,12.5,0.515,2010,1,25
ESP-01,572,32.5,12,0.52,2010,1,25
ESP-01,573,24.6,11,0.52,2010,1,25
ESP-01,574,44,NA,0.6,2010,1,25
ESP-01,575,27.7,17.5,0.6,2010,1,25
ESP-01,576,28.2,15,0.74977,2010,1,25
ESP-01,577,16.8,9,0.515,2010,1,25
ESP-01,578,NA,NA,0.52,2010,1,25
ESP-01,579,16.7,10.5,0.74977,2010,1,25
ESP-01,580,27,11.5,0.6,2010,1,25
ESP-01,581,12.4,8,0.425,2010,1,25
ESP-01,582,22.4,15,0.52,2010,1,25
ESP-01,583,16.7,10,0.45,2010,1,25
ESP-01,584,13,11.5,0.61785,2010,1,25
ESP-01,585,14.1,8.5,0.515,2010,1,25
ESP-01,586,34.3,12.5,0.52,2010,1,25
ESP-01,587,22.6,13,0.52,2010,1,25
ESP-01,588,18.6,15.5,0.74977,2010,1,25
ESP-01,588.1,NA,12,0.61785,2010,1,25
ESP-01,589,12.8,10,0.65,2010,1,25
ESP-01,590,13.8,16.5,0.52,2010,1,25
ESP-01,591,36.3,18,0.45,2010,1,25
ESP-01,592,45.8,14.5,0.6,2010,1,25
ESP-01,593,14.4,12.5,0.45,2010,1,25
ESP-01,594,47,NA,0.6,2010,1,25
ESP-01,595,38,13,0.52,2010,1,25
ESP-01,596,11.6,15,0.52,2010,1,25
ESP-01,597,20.6,12,0.56,2010,1,25
ESP-01,598,NA,NA,0.61785,2010,1,25
ESP-01,599,12.4,12,0.515,2010,1,25
ESP-01,600,23.3,13.5,0.515,2010,1,25
ESP-01,601,16.1,9.5,0.52,2010,1,25
ESP-01,601.1,NA,3,0.65,2010,1,25
ESP-01,602,16.5,11,0.32,2010,1,25
ESP-01,603,19.8,13,0.52,2010,1,25
ESP-01,604,11,5.5,0.65,2010,1,25
ESP-01,604.1,NA,7.75,0.65,2010,1,25
ESP-01,605,13.4,10,0.52,2010,1,25
ESP-01,606,15.8,8.5,0.74977,2010,1,25
ESP-01,606.11,NA,9,0.45,2010,1,25
ESP-01,607,13.7,14.5,0.56,2010,1,25
ESP-01,608,11.5,13,0.52,2010,1,25
ESP-01,609,14.1,11.5,0.52,2010,1,25
ESP-01,610,13.6,7.5,0.56,2010,1,25
ESP-01,611,37.2,13.5,0.52,2010,1,25
ESP-01,612,18.5,17.5,0.52,2010,1,25
ESP-01,613,12.8,11,0.45,2010,1,25
ESP-01,614,12.12,8.5,0.65,2010,1,25
ESP-01,615,16.3,8.5,0.45,2010,1,25
ESP-01,616,27.3,17,0.52,2010,1,25
ESP-01,617,23.4,12.5,0.594,2010,1,25
ESP-01,618,30.5,NA,0.6,2010,1,25
ESP-01,619,17.1,12,0.49,2010,1,25
ESP-01,620,22.9,11,0.52,2010,1,25
ESP-01,620.1,NA,12,0.49,2010,1,25
ESP-01,621,NA,NA,0.52,2010,1,25
ESP-01,622,12.1,6.5,0.65,2010,1,25
ESP-01,623,16,13.5,0.32,2010,1,25
ESP-01,624,22.6,13.5,0.515,2010,1,25
ESP-01,625,12,11,0.52,2010,1,25
ESP-01,606.1,NA,9,0.52,2010,1,25
ESP-01,626,25.6,12.5,0.52,2010,1,25
ESP-01,627,26,16.5,0.52,2010,1,25
ESP-01,627.1,NA,8.5,0.61785,2010,1,25
ESP-01,627.2,NA,12,0.61785,2010,1,25
ESP-01,627.3,NA,11,0.65,2010,1,25
ESP-01,628,24.5,14,0.52,2010,1,25
ESP-01,628.1,NA,12,0.52,2010,1,25
ESP-01,629,22,12.5,0.52,2010,1,25
ESP-01,630,22.8,14.5,0.52,2010,1,25
ESP-01,631,12.1,NA,0.52,2010,1,25
ESP-01,632,18.8,11,0.6,2010,1,25
ESP-01,633,12.1,8,0.56,2010,1,25
ESP-01,634,22.5,14,0.52,2010,1,25
ESP-01,635,NA,NA,0.74977,2010,1,25
ESP-01,636,14.1,8.5,0.52,2010,1,25
ESP-01,637,16.1,6.5,0.65,2010,1,25
ESP-01,638,19.5,9.5,0.6,2010,1,25
ESP-01,639,16.7,10,0.515,2010,1,25
ESP-01,639.1,NA,10,0.52,2010,1,25
ESP-01,639.2,NA,11,0.52,2010,1,25
ESP-01,639.3,NA,9.5,0.52,2010,1,25
ESP-01,640,15,12,0.32,2010,1,25
ESP-01,640.1,NA,NA,0.52,2010,1,25
ESP-01,641,26.5,14.5,0.6,2010,1,25
ESP-01,641.1,NA,11,0.6,2010,1,25
ESP-01,642,25.6,11.5,0.52,2010,1,25
ESP-01,643,NA,NA,0.61785,2010,1,25
ESP-01,644,20.1,9.5,0.594,2010,1,25
ESP-01,645,20.2,14,0.49,2010,1,25
ESP-01,645.1,NA,13.5,0.61785,2010,1,25
ESP-01,646,20.5,12.5,0.61785,2010,1,25
ESP-01,646.1,NA,9,0.61785,2010,1,25
ESP-01,647,26.5,14,0.52,2010,1,25
ESP-01,648,12.3,8,0.52,2010,1,25
ESP-01,649,16.2,8.5,0.65,2010,1,25
ESP-01,650,19.2,10,0.52,2010,1,25
ESP-01,651,26.4,12,0.6,2010,1,25
ESP-01,652,22.6,15,0.52,2010,1,25
ESP-01,653,11.2,15,0.52,2010,1,25
ESP-01,654,17.3,10,0.515,2010,1,25
ESP-01,655,19.4,11.5,0.515,2010,1,25
ESP-01,656,33.2,14,0.594,2010,1,25
ESP-01,657,37.2,18,0.52,2010,1,25
ESP-01,658,11.2,9,0.61785,2010,1,25
ESP-01,659,15.1,8,0.61785,2010,1,25
ESP-01,660,12,19,0.709,2010,1,25
ESP-01,661,25.7,10,0.52,2010,1,25
ESP-01,662,13.1,8.5,0.465,2010,1,25
ESP-01,663,17.9,10,0.52,2010,1,25
ESP-01,664,32,11.5,0.503,2010,1,25
ESP-01,665,14.8,9,0.6,2010,1,25
ESP-01,666,12.7,11,0.515,2010,1,25
ESP-01,667,12.9,11.5,0.49,2010,1,25
ESP-01,668,11.5,11.5,0.515,2010,1,25
ESP-01,669,16.1,12,0.515,2010,1,25
ESP-01,670,21,11,0.52,2010,1,25
ESP-01,671,26.7,NA,0.6,2010,1,25
ESP-01,672,18.6,13,0.515,2010,1,25
ESP-01,672.1,NA,10,0.49,2010,1,25
ESP-01,672.2,NA,9.5,0.709,2010,1,25
ESP-01,673,NA,NA,0.515,2010,1,25
ESP-01,674,23,10.5,0.32,2010,1,25
ESP-01,675,18.4,11,0.74977,2010,1,25
ESP-01,676,19.4,15,0.52,2010,1,25
ESP-01,677,11.5,12.5,0.74977,2010,1,25
ESP-01,678,12.5,13,0.61785,2010,1,25
ESP-01,679,17.9,11,0.74977,2010,1,25
ESP-01,680,17.2,13.5,0.74977,2010,1,25
ESP-01,681,12.3,16,0.61785,2010,1,25
ESP-01,682,29.5,10.5,0.465,2010,1,25
ESP-01,683,26.8,11,0.6,2010,1,25
ESP-01,684,13,NA,0.65,2010,1,25
ESP-01,685,30.3,14,0.52,2010,1,25
ESP-01,686,11.3,11,0.56,2010,1,25
ESP-01,687,12.2,7.5,0.52,2010,1,25
ESP-01,688,NA,NA,0.61785,2010,1,25
ESP-01,689,16.2,10,0.52,2010,1,25
ESP-01,689.1,NA,11,0.52,2010,1,25
ESP-01,690,10.7,8.5,0.65,2010,1,25
ESP-01,691,30.2,15,0.52,2010,1,25
ESP-01,692,10.9,8,0.5925,2010,1,25
ESP-01,692.1,NA,13,0.610052842,2010,1,25
ESP-01,693,25,16.5,0.52,2010,1,25
ESP-01,694,15.7,13.5,0.49,2010,1,25
ESP-01,695,18.8,14,0.65,2010,1,25
ESP-01,696,15.4,NA,0.465,2010,1,25
ESP-01,697,45.6,17,0.52,2010,1,25
ESP-01,698,23.3,10.5,0.6,2010,1,25
ESP-01,698.1,NA,18,0.65,2010,1,25
ESP-01,699,NA,NA,0.74977,2010,1,25
ESP-01,700,24.3,7.5,0.52,2010,1,25
ESP-01,701,12,8.5,0.65,2010,1,25
ESP-01,702,42.7,20,0.52,2010,1,25
ESP-01,703,18.8,11,0.52,2010,1,25
ESP-01,704,11,11.5,0.65,2010,1,25
ESP-01,705,39.2,11.5,0.52,2010,1,25
ESP-01,706,37.3,14,0.45,2010,1,25
ESP-01,707,10.3,8.5,0.56,2010,1,25
ESP-01,708,20.9,16.5,0.52,2010,1,25
ESP-01,709,11.8,NA,0.65,2010,1,25
ESP-01,709.1,NA,NA,0.65,2010,1,25
ESP-01,710,14,NA,0.45,2010,1,25
ESP-01,711,NA,NA,0.65,2010,1,25
ESP-01,1,35.4,13.5,0.6,2011,1,1
ESP-01,2,13.8,10.5,0.52,2011,1,1
ESP-01,2.1,NA,14.5,0.6,2011,1,1
ESP-01,2.2,NA,14,0.6,2011,1,1
ESP-01,3,13.3,11,0.61785,2011,1,1
ESP-01,4,40.8,15,0.6,2011,1,1
ESP-01,5,14.8,6.5,0.65,2011,1,1
ESP-01,6,24.8,8.5,0.52,2011,1,1
ESP-01,6.1,NA,11.5,0.52,2011,1,1
ESP-01,7,11.6,8,0.61785,2011,1,1
ESP-01,8,14.2,10,0.74977,2011,1,1
ESP-01,9,21.4,8,0.52,2011,1,1
ESP-01,10,14,8.5,0.65,2011,1,1
ESP-01,11,11.4,9,0.65,2011,1,1
ESP-01,12,16,12,0.52,2011,1,1
ESP-01,13,16.8,12,0.61785,2011,1,1
ESP-01,14,17.2,13,0.6,2011,1,1
ESP-01,15,18.6,13.5,0.6,2011,1,1
ESP-01,15.1,NA,10,0.65,2011,1,1
ESP-01,16,14.4,13,0.6,2011,1,1
ESP-01,16.1,NA,11.5,0.52,2011,1,1
ESP-01,17,14.7,12,0.52,2011,1,1
ESP-01,18,11.3,10.5,0.594,2011,1,1
ESP-01,19,NA,NA,0.61785,2011,1,1
ESP-01,20,32.6,13,0.6,2011,1,1
ESP-01,21,10.7,11.5,0.565,2011,1,1
ESP-01,22,16.1,11,0.709,2011,1,1
ESP-01,23,15.4,12,0.6,2011,1,1
ESP-01,24,17,12.5,0.65,2011,1,1
ESP-01,25,12,9,0.6,2011,1,1
ESP-01,26,23.2,13.5,0.74977,2011,1,1
ESP-01,27,25.1,12,0.74977,2011,1,1
ESP-01,28,28.9,14,0.6,2011,1,1
ESP-01,28.1,NA,13.5,0.65,2011,1,1
ESP-01,29,17.4,14,0.74977,2011,1,1
ESP-01,30,12,8,0.74977,2011,1,1
ESP-01,31,26.3,12,0.6,2011,1,1
ESP-01,32,12.5,7.5,0.594,2011,1,1
ESP-01,32.1,NA,10,0.515,2011,1,1
ESP-01,33,34.1,15.5,0.52,2011,1,1
ESP-01,34,18.5,12.5,0.74977,2011,1,1
ESP-01,35,15,9.5,0.594,2011,1,1
ESP-01,36,13.5,12,0.594,2011,1,1
ESP-01,37,15.1,11.5,0.54,2011,1,1
ESP-01,38,16.7,11,0.6,2011,1,1
ESP-01,39,17.7,12,0.32,2011,1,1
ESP-01,40,40.5,17.5,0.52,2011,1,1
ESP-01,41,12.8,9,0.6,2011,1,1
ESP-01,42,13.1,7.5,0.32,2011,1,1
ESP-01,43,16.8,13,0.52,2011,1,1
ESP-01,44,18.8,16,0.594,2011,1,1
ESP-01,45,21.1,15,0.6,2011,1,1
ESP-01,45.1,NA,15,0.65,2011,1,1
ESP-01,46,16.5,13.5,0.49,2011,1,1
ESP-01,47,14.7,11,0.565,2011,1,1
ESP-01,48,20.5,15,0.6,2011,1,1
ESP-01,49,23.3,13.5,0.49,2011,1,1
ESP-01,50,24.6,14.5,0.49,2011,1,1
ESP-01,51,30.5,16.5,0.52,2011,1,1
ESP-01,52,44.3,14,0.52,2011,1,1
ESP-01,53,15.8,11,0.515,2011,1,1
ESP-01,54,NA,NA,0.49,2011,1,1
ESP-01,54.1,NA,15.5,0.52,2011,1,1
ESP-01,55,32.7,14,0.52,2011,1,1
ESP-01,56,23.1,12.5,0.52,2011,1,1
ESP-01,57,13.1,12,0.52,2011,1,1
ESP-01,58,50.2,14.5,0.52,2011,1,1
ESP-01,59,26.6,13,0.32,2011,1,1
ESP-01,59.1,NA,7.5,0.709,2011,1,1
ESP-01,59.2,NA,2.75,0.65,2011,1,1
ESP-01,60,14.5,9.5,0.465,2011,1,1
ESP-01,61,14.6,12,0.594,2011,1,1
ESP-01,61.1,NA,11,0.709,2011,1,1
ESP-01,62,15.7,10.5,0.594,2011,1,1
ESP-01,63,41.8,12.5,0.74977,2011,1,1
ESP-01,63.1,NA,9.5,0.61785,2011,1,1
ESP-01,63.2,NA,3,0.65,2011,1,1
ESP-01,64,14.2,11.5,0.61785,2011,1,1
ESP-01,65,17,12,0.61785,2011,1,1
ESP-01,66,15.9,11,0.465,2011,1,1
ESP-01,67,15.5,9.5,0.61785,2011,1,1
ESP-01,68,NA,NA,0.61785,2011,1,1
ESP-01,69,11.1,3,0.65,2011,1,1
ESP-01,70,11.8,3,0.65,2011,1,1
ESP-01,71,15.4,10.5,0.594,2011,1,1
ESP-01,72,24.6,13,0.52,2011,1,1
ESP-01,73,23,13.5,0.52,2011,1,1
ESP-01,74,14,10,0.61785,2011,1,1
ESP-01,75,11.2,9.5,0.515,2011,1,1
ESP-01,76,40.3,16,0.52,2011,1,1
ESP-01,77,44.5,16,0.6,2011,1,1
ESP-01,78,11.6,10,0.515,2011,1,1
ESP-01,79,10.6,8,0.515,2011,1,1
ESP-01,80,20.9,13.5,0.385395,2011,1,1
ESP-01,81,15.2,9,0.385395,2011,1,1
ESP-01,81.1,NA,6.75,0.65,2011,1,1
ESP-01,82,42,13.5,0.52,2011,1,1
ESP-01,83,11.4,6.5,0.65,2011,1,1
ESP-01,84,11.3,5,0.65,2011,1,1
ESP-01,85,17.2,12,0.385395,2011,1,1
ESP-01,86,15.8,11,0.74977,2011,1,1
ESP-01,87,25.8,15,0.52,2011,1,1
ESP-01,87.1,NA,2.5,0.65,2011,1,1
ESP-01,88,44.2,14.5,0.52,2011,1,1
ESP-01,89,15,12,0.565,2011,1,1
ESP-01,90,23.4,16.5,0.52,2011,1,1
ESP-01,91,21.6,14,0.52,2011,1,1
ESP-01,92,23.7,13,0.52,2011,1,1
ESP-01,93,23.2,14.5,0.52,2011,1,1
ESP-01,94,21.7,11,0.61785,2011,1,1
ESP-01,95,40.2,15,0.52,2011,1,1
ESP-01,96,11.5,4.5,0.65,2011,1,1
ESP-01,97,39.2,16,0.52,2011,1,1
ESP-01,98,18,11.5,0.515,2011,1,1
ESP-01,99,13.2,9.5,0.56,2011,1,1
ESP-01,100,14.8,3.25,0.65,2011,1,1
ESP-01,101,13.1,8.5,0.665166667,2011,1,1
ESP-01,102,20,11.5,0.74977,2011,1,1
ESP-01,103,18.9,11.5,0.56,2011,1,1
ESP-01,104,23.3,18,0.52,2011,1,1
ESP-01,105,15.8,12.5,0.685219,2011,1,1
ESP-01,105.1,NA,12,0.65,2011,1,1
ESP-01,106,17,11,0.515,2011,1,1
ESP-01,107,16.3,11,0.515,2011,1,1
ESP-01,108,35.6,17,0.52,2011,1,1
ESP-01,109,43.6,18,0.52,2011,1,1
ESP-01,110,12.5,11,0.61785,2011,1,1
ESP-01,111,19,11.5,0.385395,2011,1,1
ESP-01,112,19.9,13,0.515,2011,1,1
ESP-01,113,12.9,9,0.665166667,2011,1,1
ESP-01,114,17.9,12.5,0.565,2011,1,1
ESP-01,115,31.3,15,0.52,2011,1,1
ESP-01,116,16.6,14.5,0.594,2011,1,1
ESP-01,117,38.2,14,0.52,2011,1,1
ESP-01,118,11.1,11,0.61785,2011,1,1
ESP-01,119,46.80273973,18.5,0.6,2011,1,1
ESP-01,120,23.1,17,0.52,2011,1,1
ESP-01,121,16,13.5,0.49,2011,1,1
ESP-01,122,29.4,17.5,0.52,2011,1,1
ESP-01,123,NA,NA,0.52,2011,1,1
ESP-01,124,13.8,13.5,0.52,2011,1,1
ESP-01,125,NA,NA,0.52,2011,1,1
ESP-01,126,40.7,17.5,0.52,2011,1,1
ESP-01,127,12,9.5,0.515,2011,1,1
ESP-01,127.1,NA,7.5,0.503,2011,1,1
ESP-01,128,21.3,16.5,0.52,2011,1,1
ESP-01,129,22.8,15.5,0.52,2011,1,1
ESP-01,130,NA,NA,0.52,2011,1,1
ESP-01,131,22.6,15.5,0.52,2011,1,1
ESP-01,131.1,NA,4.5,0.52,2011,1,1
ESP-01,132,14.6,12,0.61785,2011,1,1
ESP-01,132.1,NA,11,0.61785,2011,1,1
ESP-01,132.2,NA,11.5,0.65,2011,1,1
ESP-01,133,15.3,12.5,0.52,2011,1,1
ESP-01,134,15.1,11.5,0.503,2011,1,1
ESP-01,135,10.8,9.5,0.515,2011,1,1
ESP-01,136,30.7,15.5,0.503,2011,1,1
ESP-01,137,10.8,9,0.56,2011,1,1
ESP-01,137.1,NA,8.5,0.45,2011,1,1
ESP-01,137.2,NA,8,0.515,2011,1,1
ESP-01,137.3,NA,7.5,0.45,2011,1,1
ESP-01,138,21.3,15.5,0.45,2011,1,1
ESP-01,139,NA,NA,0.56,2011,1,1
ESP-01,139.1,NA,NA,0.4574628,2011,1,1
ESP-01,139.2,NA,9,0.61785,2011,1,1
ESP-01,140,19.5,14.5,0.594,2011,1,1
ESP-01,141,24.7,14.5,0.6,2011,1,1
ESP-01,142,10.7,9.5,0.61785,2011,1,1
ESP-01,143,14.5,12.5,0.49,2011,1,1
ESP-01,143.1,NA,12.5,0.515,2011,1,1
ESP-01,144,115.9,13.5,0.425,2011,1,1
ESP-01,144.1,NA,11,0.52,2011,1,1
ESP-01,144.2,NA,10,0.61785,2011,1,1
ESP-01,144.3,NA,7.5,0.61785,2011,1,1
ESP-01,145,15,15,0.61785,2011,1,1
ESP-01,146,NA,NA,0.74977,2011,1,1
ESP-01,147,25.6,14.5,0.52,2011,1,1
ESP-01,148,NA,NA,0.49,2011,1,1
ESP-01,149,NA,NA,0.61785,2011,1,1
ESP-01,150,23.4,14,0.503,2011,1,1
ESP-01,151,21.4,9,0.515,2011,1,1
ESP-01,152,23.6,13.5,0.503,2011,1,1
ESP-01,153,25.3,15,0.52,2011,1,1
ESP-01,154,16.6,8,0.56,2011,1,1
ESP-01,155,14.6,13,0.52,2011,1,1
ESP-01,156,11.1,6.5,0.61785,2011,1,1
ESP-01,157,13.1,12.5,0.61785,2011,1,1
ESP-01,158,19.2,14.5,0.52,2011,1,1
ESP-01,159,24.7,17,0.52,2011,1,1
ESP-01,160,15.9,9,0.56,2011,1,1
ESP-01,161,19.5,14,0.49,2011,1,1
ESP-01,162,35.7,15.5,0.52,2011,1,1
ESP-01,163,29.2,15.5,0.6,2011,1,1
ESP-01,164,26.8,14.5,0.52,2011,1,1
ESP-01,165,15.4,15.5,0.594,2011,1,1
ESP-01,166,19.7,18,0.52,2011,1,1
ESP-01,167,29.7,17,0.52,2011,1,1
ESP-01,168,NA,NA,0.49,2011,1,1
ESP-01,169,26.5,17.5,0.52,2011,1,1
ESP-01,170,19.4,11,0.49,2011,1,1
ESP-01,171,21.2,10,0.61785,2011,1,1
ESP-01,172,18.7,11.5,0.49,2011,1,1
ESP-01,173,20.6,11,0.74977,2011,1,1
ESP-01,174,25.7,16,0.425,2011,1,1
ESP-01,175,16.3,14,0.61785,2011,1,1
ESP-01,176,14.2,13,0.61785,2011,1,1
ESP-01,177,NA,NA,0.49,2011,1,1
ESP-01,178,16.1,11,0.61785,2011,1,1
ESP-01,179,14.9,9.5,0.49,2011,1,1
ESP-01,180,16.4,10,0.74977,2011,1,1
ESP-01,181,23.2,11.5,0.61785,2011,1,1
ESP-01,182,12.9,6,0.65,2011,1,1
ESP-01,183,17.5,15.5,0.52,2011,1,1
ESP-01,184,13.2,14,0.52,2011,1,1
ESP-01,185,22.5,15,0.49,2011,1,1
ESP-01,186,20.9,16,0.52,2011,1,1
ESP-01,187,20.5,14.5,0.515,2011,1,1
ESP-01,188,NA,NA,0.6,2011,1,1
ESP-01,189,15.8,15.5,0.61785,2011,1,1
ESP-01,190,19.5,13,0.52,2011,1,1
ESP-01,190.1,NA,11,0.52,2011,1,1
ESP-01,190.2,NA,9.5,0.45,2011,1,1
ESP-01,191,17.9,13,0.52,2011,1,1
ESP-01,192,15.9,8.5,0.74977,2011,1,1
ESP-01,193,14.1,8,0.594,2011,1,1
ESP-01,194,NA,NA,0.56,2011,1,1
ESP-01,195,12.6,8.5,0.515,2011,1,1
ESP-01,196,11,8,0.74977,2011,1,1
ESP-01,197,13.5,12,0.709,2011,1,1
ESP-01,198,NA,NA,0.61785,2011,1,1
ESP-01,199,33.9,15.5,0.6,2011,1,1
ESP-01,200,18,12,0.74977,2011,1,1
ESP-01,201,NA,NA,0.6,2011,1,1
ESP-01,202,21.7,13,0.594,2011,1,1
ESP-01,117.1,NA,12,0.65,2011,1,1
ESP-01,203,12.2,11.5,0.74977,2011,1,1
ESP-01,204,16.4,11.5,0.594,2011,1,1
ESP-01,205,13.5,11.5,0.74977,2011,1,1
ESP-01,206,11.2,8,0.515,2011,1,1
ESP-01,207,NA,NA,0.74977,2011,1,1
ESP-01,208,NA,NA,0.594,2011,1,1
ESP-01,209,26,15,0.425,2011,1,1
ESP-01,210,16.8,13.5,0.32,2011,1,1
ESP-01,211,14.7,11,0.515,2011,1,1
ESP-01,212,NA,NA,0.6,2011,1,1
ESP-01,213,11.1,9.5,0.74977,2011,1,1
ESP-01,214,17.2,9.5,0.6,2011,1,1
ESP-01,215,17.4,11.5,0.503,2011,1,1
ESP-01,216,29.4,16.5,0.515,2011,1,1
ESP-01,217,19,10.5,0.49,2011,1,1
ESP-01,218,26.5,14.5,0.52,2011,1,1
ESP-01,219,18.5,14,0.52,2011,1,1
ESP-01,220,21.6,14,0.74977,2011,1,1
ESP-01,221,18.2,10.5,0.52,2011,1,1
ESP-01,222,NA,10.5,0.594,2011,1,1
ESP-01,223,11.7,5,0.515,2011,1,1
ESP-01,224,16,11.5,0.52,2011,1,1
ESP-01,225,15.2,10.5,0.74977,2011,1,1
ESP-01,225.1,NA,11,0.709,2011,1,1
ESP-01,226,NA,NA,0.6,2011,1,1
ESP-01,227,18.4,12.5,0.594,2011,1,1
ESP-01,228,NA,NA,0.594,2011,1,1
ESP-01,229,14.2,7,0.74977,2011,1,1
ESP-01,230,NA,NA,0.61785,2011,1,1
ESP-01,231,19.8,7,0.52,2011,1,1
ESP-01,231.1,NA,7,0.65,2011,1,1
ESP-01,232,14.2,8,0.74977,2011,1,1
ESP-01,233,14.2,13,0.74977,2011,1,1
ESP-01,234,25.9,13,0.32,2011,1,1
ESP-01,234.1,NA,10.5,0.6,2011,1,1
ESP-01,234.2,NA,8,0.52,2011,1,1
ESP-01,235,14.2,11.5,0.74977,2011,1,1
ESP-01,235.1,NA,12,0.74977,2011,1,1
ESP-01,236,14.5,10.5,0.594,2011,1,1
ESP-01,237,17.2,12,0.594,2011,1,1
ESP-01,238,44.6,14.5,0.6,2011,1,1
ESP-01,239,19,12.5,0.498,2011,1,1
ESP-01,240,28.5,13.5,0.65,2011,1,1
ESP-01,241,11.5,9,0.61785,2011,1,1
ESP-01,242,13.3,9.5,0.594,2011,1,1
ESP-01,243,14.9,11,0.594,2011,1,1
ESP-01,244,13.1,6.5,0.65,2011,1,1
ESP-01,245,16.7,11.5,0.74977,2011,1,1
ESP-01,246,13.2,9.5,0.45,2011,1,1
ESP-01,246.1,NA,10.5,0.61785,2011,1,1
ESP-01,247,27.1,11,0.52,2011,1,1
ESP-01,247.1,NA,11,0.49,2011,1,1
ESP-01,247.2,NA,9.5,0.49,2011,1,1
ESP-01,248,18.5,8.5,0.52,2011,1,1
ESP-01,249,19,12,0.49,2011,1,1
ESP-01,250,16,10.75,0.49,2011,1,1
ESP-01,251,32.8,12,0.6,2011,1,1
ESP-01,252,14.8,11,0.74977,2011,1,1
ESP-01,253,18,10,0.594,2011,1,1
ESP-01,254,13.5,12.5,0.594,2011,1,1
ESP-01,255,14.6,8.5,0.594,2011,1,1
ESP-01,256,14.5,9.5,0.515,2011,1,1
ESP-01,257,20.1,11,0.49,2011,1,1
ESP-01,257.1,NA,11,0.49,2011,1,1
ESP-01,258,30,12.5,0.52,2011,1,1
ESP-01,259,20.2,13,0.594,2011,1,1
ESP-01,260,12.3,12.5,0.32,2011,1,1
ESP-01,261,18.5,11.5,0.49,2011,1,1
ESP-01,262,10.9,11.5,0.594,2011,1,1
ESP-01,262.2,NA,8,0.49,2011,1,1
ESP-01,263,27.5,13.5,0.74977,2011,1,1
ESP-01,264,17.2,12.5,0.594,2011,1,1
ESP-01,265,15.2,14,0.594,2011,1,1
ESP-01,266,23.4,11,0.52,2011,1,1
ESP-01,266.1,NA,13,0.49,2011,1,1
ESP-01,267,17.8,14.5,0.61785,2011,1,1
ESP-01,268,13.1,10.5,0.52,2011,1,1
ESP-01,268.1,NA,11,0.65,2011,1,1
ESP-01,269,28.5,14.5,0.74977,2011,1,1
ESP-01,269.1,NA,10,0.52,2011,1,1
ESP-01,270,11.8,14,0.74977,2011,1,1
ESP-01,271,17.5,12.5,0.52,2011,1,1
ESP-01,272,17.2,15,0.52,2011,1,1
ESP-01,273,14.7,12.5,0.52,2011,1,1
ESP-01,274,29.2,14.5,0.52,2011,1,1
ESP-01,275,21.4,12,0.6,2011,1,1
ESP-01,275.1,NA,11,0.65,2011,1,1
ESP-01,276,17.9,11,0.515,2011,1,1
ESP-01,277,27.8,12.5,0.52,2011,1,1
ESP-01,278,17.6,12,0.515,2011,1,1
ESP-01,278.1,NA,12.5,0.61785,2011,1,1
ESP-01,279,14.4,11.5,0.515,2011,1,1
ESP-01,279.1,NA,13.5,0.61785,2011,1,1
ESP-01,280,20,11.5,0.6,2011,1,1
ESP-01,281,26.8,12.5,0.6,2011,1,1
ESP-01,282,20.3,14,0.6,2011,1,1
ESP-01,282.1,NA,13,0.4574628,2011,1,1
ESP-01,283,17.3,13,0.594,2011,1,1
ESP-01,284,23.7,14.5,0.52,2011,1,1
ESP-01,285,27.7,12,0.425,2011,1,1
ESP-01,286,34.6,10.5,0.6,2011,1,1
ESP-01,287,18.5,14.5,0.74977,2011,1,1
ESP-01,288,17.5,10,0.49,2011,1,1
ESP-01,289,18,9,0.74977,2011,1,1
ESP-01,290,NA,NA,0.446876111,2011,1,1
ESP-01,291,24.5,9.25,0.385395,2011,1,1
ESP-01,292,15.3,9.5,0.61785,2011,1,1
ESP-01,293,19.2,9.5,0.6,2011,1,1
ESP-01,293.1,NA,6.5,0.6,2011,1,1
ESP-01,287.1,NA,14,0.52,2011,1,1
ESP-01,294,32.2,13,0.61785,2011,1,1
ESP-01,295,31,9.5,0.52,2011,1,1
ESP-01,296,42.4,12.5,0.52,2011,1,1
ESP-01,297,19,8,0.5925,2011,1,1
ESP-01,298,12.9,10,0.385395,2011,1,1
ESP-01,299,NA,NA,0.49,2011,1,1
ESP-01,300,16.7,12,0.52,2011,1,1
ESP-01,301,15,6.5,0.65,2011,1,1
ESP-01,302,23.3,10,0.56,2011,1,1
ESP-01,303,15.5,5.5,0.52,2011,1,1
ESP-01,304,16.8,12,0.5925,2011,1,1
ESP-01,305,14.7,11.5,0.709,2011,1,1
ESP-01,306,17.7,14,0.52,2011,1,1
ESP-01,307,10.9,8,0.56,2011,1,1
ESP-01,308,11.3,10,0.52,2011,1,1
ESP-01,309,15.3,10,0.465,2011,1,1
ESP-01,310,11.5,11,0.54,2011,1,1
ESP-01,310.1,NA,9,0.61785,2011,1,1
ESP-01,311,18.2,13,0.6,2011,1,1
ESP-01,312,14.8,8,0.515,2011,1,1
ESP-01,312.1,NA,6,0.65,2011,1,1
ESP-01,312.2,NA,11,0.65,2011,1,1
ESP-01,312.3,NA,12.5,0.65,2011,1,1
ESP-01,313,19.7,13,0.52,2011,1,1
ESP-01,314,20.2,11.5,0.52,2011,1,1
ESP-01,315,18.2,11,0.61785,2011,1,1
ESP-01,316,16.9,12,0.709,2011,1,1
ESP-01,317,21.9,11.5,0.594,2011,1,1
ESP-01,318,13.2,8,0.594,2011,1,1
ESP-01,319,15.3,9.5,0.32,2011,1,1
ESP-01,320,11.2,15.5,0.5925,2011,1,1
ESP-01,321,14,7.5,0.52,2011,1,1
ESP-01,322,14.5,NA,0.6,2011,1,1
ESP-01,323,19.5,12.5,0.6,2011,1,1
ESP-01,324,20.4,9.5,0.52,2011,1,1
ESP-01,324.1,NA,10.5,0.65,2011,1,1
ESP-01,325,NA,8,0.52,2011,1,1
ESP-01,326,17.7,10,0.75575,2011,1,1
ESP-01,327,16.9,8,0.52,2011,1,1
ESP-01,328,26.6,12.5,0.6,2011,1,1
ESP-01,328.1,NA,NA,0.6,2011,1,1
ESP-01,329,19.6,10,0.6,2011,1,1
ESP-01,330,11.4,7,0.465,2011,1,1
ESP-01,331,23.3,8.5,0.6,2011,1,1
ESP-01,332,NA,7,0.709,2011,1,1
ESP-01,333,10.9,9,0.594,2011,1,1
ESP-01,334,12.4,7.5,0.65,2011,1,1
ESP-01,335,10.1,6,0.503,2011,1,1
ESP-01,336,11.7,9.5,0.45,2011,1,1
ESP-01,337,20,10.5,0.6,2011,1,1
ESP-01,337.1,NA,8,0.6,2011,1,1
ESP-01,337.2,NA,10,0.65,2011,1,1
ESP-01,338,17.8,10.5,0.503,2011,1,1
ESP-01,339,18.6,10.5,0.709,2011,1,1
ESP-01,340,11.6,NA,0.709,2011,1,1
ESP-01,341,14.2,9,0.52,2011,1,1
ESP-01,342,15.8,NA,0.6,2011,1,1
ESP-01,342.1,NA,11.5,0.648851869,2011,1,1
ESP-01,343,NA,NA,0.561,2011,1,1
ESP-01,344,13.7,10,0.465,2011,1,1
ESP-01,345,NA,NA,0.74977,2011,1,1
ESP-01,346,14.8,10,0.74977,2011,1,1
ESP-01,347,27.9,10,0.52,2011,1,1
ESP-01,348,22.2,8.5,0.6,2011,1,1
ESP-01,349,22,8,0.515,2011,1,1
ESP-01,350,15.5,8,0.6,2011,1,1
ESP-01,351,16.6,11.5,0.6,2011,1,1
ESP-01,352,12,10.5,0.32,2011,1,1
ESP-01,353,11.3,10,0.6,2011,1,1
ESP-01,354,11.3,10.5,0.52,2011,1,1
ESP-01,355,11.8,10.5,0.6,2011,1,1
ESP-01,355.1,NA,10,0.65,2011,1,1
ESP-01,356,10.6,7.5,0.52,2011,1,1
ESP-01,357,12.4,8,0.6,2011,1,1
ESP-01,358,19.6,10.5,0.6,2011,1,1
ESP-01,358.1,NA,9.5,0.6,2011,1,1
ESP-01,359,14.4,NA,0.6,2011,1,1
ESP-01,360,16,9.5,0.465,2011,1,1
ESP-01,361,31.5,10.5,0.6,2011,1,1
ESP-01,362,19.1,10.5,0.6,2011,1,1
ESP-01,363,NA,NA,0.561,2011,1,1
ESP-01,364,22.7,12,0.6,2011,1,1
ESP-01,365,12.9,9.5,0.6,2011,1,1
ESP-01,366,20.5,8,0.6,2011,1,1
ESP-01,367,NA,NA,0.49,2011,1,1
ESP-01,368,13.2,10.5,0.61785,2011,1,1
ESP-01,368.1,NA,11.5,0.65,2011,1,1
ESP-01,368.2,NA,9,0.52,2011,1,1
ESP-01,369,28.7,12,0.6,2011,1,1
ESP-01,370,11.4,11,0.74977,2011,1,1
ESP-01,371,23.6,10,0.74977,2011,1,1
ESP-01,372,16.5,13.5,0.498,2011,1,1
ESP-01,373,14,11.5,0.61785,2011,1,1
ESP-01,373.1,NA,12,0.65,2011,1,1
ESP-01,374,17.2,10,0.498,2011,1,1
ESP-01,375,27.2,10.5,0.52,2011,1,1
ESP-01,376,20.7,9.5,0.52,2011,1,1
ESP-01,377,16.3,11,0.74977,2011,1,1
ESP-01,377.1,NA,9,0.65,2011,1,1
ESP-01,377.2,NA,8.5,0.65,2011,1,1
ESP-01,378,12,6.5,0.515,2011,1,1
ESP-01,378.1,NA,10,0.74977,2011,1,1
ESP-01,380.1,NA,10,0.65,2011,1,1
ESP-01,379,11.6,8.5,0.446876111,2011,1,1
ESP-01,380,15.8,8.5,0.52,2011,1,1
ESP-01,380.2,NA,9,0.52,2011,1,1
ESP-01,381,35.4,10,0.52,2011,1,1
ESP-01,382,14.7,8.5,0.515,2011,1,1
ESP-01,383,13.3,8,0.594,2011,1,1
ESP-01,384,25.3,9.5,0.52,2011,1,1
ESP-01,385,14.3,9.5,0.6,2011,1,1
ESP-01,385.1,NA,9,0.515,2011,1,1
ESP-01,385.2,NA,10,0.52,2011,1,1
ESP-01,385.3,NA,10,0.446876111,2011,1,1
ESP-01,386,16.9,11,0.45,2011,1,1
ESP-01,387,14.20273973,9.5,0.52,2011,1,1
ESP-01,388,17.8,10.5,0.52,2011,1,1
ESP-01,389,34.8,11.5,0.52,2011,1,1
ESP-01,389.1,NA,9.5,0.6,2011,1,1
ESP-01,390,16.2,10,0.74977,2011,1,1
ESP-01,391,20.5,10,0.74977,2011,1,1
ESP-01,392,11.6,10,0.52,2011,1,1
ESP-01,392.1,NA,10,0.709,2011,1,1
ESP-01,392.2,NA,NA,0.446876111,2011,1,1
ESP-01,393,21.2,11.5,0.74977,2011,1,1
ESP-01,394,17,12,0.74977,2011,1,1
ESP-01,395,20,11.5,0.74977,2011,1,1
ESP-01,395.1,NA,9.5,0.6,2011,1,1
ESP-01,396,23.3,11.5,0.6,2011,1,1
ESP-01,397,18.9,10,0.6,2011,1,1
ESP-01,398,12.9,8.5,0.465,2011,1,1
ESP-01,398.1,NA,8.5,0.74977,2011,1,1
ESP-01,399,15.7,10.5,0.74977,2011,1,1
ESP-01,399.1,NA,11.5,0.49,2011,1,1
ESP-01,399.2,NA,NA,0.61785,2011,1,1
ESP-01,400,32.1,11.5,0.6,2011,1,1
ESP-01,401,24.4,11.5,0.49,2011,1,1
ESP-01,404.2,NA,8,0.6,2011,1,1
ESP-01,409.1,NA,9,0.52,2011,1,1
ESP-01,410.1,NA,12,0.74977,2011,1,1
ESP-01,411.1,NA,9.5,0.52,2011,1,1
ESP-01,411.2,NA,9,0.52,2011,1,1
ESP-01,402,13.7,NA,0.49,2011,1,1
ESP-01,403,20.6,11.5,0.6,2011,1,1
ESP-01,404,19.7,11,0.6,2011,1,1
ESP-01,404.1,NA,10,0.6,2011,1,1
ESP-01,405,NA,NA,0.446876111,2011,1,1
ESP-01,406,11.7,10.5,0.52,2011,1,1
ESP-01,407,14.7,11.5,0.6,2011,1,1
ESP-01,407.1,NA,9.5,0.515,2011,1,1
ESP-01,408,14.2,11.5,0.6,2011,1,1
ESP-01,409,22.2,11.5,0.6,2011,1,1
ESP-01,410,16.3,11,0.6,2011,1,1
ESP-01,410.2,NA,11.5,0.49,2011,1,1
ESP-01,411,20.3,13,0.6,2011,1,1
ESP-01,412,11.5,12,0.52,2011,1,1
ESP-01,413,12.3,11,0.6,2011,1,1
ESP-01,414,13.9,10.5,0.6,2011,1,1
ESP-01,414.1,NA,9.5,0.6,2011,1,1
ESP-01,414.2,NA,8.5,0.56,2011,1,1
ESP-01,414.3,NA,11,0.6,2011,1,1
ESP-01,415,17.8,12,0.74977,2011,1,1
ESP-01,416,12.7,10.5,0.52,2011,1,1
ESP-01,416.1,NA,7.5,0.52,2011,1,1
ESP-01,417,16.5,NA,0.6,2011,1,1
ESP-01,418,18.7,13.5,0.6,2011,1,1
ESP-01,418.1,NA,12,0.6,2011,1,1
ESP-01,419,17.6,9.5,0.594,2011,1,1
ESP-01,420,NA,NA,0.61785,2011,1,1
ESP-01,421,22.7,12.5,0.6,2011,1,1
ESP-01,422,22.7,12.5,0.6,2011,1,1
ESP-01,422.1,NA,11.5,0.6,2011,1,1
ESP-01,423,18.3,12,0.61785,2011,1,1
ESP-01,424,16.8,12.5,0.515,2011,1,1
ESP-01,424.1,NA,10.5,0.6,2011,1,1
ESP-01,425,24.5,10.5,0.6,2011,1,1
ESP-01,426,18.3,12.5,0.74977,2011,1,1
ESP-01,426.1,NA,11,0.74977,2011,1,1
ESP-01,427,17.7,12,0.594,2011,1,1
ESP-01,427.1,NA,9,0.45,2011,1,1
ESP-01,428,14.5,12.5,0.6,2011,1,1
ESP-01,428.1,NA,NA,0.65,2011,1,1
ESP-01,428.2,NA,12.5,0.6,2011,1,1
ESP-01,428.3,NA,9.5,0.65,2011,1,1
ESP-01,428.4,NA,12,0.6,2011,1,1
ESP-01,429,NA,NA,0.515,2011,1,1
ESP-01,430,25.7,10,0.52,2011,1,1
ESP-01,431,12.7,10.5,0.52,2011,1,1
ESP-01,432,17.9,11,0.515,2011,1,1
ESP-01,433,27.2,14,0.6,2011,1,1
ESP-01,433.1,NA,8,0.49,2011,1,1
ESP-01,434.1,NA,14,0.6,2011,1,1
ESP-01,434.2,NA,12.5,0.6,2011,1,1
ESP-01,434.3,NA,12.5,0.6,2011,1,1
ESP-01,438.1,NA,10,0.6,2011,1,1
ESP-01,438.2,NA,12,0.65,2011,1,1
ESP-01,438.3,NA,10,0.74977,2011,1,1
ESP-01,438.4,NA,9.5,0.6,2011,1,1
ESP-01,434,33,13.5,0.6,2011,1,1
ESP-01,435,21.10273973,14,0.6,2011,1,1
ESP-01,435.1,NA,8,0.610052842,2011,1,1
ESP-01,436,16.6,13,0.49,2011,1,1
ESP-01,437,20.8,12.5,0.6,2011,1,1
ESP-01,438,41.8,11.5,0.45,2011,1,1
ESP-01,439,18.9,9.5,0.49,2011,1,1
ESP-01,440,19.3,14.5,0.515,2011,1,1
ESP-01,441,24,12,0.32,2011,1,1
ESP-01,442,11.3,8.5,0.515,2011,1,1
ESP-01,443,17.9,12,0.61785,2011,1,1
ESP-01,444,25.7,14,0.52,2011,1,1
ESP-01,444.1,NA,12,0.52,2011,1,1
ESP-01,444.2,NA,9,0.49,2011,1,1
ESP-01,445,15.7,12.5,0.74977,2011,1,1
ESP-01,446,14.8,12.5,0.594,2011,1,1
ESP-01,447,34.7,13,0.6,2011,1,1
ESP-01,448,11.5,10.5,0.74977,2011,1,1
ESP-01,449,18.8,14,0.74977,2011,1,1
ESP-01,450,29,11.5,0.52,2011,1,1
ESP-01,451,15.2,12.5,0.61785,2011,1,1
ESP-01,452,17,11,0.52,2011,1,1
ESP-01,452.1,NA,11,0.52,2011,1,1
ESP-01,452.2,NA,10.5,0.61785,2011,1,1
ESP-01,453,24.6,12.5,0.594,2011,1,1
ESP-01,453.1,NA,9,0.56,2011,1,1
ESP-01,454,11.8,11.5,0.61785,2011,1,1
ESP-01,455,19.9,11,0.6,2011,1,1
ESP-01,456,22,10,0.515,2011,1,1
ESP-01,457,15.7,12,0.6,2011,1,1
ESP-01,458,47.3,12,0.6,2011,1,1
ESP-01,459,14.4,NA,0.515,2011,1,1
ESP-01,460,24.4,13,0.61785,2011,1,1
ESP-01,461,26.6,NA,0.52,2011,1,1
ESP-01,462,25.7,13,0.52,2011,1,1
ESP-01,463,NA,12,0.61785,2011,1,1
ESP-01,464,18.8,13,0.74977,2011,1,1
ESP-01,465,NA,NA,0.709,2011,1,1
ESP-01,466,14,11,0.32,2011,1,1
ESP-01,467,19.2,12.5,0.74977,2011,1,1
ESP-01,468,31.3,15.5,0.6,2011,1,1
ESP-01,469,15.2,8.25,0.5925,2011,1,1
ESP-01,469.1,NA,11.5,0.709,2011,1,1
ESP-01,469.2,NA,13,0.6,2011,1,1
ESP-01,470,19.2,13,0.74977,2011,1,1
ESP-01,470.1,NA,6.5,0.65,2011,1,1
ESP-01,471,15,10.5,0.52,2011,1,1
ESP-01,472,27.8,12.5,0.52,2011,1,1
ESP-01,472.1,NA,13,0.52,2011,1,1
ESP-01,473,15.2,13,0.32,2011,1,1
ESP-01,473.1,NA,10.5,0.56,2011,1,1
ESP-01,474,16.2,11.5,0.61785,2011,1,1
ESP-01,475,17.9,14.5,0.52,2011,1,1
ESP-01,475.1,NA,12,0.52,2011,1,1
ESP-01,475.2,NA,13.5,0.52,2011,1,1
ESP-01,476,17.7,13,0.74977,2011,1,1
ESP-01,476.1,NA,9,0.74977,2011,1,1
ESP-01,477,18.6,11,0.515,2011,1,1
ESP-01,478,32.9,14,0.52,2011,1,1
ESP-01,479,16.7,12.5,0.56,2011,1,1
ESP-01,480,12.7,8.25,0.65,2011,1,1
ESP-01,481,15.2,NA,0.74977,2011,1,1
ESP-01,482,36,14,0.52,2011,1,1
ESP-01,483,24.2,16,0.52,2011,1,1
ESP-01,484,19.7,14,0.6,2011,1,1
ESP-01,485,NA,NA,0.52,2011,1,1
ESP-01,486,22.7,13,0.515,2011,1,1
ESP-01,487,31.9,13,0.74977,2011,1,1
ESP-01,488,49.8,16,0.52,2011,1,1
ESP-01,489,NA,NA,0.61785,2011,1,1
ESP-01,490,40.8,13,0.52,2011,1,1
ESP-01,490.1,NA,13,0.52,2011,1,1
ESP-01,491,24.3,16,0.52,2011,1,1
ESP-01,492,33.5,15.5,0.52,2011,1,1
ESP-01,492.1,NA,6,0.61785,2011,1,1
ESP-01,493,23.3,14,0.52,2011,1,1
ESP-01,494,27.4,13.5,0.52,2011,1,1
ESP-01,494.1,NA,11,0.52,2011,1,1
ESP-01,495,11.4,9,0.65,2011,1,1
ESP-01,496,24,13,0.52,2011,1,1
ESP-01,497,36.6,12.5,0.52,2011,1,1
ESP-01,497.1,NA,9.75,0.52,2011,1,1
ESP-01,497.2,NA,9.25,0.52,2011,1,1
ESP-01,498,19.8,7.75,0.515,2011,1,1
ESP-01,499,21.4,11,0.32,2011,1,1
ESP-01,499.1,NA,NA,0.56,2011,1,1
ESP-01,499.2,NA,6.5,0.56,2011,1,1
ESP-01,499.3,NA,NA,0.65,2011,1,1
ESP-01,499.4,NA,11,0.515,2011,1,1
ESP-01,500,NA,11.5,0.503,2011,1,1
ESP-01,501,11.3,12,0.32,2011,1,1
ESP-01,502,NA,11.5,0.503,2011,1,1
ESP-01,503,41.5,14.5,0.52,2011,1,1
ESP-01,503.1,NA,11,0.45,2011,1,1
ESP-01,504,26.2,15.5,0.52,2011,1,1
ESP-01,504.1,NA,4.8,0.52,2011,1,1
ESP-01,505,16.2,10.5,0.594,2011,1,1
ESP-01,506,20.1,13.5,0.56,2011,1,1
ESP-01,507,23.7,12,0.32,2011,1,1
ESP-01,507.1,NA,NA,0.49,2011,1,1
ESP-01,508,15.6,12.5,0.56,2011,1,1
ESP-01,509,31.4,7,0.52,2011,1,1
ESP-01,510,17.8,13.5,0.515,2011,1,1
ESP-01,511,NA,12.5,0.61785,2011,1,1
ESP-01,512,17.1,14.5,0.52,2011,1,1
ESP-01,513,13.2,7.5,0.65,2011,1,1
ESP-01,514,13.1,9.5,0.465,2011,1,1
ESP-01,515,24,12,0.32,2011,1,1
ESP-01,516,39.5,13.5,0.52,2011,1,1
ESP-01,517,16.1,10,0.56,2011,1,1
ESP-01,518,32.3,13,0.515,2011,1,1
ESP-01,519,36.4,NA,0.52,2011,1,1
ESP-01,520,34.5,16,0.52,2011,1,1
ESP-01,521,10.7,10,0.515,2011,1,1
ESP-01,522,30.2,13.5,0.6,2011,1,1
ESP-01,523,NA,NA,0.56,2011,1,1
ESP-01,524,44.7,13,0.45,2011,1,1
ESP-01,525,22.3,9.5,0.515,2011,1,1
ESP-01,526,12.9,8.5,0.45,2011,1,1
ESP-01,534.1,NA,14.5,0.52,2011,1,1
ESP-01,535.1,NA,11,0.74977,2011,1,1
ESP-01,545.1,NA,10.5,0.52,2011,1,1
ESP-01,527,14.4,10,0.56,2011,1,1
ESP-01,528,14.3,12,0.52,2011,1,1
ESP-01,529,32.4,13.5,0.52,2011,1,1
ESP-01,530,18.4,12.5,0.56,2011,1,1
ESP-01,531,22.5,11.5,0.52,2011,1,1
ESP-01,532,17.7,10.5,0.61785,2011,1,1
ESP-01,533,33.4,10.5,0.52,2011,1,1
ESP-01,534,29.1,NA,0.52,2011,1,1
ESP-01,535,20.3,11.5,0.385395,2011,1,1
ESP-01,536,12.3,8.5,0.515,2011,1,1
ESP-01,537,12,8.5,0.61785,2011,1,1
ESP-01,538,NA,NA,0.594,2011,1,1
ESP-01,539,17,11.5,0.594,2011,1,1
ESP-01,539.1,NA,11,0.515,2011,1,1
ESP-01,540,13.3,11,0.515,2011,1,1
ESP-01,541,13,11.5,0.32,2011,1,1
ESP-01,542,13,11.5,0.52,2011,1,1
ESP-01,543,10.8,7,0.594,2011,1,1
ESP-01,544,27.8,14,0.52,2011,1,1
ESP-01,545,22.4,14.5,0.52,2011,1,1
ESP-01,546,17.2,14,0.52,2011,1,1
ESP-01,547,15.9,7.5,0.65,2011,1,1
ESP-01,548,16.5,10.5,0.465,2011,1,1
ESP-01,549,30.7,14,0.52,2011,1,1
ESP-01,550,17,13,0.52,2011,1,1
ESP-01,551,26.8,13,0.52,2011,1,1
ESP-01,551.1,NA,NA,0.61785,2011,1,1
ESP-01,552,31.1,15.5,0.52,2011,1,1
ESP-01,553,19.2,13.5,0.52,2011,1,1
ESP-01,554,11.9,11.5,0.52,2011,1,1
ESP-01,555,NA,9.5,0.52,2011,1,1
ESP-01,556,22.4,14,0.52,2011,1,1
ESP-01,557,14.6,11,0.52,2011,1,1
ESP-01,558,18.8,12.5,0.52,2011,1,1
ESP-01,559,20.4,13,0.385395,2011,1,1
ESP-01,560,16.7,13,0.465,2011,1,1
ESP-01,561,22.7,13.5,0.74977,2011,1,1
ESP-01,562,20.3,11,0.515,2011,1,1
ESP-01,563,32,14,0.52,2011,1,1
ESP-01,564,21.6,16.5,0.52,2011,1,1
ESP-01,565,15.2,14,0.52,2011,1,1
ESP-01,565.1,NA,7.5,0.45,2011,1,1
ESP-01,566,18.7,14.5,0.52,2011,1,1
ESP-01,567,12.2,9.25,0.65,2011,1,1
ESP-01,568,31.5,16,0.52,2011,1,1
ESP-01,568.1,NA,5.5,0.52,2011,1,1
ESP-01,568.2,NA,11.5,0.610052842,2011,1,1
ESP-01,569,36.8,13,0.6,2011,1,1
ESP-01,570,37.5,15,0.52,2011,1,1
ESP-01,571,11.1,12.5,0.515,2011,1,1
ESP-01,572,32.9,12,0.52,2011,1,1
ESP-01,573,24.6,11,0.52,2011,1,1
ESP-01,574,45,NA,0.6,2011,1,1
ESP-01,575,28.5,17.5,0.6,2011,1,1
ESP-01,576,28.5,15,0.74977,2011,1,1
ESP-01,577,17,9,0.515,2011,1,1
ESP-01,578,NA,NA,0.52,2011,1,1
ESP-01,579,16.8,10.5,0.74977,2011,1,1
ESP-01,580,27,11.5,0.6,2011,1,1
ESP-01,581,12.4,8,0.425,2011,1,1
ESP-01,582,22.7,15,0.52,2011,1,1
ESP-01,583,16.8,10,0.45,2011,1,1
ESP-01,584,13.1,11.5,0.61785,2011,1,1
ESP-01,585,14.1,8.5,0.515,2011,1,1
ESP-01,586,34.8,12.5,0.52,2011,1,1
ESP-01,587,22.7,13,0.52,2011,1,1
ESP-01,588,18.7,15.5,0.74977,2011,1,1
ESP-01,588.1,NA,12,0.61785,2011,1,1
ESP-01,589,12.8,10,0.65,2011,1,1
ESP-01,590,13.9,16.5,0.52,2011,1,1
ESP-01,591,36.6,18,0.45,2011,1,1
ESP-01,592,46,14.5,0.6,2011,1,1
ESP-01,593,14.4,12.5,0.45,2011,1,1
ESP-01,594,47.3,NA,0.6,2011,1,1
ESP-01,595,39.1,13,0.52,2011,1,1
ESP-01,596,11.8,15,0.52,2011,1,1
ESP-01,597,20.6,12,0.56,2011,1,1
ESP-01,598,NA,NA,0.61785,2011,1,1
ESP-01,599,12.4,12,0.515,2011,1,1
ESP-01,600,23.5,13.5,0.515,2011,1,1
ESP-01,601,16.4,9.5,0.52,2011,1,1
ESP-01,601.1,NA,3,0.65,2011,1,1
ESP-01,602,16.9,11,0.32,2011,1,1
ESP-01,603,20,13,0.52,2011,1,1
ESP-01,604,11.3,5.5,0.65,2011,1,1
ESP-01,604.1,NA,7.75,0.65,2011,1,1
ESP-01,605,13.5,10,0.52,2011,1,1
ESP-01,606,16.3,8.5,0.74977,2011,1,1
ESP-01,606.11,NA,9,0.45,2011,1,1
ESP-01,607,14.7,14.5,0.56,2011,1,1
ESP-01,608,11.6,13,0.52,2011,1,1
ESP-01,609,14.2,11.5,0.52,2011,1,1
ESP-01,610,13.6,7.5,0.56,2011,1,1
ESP-01,611,38.5,13.5,0.52,2011,1,1
ESP-01,612,19.1,17.5,0.52,2011,1,1
ESP-01,613,13.6,11,0.45,2011,1,1
ESP-01,614,12.12,8.5,0.65,2011,1,1
ESP-01,615,16.5,8.5,0.45,2011,1,1
ESP-01,616,28,17,0.52,2011,1,1
ESP-01,617,23.4,12.5,0.594,2011,1,1
ESP-01,618,31.8,NA,0.6,2011,1,1
ESP-01,619,17.2,12,0.49,2011,1,1
ESP-01,620,25.70273973,11,0.52,2011,1,1
ESP-01,620.1,NA,12,0.49,2011,1,1
ESP-01,621,NA,NA,0.52,2011,1,1
ESP-01,622,12.1,6.5,0.65,2011,1,1
ESP-01,623,16.6,13.5,0.32,2011,1,1
ESP-01,624,23.4,13.5,0.515,2011,1,1
ESP-01,625,12.3,11,0.52,2011,1,1
ESP-01,606.1,NA,9,0.52,2011,1,1
ESP-01,626,25.9,12.5,0.52,2011,1,1
ESP-01,627,26,16.5,0.52,2011,1,1
ESP-01,627.1,NA,8.5,0.61785,2011,1,1
ESP-01,627.2,NA,12,0.61785,2011,1,1
ESP-01,627.3,NA,11,0.65,2011,1,1
ESP-01,628,24.5,14,0.52,2011,1,1
ESP-01,628.1,NA,12,0.52,2011,1,1
ESP-01,629,22.3,12.5,0.52,2011,1,1
ESP-01,630,23,14.5,0.52,2011,1,1
ESP-01,631,12.4,NA,0.52,2011,1,1
ESP-01,632,20,11,0.6,2011,1,1
ESP-01,633,12.2,8,0.56,2011,1,1
ESP-01,634,22.5,14,0.52,2011,1,1
ESP-01,635,NA,NA,0.74977,2011,1,1
ESP-01,636,14.6,8.5,0.52,2011,1,1
ESP-01,637,16.9,6.5,0.65,2011,1,1
ESP-01,638,20.4,9.5,0.6,2011,1,1
ESP-01,639,16.7,10,0.515,2011,1,1
ESP-01,639.1,NA,10,0.52,2011,1,1
ESP-01,639.2,NA,11,0.52,2011,1,1
ESP-01,639.3,NA,9.5,0.52,2011,1,1
ESP-01,640,15.2,12,0.32,2011,1,1
ESP-01,640.1,NA,NA,0.52,2011,1,1
ESP-01,641,26.5,14.5,0.6,2011,1,1
ESP-01,641.1,NA,11,0.6,2011,1,1
ESP-01,642,25.9,11.5,0.52,2011,1,1
ESP-01,643,NA,NA,0.61785,2011,1,1
ESP-01,644,20.1,9.5,0.594,2011,1,1
ESP-01,645,20.8,14,0.49,2011,1,1
ESP-01,645.1,NA,13.5,0.61785,2011,1,1
ESP-01,646,20.9,12.5,0.61785,2011,1,1
ESP-01,646.1,NA,9,0.61785,2011,1,1
ESP-01,647,27.2,14,0.52,2011,1,1
ESP-01,648,12.5,8,0.52,2011,1,1
ESP-01,649,16.2,8.5,0.65,2011,1,1
ESP-01,650,19.4,10,0.52,2011,1,1
ESP-01,651,27.5,12,0.6,2011,1,1
ESP-01,652,22.7,15,0.52,2011,1,1
ESP-01,653,11.4,15,0.52,2011,1,1
ESP-01,654,17.5,10,0.515,2011,1,1
ESP-01,655,19.4,11.5,0.515,2011,1,1
ESP-01,656,33.4,14,0.594,2011,1,1
ESP-01,657,37.5,18,0.52,2011,1,1
ESP-01,658,11.4,9,0.61785,2011,1,1
ESP-01,659,15.6,8,0.61785,2011,1,1
ESP-01,660,12,19,0.709,2011,1,1
ESP-01,661,26,10,0.52,2011,1,1
ESP-01,662,13.5,8.5,0.465,2011,1,1
ESP-01,663,18.1,10,0.52,2011,1,1
ESP-01,664,32,11.5,0.503,2011,1,1
ESP-01,665,15.7,9,0.6,2011,1,1
ESP-01,666,12.8,11,0.515,2011,1,1
ESP-01,667,12.9,11.5,0.49,2011,1,1
ESP-01,668,11.5,11.5,0.515,2011,1,1
ESP-01,669,16.1,12,0.515,2011,1,1
ESP-01,670,21.4,11,0.52,2011,1,1
ESP-01,671,26.9,NA,0.6,2011,1,1
ESP-01,672,18.8,13,0.515,2011,1,1
ESP-01,672.1,NA,10,0.49,2011,1,1
ESP-01,672.2,NA,9.5,0.709,2011,1,1
ESP-01,673,NA,NA,0.515,2011,1,1
ESP-01,674,23.4,10.5,0.32,2011,1,1
ESP-01,675,18.5,11,0.74977,2011,1,1
ESP-01,676,19.8,15,0.52,2011,1,1
ESP-01,677,11.7,12.5,0.74977,2011,1,1
ESP-01,678,12.9,13,0.61785,2011,1,1
ESP-01,679,18.5,11,0.74977,2011,1,1
ESP-01,680,17.2,13.5,0.74977,2011,1,1
ESP-01,681,12.7,16,0.61785,2011,1,1
ESP-01,682,29.9,10.5,0.465,2011,1,1
ESP-01,683,27.1,11,0.6,2011,1,1
ESP-01,684,13,NA,0.65,2011,1,1
ESP-01,685,30.7,14,0.52,2011,1,1
ESP-01,686,11.3,11,0.56,2011,1,1
ESP-01,687,12.5,7.5,0.52,2011,1,1
ESP-01,688,NA,NA,0.61785,2011,1,1
ESP-01,689,16.6,10,0.52,2011,1,1
ESP-01,689.1,NA,11,0.52,2011,1,1
ESP-01,690,10.9,8.5,0.65,2011,1,1
ESP-01,691,30.5,15,0.52,2011,1,1
ESP-01,692,11.1,8,0.5925,2011,1,1
ESP-01,692.1,NA,13,0.610052842,2011,1,1
ESP-01,693,25.7,16.5,0.52,2011,1,1
ESP-01,694,16,13.5,0.49,2011,1,1
ESP-01,695,18.8,14,0.65,2011,1,1
ESP-01,696,15.7,NA,0.465,2011,1,1
ESP-01,697,46.4,17,0.52,2011,1,1
ESP-01,698,23.9,10.5,0.6,2011,1,1
ESP-01,698.1,NA,18,0.65,2011,1,1
ESP-01,699,NA,NA,0.74977,2011,1,1
ESP-01,700,24.5,7.5,0.52,2011,1,1
ESP-01,701,12,8.5,0.65,2011,1,1
ESP-01,702,43.4,20,0.52,2011,1,1
ESP-01,703,18.8,11,0.52,2011,1,1
ESP-01,704,11,11.5,0.65,2011,1,1
ESP-01,705,39.7,11.5,0.52,2011,1,1
ESP-01,706,38,14,0.45,2011,1,1
ESP-01,707,10.4,8.5,0.56,2011,1,1
ESP-01,708,20.9,16.5,0.52,2011,1,1
ESP-01,709,11.8,NA,0.65,2011,1,1
ESP-01,709.1,NA,NA,0.65,2011,1,1
ESP-01,710,14,NA,0.45,2011,1,1
ESP-01,711,NA,NA,0.65,2011,1,1
