"","plot_code","tree_tag","dbh","height_m","density","year","month","day","plot"
"1","TAM-05","3",21.4,16,0.69625,2005,1,16,"TAM-05"
"2","TAM-05","4",14,24,0.896384615,2005,1,16,"TAM-05"
"3","TAM-05","5",12.4,21,0.896384615,2005,1,16,"TAM-05"
"4","TAM-05","6",15.9,13.6,0.727,2005,1,16,"TAM-05"
"5","TAM-05","7",17.3,20.3,0.38,2005,1,16,"TAM-05"
"6","TAM-05","8",15.9,22,0.266,2005,1,16,"TAM-05"
"7","TAM-05","9",22.3,14.9,0.6995,2005,1,16,"TAM-05"
"8","TAM-05","11",22.7,13.5,0.625,2005,1,16,"TAM-05"
"9","TAM-05","12",11.3,12.9,0.633333333,2005,1,16,"TAM-05"
"10","TAM-05","12.1",14.9,16,0.37,2005,1,16,"TAM-05"
"11","TAM-05","13",15.2,16.3,0.629,2005,1,16,"TAM-05"
"12","TAM-05","13.1",17.9,18.3,0.37,2005,1,16,"TAM-05"
"13","TAM-05","15",25.4,23.5,0.6,2005,1,16,"TAM-05"
"14","TAM-05","16",22.1,16.1,0.657272727,2005,1,16,"TAM-05"
"15","TAM-05","17",12.2,12.8,0.6405,2005,1,16,"TAM-05"
"16","TAM-05","19",13.1,15.1,0.57,2005,1,16,"TAM-05"
"17","TAM-05","20",39.7,32,0.637,2005,1,16,"TAM-05"
"18","TAM-05","21",20.4,28.1,0.37,2005,1,16,"TAM-05"
"19","TAM-05","23",16.1,11,0.37,2005,1,16,"TAM-05"
"20","TAM-05","25",20.6,12,0.8164,2005,1,16,"TAM-05"
"21","TAM-05","26",30,31,0.37,2005,1,16,"TAM-05"
"22","TAM-05","27",17.8,14.4,0.727,2005,1,16,"TAM-05"
"23","TAM-05","28",10.5,27.7,0.61,2005,1,16,"TAM-05"
"24","TAM-05","28.1",9.7,8.7,0.51772,2005,1,16,"TAM-05"
"25","TAM-05","29",12,16,0.727,2005,1,16,"TAM-05"
"26","TAM-05","31",15.3,19,0.618444444,2005,1,16,"TAM-05"
"27","TAM-05","32",13,15.6,0.615,2005,1,16,"TAM-05"
"28","TAM-05","33",11.5,11.9,0.6405,2005,1,16,"TAM-05"
"29","TAM-05","34",14.6,17,0.727,2005,1,16,"TAM-05"
"30","TAM-05","35",28.5,19,0.614666667,2005,1,16,"TAM-05"
"31","TAM-05","36",12.9,9.7,0.717333333,2005,1,16,"TAM-05"
"32","TAM-05","36.1",NA,NA,0.436,2005,1,16,"TAM-05"
"33","TAM-05","37",42,40,0.8164,2005,1,16,"TAM-05"
"34","TAM-05","40",16.4,9.8,0.8164,2005,1,16,"TAM-05"
"35","TAM-05","43",67.3,37,0.7685,2005,1,16,"TAM-05"
"36","TAM-05","43.1",11.6,10.2,0.53,2005,1,16,"TAM-05"
"37","TAM-05","45",48.2,33,0.825142857,2005,1,16,"TAM-05"
"38","TAM-05","45.1",10.7,11.4,0.808782609,2005,1,16,"TAM-05"
"39","TAM-05","46",16.2,16,0.618444444,2005,1,16,"TAM-05"
"40","TAM-05","47",24.5,6.5,0.6,2005,1,16,"TAM-05"
"41","TAM-05","48",15.9,14.9,0.633333333,2005,1,16,"TAM-05"
"42","TAM-05","51",38.7,23,0.637,2005,1,16,"TAM-05"
"43","TAM-05","53",13.1,11.8,0.754235294,2005,1,16,"TAM-05"
"44","TAM-05","55",40,10.1,0.614666667,2005,1,16,"TAM-05"
"45","TAM-05","56",15.7,15,0.717333333,2005,1,16,"TAM-05"
"46","TAM-05","59",18.6,9.1,0.727,2005,1,16,"TAM-05"
"47","TAM-05","60",18,17.2,0.510488636,2005,1,16,"TAM-05"
"48","TAM-05","61",79.3,38.9,0.8774,2005,1,16,"TAM-05"
"49","TAM-05","62",11.6,16,0.510488636,2005,1,16,"TAM-05"
"50","TAM-05","62.1",10.3,5.7,0.809857143,2005,1,16,"TAM-05"
"51","TAM-05","63",13.9,6.7,0.625,2005,1,16,"TAM-05"
"52","TAM-05","64",14.6,17,0.56,2005,1,16,"TAM-05"
"53","TAM-05","66",17.9,12,0.753,2005,1,16,"TAM-05"
"54","TAM-05","66.1",10.5,8.9,0.6,2005,1,16,"TAM-05"
"55","TAM-05","68",18,20,0.615,2005,1,16,"TAM-05"
"56","TAM-05","69",38.3,17,0.52261165,2005,1,16,"TAM-05"
"57","TAM-05","69.1",10.5,6.5,0.53,2005,1,16,"TAM-05"
"58","TAM-05","69.2",NA,14.9,0.825,2005,1,16,"TAM-05"
"59","TAM-05","70",24,22,0.37,2005,1,16,"TAM-05"
"60","TAM-05","71",24,13.3,0.825,2005,1,16,"TAM-05"
"61","TAM-05","71.1",10.9,9.1,0.633333333,2005,1,16,"TAM-05"
"62","TAM-05","72",21.7,22.7,0.828119403,2005,1,16,"TAM-05"
"63","TAM-05","74",53.4,31.5,0.618444444,2005,1,16,"TAM-05"
"64","TAM-05","75",10.5,11.2,0.510488636,2005,1,16,"TAM-05"
"65","TAM-05","76",14.5,18.1,0.6995,2005,1,16,"TAM-05"
"66","TAM-05","77",24.2,22,0.825142857,2005,1,16,"TAM-05"
"67","TAM-05","78",16.8,9.5,0.811142857,2005,1,16,"TAM-05"
"68","TAM-05","79",20.6,10.2,0.6995,2005,1,16,"TAM-05"
"69","TAM-05","80",14.2,11.7,0.8705,2005,1,16,"TAM-05"
"70","TAM-05","81",27.3,19,0.8705,2005,1,16,"TAM-05"
"71","TAM-05","83",30.1,22.4,0.852083333,2005,1,16,"TAM-05"
"72","TAM-05","83.1",11.2,14.6,0.61,2005,1,16,"TAM-05"
"73","TAM-05","85",10.6,4.5,0.571,2005,1,16,"TAM-05"
"74","TAM-05","86",18.3,21.6,0.436,2005,1,16,"TAM-05"
"75","TAM-05","88",10.2,12.9,0.727,2005,1,16,"TAM-05"
"76","TAM-05","88.1",11.5,11.8,0.37,2005,1,16,"TAM-05"
"77","TAM-05","89",11.7,12.7,0.8705,2005,1,16,"TAM-05"
"78","TAM-05","90",39.1,18.2,0.77675,2005,1,16,"TAM-05"
"79","TAM-05","90.1",10.2,9.2,0.492,2005,1,16,"TAM-05"
"80","TAM-05","91",10.7,7.3,0.707857143,2005,1,16,"TAM-05"
"81","TAM-05","92",32.2,32,0.266,2005,1,16,"TAM-05"
"82","TAM-05","96",NA,NA,0.622769231,2005,1,16,"TAM-05"
"83","TAM-05","96.1",12.1,18.7,0.8705,2005,1,16,"TAM-05"
"84","TAM-05","96.2",16.9,14.2,0.436,2005,1,16,"TAM-05"
"85","TAM-05","97",10.6,9.1,0.622122807,2005,1,16,"TAM-05"
"86","TAM-05","98",15.4,10.5,0.825142857,2005,1,16,"TAM-05"
"87","TAM-05","99",24,20.2,0.37,2005,1,16,"TAM-05"
"88","TAM-05","100",36,20.6,0.589066667,2005,1,16,"TAM-05"
"89","TAM-05","100.1",12,12.4,0.8164,2005,1,16,"TAM-05"
"90","TAM-05","101",23.9,18,0.558533955,2005,1,16,"TAM-05"
"91","TAM-05","102",12.4,16.2,0.8164,2005,1,16,"TAM-05"
"92","TAM-05","103",46.9,32,0.42656962,2005,1,16,"TAM-05"
"93","TAM-05","104",21,17.6,0.436,2005,1,16,"TAM-05"
"94","TAM-05","105",20.5,23.3,0.414333333,2005,1,16,"TAM-05"
"95","TAM-05","105.1",NA,NA,0.660158304,2005,1,16,"TAM-05"
"96","TAM-05","106",31.7,13.5,0.678144059,2005,1,16,"TAM-05"
"97","TAM-05","107",18.9,10.8,0.727,2005,1,16,"TAM-05"
"98","TAM-05","108",12.1,8.9,0.61,2005,1,16,"TAM-05"
"99","TAM-05","109",22.3,30,0.267,2005,1,16,"TAM-05"
"100","TAM-05","110",69,20,0.412789474,2005,1,16,"TAM-05"
"101","TAM-05","111",26.8,23.2,0.66025,2005,1,16,"TAM-05"
"102","TAM-05","112",13.8,11.3,0.633333333,2005,1,16,"TAM-05"
"103","TAM-05","113",14.9,14.1,0.436,2005,1,16,"TAM-05"
"104","TAM-05","114",12.5,13.9,0.825,2005,1,16,"TAM-05"
"105","TAM-05","116",12,20.4,0.558533955,2005,1,16,"TAM-05"
"106","TAM-05","117",21.3,21.9,0.436,2005,1,16,"TAM-05"
"107","TAM-05","119",10.8,3.4,0.629888889,2005,1,16,"TAM-05"
"108","TAM-05","119.1",11,14.2,0.622769231,2005,1,16,"TAM-05"
"109","TAM-05","120",18.5,12,0.629,2005,1,16,"TAM-05"
"110","TAM-05","121",22.8,14.5,0.457,2005,1,16,"TAM-05"
"111","TAM-05","122",76.7,24.8,0.540586207,2005,1,16,"TAM-05"
"112","TAM-05","123",31,14,0.436,2005,1,16,"TAM-05"
"113","TAM-05","124",24,17.1,0.436,2005,1,16,"TAM-05"
"114","TAM-05","124.1",11.7,9.4,0.38,2005,1,16,"TAM-05"
"115","TAM-05","125",17.8,12.4,0.571,2005,1,16,"TAM-05"
"116","TAM-05","126",10.5,12.2,0.6405,2005,1,16,"TAM-05"
"117","TAM-05","127",22.6,16.6,0.38,2005,1,16,"TAM-05"
"118","TAM-05","128",17.3,16.4,0.387666667,2005,1,16,"TAM-05"
"119","TAM-05","131",11.7,5.1,0.54325,2005,1,16,"TAM-05"
"120","TAM-05","132",11.4,7.3,0.615,2005,1,16,"TAM-05"
"121","TAM-05","133",22.5,15.6,0.828119403,2005,1,16,"TAM-05"
"122","TAM-05","134",16,4,0.615,2005,1,16,"TAM-05"
"123","TAM-05","135",16.5,12.3,0.6,2005,1,16,"TAM-05"
"124","TAM-05","136",11.5,13,0.719166667,2005,1,16,"TAM-05"
"125","TAM-05","136.1",10,11.3,0.70209062,2005,1,16,"TAM-05"
"126","TAM-05","137",14.3,12.7,0.633333333,2005,1,16,"TAM-05"
"127","TAM-05","138",34,23,0.571,2005,1,16,"TAM-05"
"128","TAM-05","139",17.3,12.1,0.57,2005,1,16,"TAM-05"
"129","TAM-05","139.1",13.1,11.4,0.436,2005,1,16,"TAM-05"
"130","TAM-05","139.2",10.1,11.3,0.436,2005,1,16,"TAM-05"
"131","TAM-05","140",17.9,15.6,0.808782609,2005,1,16,"TAM-05"
"132","TAM-05","141",15.9,14.5,0.63626178,2005,1,16,"TAM-05"
"133","TAM-05","142",17,15.2,0.589066667,2005,1,16,"TAM-05"
"134","TAM-05","143",14.9,10.7,0.6,2005,1,16,"TAM-05"
"135","TAM-05","144",15.6,8.4,0.6,2005,1,16,"TAM-05"
"136","TAM-05","145",18.9,21.2,0.825,2005,1,16,"TAM-05"
"137","TAM-05","146",26.4,20,0.6556,2005,1,16,"TAM-05"
"138","TAM-05","147",23.8,13.7,0.849888889,2005,1,16,"TAM-05"
"139","TAM-05","147.1",11,20,0.436,2005,1,16,"TAM-05"
"140","TAM-05","148",13.4,14,0.727,2005,1,16,"TAM-05"
"141","TAM-05","149",24.7,18.9,0.8705,2005,1,16,"TAM-05"
"142","TAM-05","150",33.6,21.4,0.786714286,2005,1,16,"TAM-05"
"143","TAM-05","151",18.3,12.5,0.727,2005,1,16,"TAM-05"
"144","TAM-05","151.1",14.6,10.8,0.38,2005,1,16,"TAM-05"
"145","TAM-05","152",14.7,11.9,0.47,2005,1,16,"TAM-05"
"146","TAM-05","153",11.5,13.7,0.825,2005,1,16,"TAM-05"
"147","TAM-05","154",14.6,15.4,0.825,2005,1,16,"TAM-05"
"148","TAM-05","155",13.4,16.4,0.387666667,2005,1,16,"TAM-05"
"149","TAM-05","156",31.5,17,0.727,2005,1,16,"TAM-05"
"150","TAM-05","156.1",10.1,12.3,0.51772,2005,1,16,"TAM-05"
"151","TAM-05","156.2",NA,NA,0.444604162,2005,1,16,"TAM-05"
"152","TAM-05","157",12.6,12.2,0.42,2005,1,16,"TAM-05"
"153","TAM-05","157.1",11.5,12.4,0.629,2005,1,16,"TAM-05"
"154","TAM-05","160",24,15.2,0.8435,2005,1,16,"TAM-05"
"155","TAM-05","162",12.3,14.1,0.727,2005,1,16,"TAM-05"
"156","TAM-05","162.1",14.7,13.9,0.466625,2005,1,16,"TAM-05"
"157","TAM-05","162.2",10.2,11.9,0.633333333,2005,1,16,"TAM-05"
"158","TAM-05","162.3",14.1,13.4,0.633333333,2005,1,16,"TAM-05"
"159","TAM-05","163",10.3,8.4,0.6405,2005,1,16,"TAM-05"
"160","TAM-05","163.1",10,12.9,0.53,2005,1,16,"TAM-05"
"161","TAM-05","164",17,12.1,0.717333333,2005,1,16,"TAM-05"
"162","TAM-05","165",25.9,15.9,0.436,2005,1,16,"TAM-05"
"163","TAM-05","168",12.7,9.7,0.75,2005,1,16,"TAM-05"
"164","TAM-05","169",65.4,36.5,0.69,2005,1,16,"TAM-05"
"165","TAM-05","170",21.8,15.3,0.727,2005,1,16,"TAM-05"
"166","TAM-05","172",10,7.6,0.6405,2005,1,16,"TAM-05"
"167","TAM-05","172.2",9.8,10,0.629888889,2005,1,16,"TAM-05"
"168","TAM-05","172.3",10.3,11.2,0.444604162,2005,1,16,"TAM-05"
"169","TAM-05","173",17.1,12.5,0.37,2005,1,16,"TAM-05"
"170","TAM-05","173.1",13.7,12.6,0.436,2005,1,16,"TAM-05"
"171","TAM-05","174",31.2,20.5,0.54,2005,1,16,"TAM-05"
"172","TAM-05","175",11,6,0.622769231,2005,1,16,"TAM-05"
"173","TAM-05","176",57.7,27.3,0.585428571,2005,1,16,"TAM-05"
"174","TAM-05","177",15.3,12.7,0.56,2005,1,16,"TAM-05"
"175","TAM-05","178",22,13,0.6,2005,1,16,"TAM-05"
"176","TAM-05","179",13.4,6.2,0.725,2005,1,16,"TAM-05"
"177","TAM-05","180",15.4,10,0.8164,2005,1,16,"TAM-05"
"178","TAM-05","180.1",12.7,14.5,0.436,2005,1,16,"TAM-05"
"179","TAM-05","181",12.9,12,0.63,2005,1,16,"TAM-05"
"180","TAM-05","182",33.9,21.2,0.629,2005,1,16,"TAM-05"
"181","TAM-05","182.1",10.2,9.8,0.63626178,2005,1,16,"TAM-05"
"182","TAM-05","183",21.8,11,0.436,2005,1,16,"TAM-05"
"183","TAM-05","183.1",NA,12.3,0.56,2005,1,16,"TAM-05"
"184","TAM-05","184",22.2,14.8,0.571,2005,1,16,"TAM-05"
"185","TAM-05","184.1",17,6.4,0.38625,2005,1,16,"TAM-05"
"186","TAM-05","184.2",NA,8.2,NA,2005,1,16,"TAM-05"
"187","TAM-05","186",18.3,15.1,0.589066667,2005,1,16,"TAM-05"
"188","TAM-05","188",17.7,14.1,0.59,2005,1,16,"TAM-05"
"189","TAM-05","188.1",13,9.6,0.387666667,2005,1,16,"TAM-05"
"190","TAM-05","189",12,3.8,0.8164,2005,1,16,"TAM-05"
"191","TAM-05","191",18.1,13.4,0.727,2005,1,16,"TAM-05"
"192","TAM-05","191.1",10.3,16.2,0.353578132,2005,1,16,"TAM-05"
"193","TAM-05","192",23.4,21.8,0.52239801,2005,1,16,"TAM-05"
"194","TAM-05","193",13,20.3,0.69625,2005,1,16,"TAM-05"
"195","TAM-05","194",12,16.1,0.558533955,2005,1,16,"TAM-05"
"196","TAM-05","195",20.8,20,0.808782609,2005,1,16,"TAM-05"
"197","TAM-05","196",11,7.5,0.56,2005,1,16,"TAM-05"
"198","TAM-05","197",NA,NA,0.570966942,2005,1,16,"TAM-05"
"199","TAM-05","198",13.3,10.3,0.75,2005,1,16,"TAM-05"
"200","TAM-05","199",86,18.1,0.5635,2005,1,16,"TAM-05"
"201","TAM-05","201",13.8,9,0.56,2005,1,16,"TAM-05"
"202","TAM-05","202",30,17.4,0.625,2005,1,16,"TAM-05"
"203","TAM-05","203",34.3,14.6,0.6556,2005,1,16,"TAM-05"
"204","TAM-05","204",12.7,7.9,0.717333333,2005,1,16,"TAM-05"
"205","TAM-05","205",20.3,12,0.633333333,2005,1,16,"TAM-05"
"206","TAM-05","206",13,19.9,0.52261165,2005,1,16,"TAM-05"
"207","TAM-05","207",12.4,9.7,0.8705,2005,1,16,"TAM-05"
"208","TAM-05","208",28.7,17.3,0.629,2005,1,16,"TAM-05"
"209","TAM-05","209",19.7,7.5,0.625,2005,1,16,"TAM-05"
"210","TAM-05","210",82,28,0.350666667,2005,1,16,"TAM-05"
"211","TAM-05","211",13.4,5.9,0.56,2005,1,16,"TAM-05"
"212","TAM-05","212",32,23.7,0.678144059,2005,1,16,"TAM-05"
"213","TAM-05","213",NA,NA,0.579769231,2005,1,16,"TAM-05"
"214","TAM-05","214",11.2,10.6,0.717333333,2005,1,16,"TAM-05"
"215","TAM-05","215",19.1,17,0.436,2005,1,16,"TAM-05"
"216","TAM-05","216.1",10.5,15.3,0.615,2005,1,16,"TAM-05"
"217","TAM-05","217",25.4,19.2,0.571,2005,1,16,"TAM-05"
"218","TAM-05","218",20.1,17.8,0.49,2005,1,16,"TAM-05"
"219","TAM-05","219",13.5,10.6,0.75,2005,1,16,"TAM-05"
"220","TAM-05","220",14.9,11.9,0.825,2005,1,16,"TAM-05"
"221","TAM-05","222",18,12.4,0.625,2005,1,16,"TAM-05"
"222","TAM-05","223",23.2,20,0.52261165,2005,1,16,"TAM-05"
"223","TAM-05","224",18.4,18.1,0.629,2005,1,16,"TAM-05"
"224","TAM-05","226",12.9,13.3,0.754235294,2005,1,16,"TAM-05"
"225","TAM-05","227",35.3,15.2,0.629,2005,1,16,"TAM-05"
"226","TAM-05","228",18.8,14.4,0.62,2005,1,16,"TAM-05"
"227","TAM-05","229",21.8,11.6,0.75,2005,1,16,"TAM-05"
"228","TAM-05","230",18.4,13.1,0.62,2005,1,16,"TAM-05"
"229","TAM-05","231",11.4,13.3,0.69625,2005,1,16,"TAM-05"
"230","TAM-05","232",22.8,20.3,0.77675,2005,1,16,"TAM-05"
"231","TAM-05","232.1",10.3,9.1,0.548492754,2005,1,16,"TAM-05"
"232","TAM-05","232.2",11.4,12.3,0.614666667,2005,1,16,"TAM-05"
"233","TAM-05","233",35.3,27.2,0.38,2005,1,16,"TAM-05"
"234","TAM-05","235",24.6,17.4,0.436,2005,1,16,"TAM-05"
"235","TAM-05","237",22.7,12.7,0.717333333,2005,1,16,"TAM-05"
"236","TAM-05","238",16.2,19.9,0.42656962,2005,1,16,"TAM-05"
"237","TAM-05","239",30.1,NA,0.436,2005,1,16,"TAM-05"
"238","TAM-05","240",13.1,15.2,0.615,2005,1,16,"TAM-05"
"239","TAM-05","241",11.5,11.3,0.782736842,2005,1,16,"TAM-05"
"240","TAM-05","242",16.9,13.7,0.614666667,2005,1,16,"TAM-05"
"241","TAM-05","243",13.4,11,0.5635,2005,1,16,"TAM-05"
"242","TAM-05","244",18.4,15.6,0.825,2005,1,16,"TAM-05"
"243","TAM-05","245",13.4,13.6,0.8164,2005,1,16,"TAM-05"
"244","TAM-05","247",13.7,22.8,0.637,2005,1,16,"TAM-05"
"245","TAM-05","248",16.8,17,0.436,2005,1,16,"TAM-05"
"246","TAM-05","249",29.3,20,0.727,2005,1,16,"TAM-05"
"247","TAM-05","250",28.6,17.4,0.852083333,2005,1,16,"TAM-05"
"248","TAM-05","250.1",12.4,12.1,0.42,2005,1,16,"TAM-05"
"249","TAM-05","252",17.8,12.4,0.575268293,2005,1,16,"TAM-05"
"250","TAM-05","252.1",11.5,9.7,0.56,2005,1,16,"TAM-05"
"251","TAM-05","252.2",11.5,7.1,0.63,2005,1,16,"TAM-05"
"252","TAM-05","253",13.8,12.2,0.625,2005,1,16,"TAM-05"
"253","TAM-05","255",19.8,23.9,0.622122807,2005,1,16,"TAM-05"
"254","TAM-05","256",12.9,11,0.615,2005,1,16,"TAM-05"
"255","TAM-05","258",26.9,15.9,0.657272727,2005,1,16,"TAM-05"
"256","TAM-05","259",31.3,20.1,0.598571429,2005,1,16,"TAM-05"
"257","TAM-05","261",10.4,7.2,0.52261165,2005,1,16,"TAM-05"
"258","TAM-05","262",16.5,11.8,0.511153846,2005,1,16,"TAM-05"
"259","TAM-05","263",20.2,11.7,0.625,2005,1,16,"TAM-05"
"260","TAM-05","263.1",10.5,10.4,0.836190476,2005,1,16,"TAM-05"
"261","TAM-05","263.2",9.3,9.8,0.63697784,2005,1,16,"TAM-05"
"262","TAM-05","264",35.1,19.3,0.436,2005,1,16,"TAM-05"
"263","TAM-05","266",12.8,13.7,0.852083333,2005,1,16,"TAM-05"
"264","TAM-05","268",10.7,5.9,0.49,2005,1,16,"TAM-05"
"265","TAM-05","269",49.7,28.3,0.38,2005,1,16,"TAM-05"
"266","TAM-05","270",19.6,15.5,0.811142857,2005,1,16,"TAM-05"
"267","TAM-05","271",13,12.5,0.8705,2005,1,16,"TAM-05"
"268","TAM-05","272",13.6,15.8,0.8705,2005,1,16,"TAM-05"
"269","TAM-05","273",10.4,8.1,0.618444444,2005,1,16,"TAM-05"
"270","TAM-05","274",18.6,14.4,0.633333333,2005,1,16,"TAM-05"
"271","TAM-05","275",39.4,28,0.657272727,2005,1,16,"TAM-05"
"272","TAM-05","276",41.1,24.3,0.52261165,2005,1,16,"TAM-05"
"273","TAM-05","277",10.2,6.8,0.571,2005,1,16,"TAM-05"
"274","TAM-05","278",12.7,19.2,0.8164,2005,1,16,"TAM-05"
"275","TAM-05","279",21,15.7,0.571,2005,1,16,"TAM-05"
"276","TAM-05","279.1",10.9,12.3,0.436,2005,1,16,"TAM-05"
"277","TAM-05","280",20.1,13.2,0.75,2005,1,16,"TAM-05"
"278","TAM-05","281",22.7,17.9,0.657272727,2005,1,16,"TAM-05"
"279","TAM-05","282",65.3,27.3,0.698916667,2005,1,16,"TAM-05"
"280","TAM-05","283",19.1,14.1,0.625,2005,1,16,"TAM-05"
"281","TAM-05","284",24.8,16.4,0.38,2005,1,16,"TAM-05"
"282","TAM-05","285",51.7,22.4,0.736666667,2005,1,16,"TAM-05"
"283","TAM-05","286",NA,NA,0.713,2005,1,16,"TAM-05"
"284","TAM-05","287",11.6,9.9,0.57,2005,1,16,"TAM-05"
"285","TAM-05","287.1",13.6,13.8,0.436,2005,1,16,"TAM-05"
"286","TAM-05","288",11.3,NA,0.56,2005,1,16,"TAM-05"
"287","TAM-05","289",13.6,4.8,0.691083333,2005,1,16,"TAM-05"
"288","TAM-05","290",62.7,13.4,0.350666667,2005,1,16,"TAM-05"
"289","TAM-05","290.1",NA,NA,0.6815,2005,1,16,"TAM-05"
"290","TAM-05","291",12.4,22.6,0.637,2005,1,16,"TAM-05"
"291","TAM-05","292",22.5,9.7,0.436,2005,1,16,"TAM-05"
"292","TAM-05","293",51,16,0.3604,2005,1,16,"TAM-05"
"293","TAM-05","294",23.6,25.7,0.629,2005,1,16,"TAM-05"
"294","TAM-05","295",25.2,22.2,0.629,2005,1,16,"TAM-05"
"295","TAM-05","296",13,23.9,0.629,2005,1,16,"TAM-05"
"296","TAM-05","297",41.2,14.6,0.622122807,2005,1,16,"TAM-05"
"297","TAM-05","297.1",10.2,7.7,0.510488636,2005,1,16,"TAM-05"
"298","TAM-05","298",26.8,20.7,0.659,2005,1,16,"TAM-05"
"299","TAM-05","298.1",13.9,12.2,0.466625,2005,1,16,"TAM-05"
"300","TAM-05","299",20.9,17.9,0.629888889,2005,1,16,"TAM-05"
"301","TAM-05","300",42.6,29.3,0.629,2005,1,16,"TAM-05"
"302","TAM-05","300.1",10.7,7.1,0.633333333,2005,1,16,"TAM-05"
"303","TAM-05","302",14.1,9.6,0.727,2005,1,16,"TAM-05"
"304","TAM-05","304",16.4,20.5,0.647875,2005,1,16,"TAM-05"
"305","TAM-05","306",51.9,24.6,0.589066667,2005,1,16,"TAM-05"
"306","TAM-05","307",51.2,15.4,0.52261165,2005,1,16,"TAM-05"
"307","TAM-05","308",20.7,22.2,0.825,2005,1,16,"TAM-05"
"308","TAM-05","308.1",10.5,14.1,0.436,2005,1,16,"TAM-05"
"309","TAM-05","309",15.4,14,0.66025,2005,1,16,"TAM-05"
"310","TAM-05","310",23.8,22,0.510488636,2005,1,16,"TAM-05"
"311","TAM-05","311",13.5,18.3,0.852083333,2005,1,16,"TAM-05"
"312","TAM-05","312",30.3,16.6,0.618444444,2005,1,16,"TAM-05"
"313","TAM-05","313",15.7,20.2,0.633333333,2005,1,16,"TAM-05"
"314","TAM-05","314",11.4,16.3,0.56,2005,1,16,"TAM-05"
"315","TAM-05","315",25.4,9,0.66025,2005,1,16,"TAM-05"
"316","TAM-05","315.1",10.1,18.2,0.633264495,2005,1,16,"TAM-05"
"317","TAM-05","316",13.6,8.7,0.436,2005,1,16,"TAM-05"
"318","TAM-05","318",10.4,5.2,0.6,2005,1,16,"TAM-05"
"319","TAM-05","319",55.8,14.6,0.3,2005,1,16,"TAM-05"
"320","TAM-05","321",16.1,12.7,0.895,2005,1,16,"TAM-05"
"321","TAM-05","322",20.7,18.1,0.615,2005,1,16,"TAM-05"
"322","TAM-05","322.1",13,10.2,0.615,2005,1,16,"TAM-05"
"323","TAM-05","323",22.4,14.6,0.54325,2005,1,16,"TAM-05"
"324","TAM-05","324",12,2.7,0.88,2005,1,16,"TAM-05"
"325","TAM-05","326",21.7,10.9,0.6,2005,1,16,"TAM-05"
"326","TAM-05","327",15.5,13.7,0.436,2005,1,16,"TAM-05"
"327","TAM-05","328",33.2,18.6,0.629,2005,1,16,"TAM-05"
"328","TAM-05","329",23,7.4,0.952428571,2005,1,16,"TAM-05"
"329","TAM-05","330",22.6,11.2,0.436,2005,1,16,"TAM-05"
"330","TAM-05","331",36.2,14.6,0.5635,2005,1,16,"TAM-05"
"331","TAM-05","332",27,19.9,0.436,2005,1,16,"TAM-05"
"332","TAM-05","333",10.5,12,0.42,2005,1,16,"TAM-05"
"333","TAM-05","334",16.2,13.7,0.571,2005,1,16,"TAM-05"
"334","TAM-05","335",15.7,20.9,0.387666667,2005,1,16,"TAM-05"
"335","TAM-05","336",25.3,11.1,0.6815,2005,1,16,"TAM-05"
"336","TAM-05","336.1",10.7,14.6,0.37,2005,1,16,"TAM-05"
"337","TAM-05","337",97.9,33.8,0.5038,2005,1,16,"TAM-05"
"338","TAM-05","338",34.6,18,0.42,2005,1,16,"TAM-05"
"339","TAM-05","339",23.7,17.2,0.629,2005,1,16,"TAM-05"
"340","TAM-05","340",12.8,NA,0.633333333,2005,1,16,"TAM-05"
"341","TAM-05","341",12.2,16.2,0.38,2005,1,16,"TAM-05"
"342","TAM-05","341.1",11.1,15.7,0.678144059,2005,1,16,"TAM-05"
"343","TAM-05","342",27,24.5,0.37,2005,1,16,"TAM-05"
"344","TAM-05","343",19.1,15.8,0.52261165,2005,1,16,"TAM-05"
"345","TAM-05","345",10.6,4.5,0.597423077,2005,1,16,"TAM-05"
"346","TAM-05","346",16.6,16.3,0.645,2005,1,16,"TAM-05"
"347","TAM-05","347",25.6,16,0.66025,2005,1,16,"TAM-05"
"348","TAM-05","348",17.6,10.9,0.825,2005,1,16,"TAM-05"
"349","TAM-05","349",19.2,11.5,0.571,2005,1,16,"TAM-05"
"350","TAM-05","350",13.7,11,0.825,2005,1,16,"TAM-05"
"351","TAM-05","351",36,28.9,0.942333333,2005,1,16,"TAM-05"
"352","TAM-05","352",31.1,25.8,0.8,2005,1,16,"TAM-05"
"353","TAM-05","353",12.6,8,0.633333333,2005,1,16,"TAM-05"
"354","TAM-05","354",9.5,12.3,0.713,2005,1,16,"TAM-05"
"355","TAM-05","355",11.9,12,0.8164,2005,1,16,"TAM-05"
"356","TAM-05","356",13,11.9,0.562571429,2005,1,16,"TAM-05"
"357","TAM-05","356.1",9.8,8.7,0.571,2005,1,16,"TAM-05"
"358","TAM-05","357",12.9,3.7,0.7115,2005,1,16,"TAM-05"
"359","TAM-05","358",30.9,20.2,0.436,2005,1,16,"TAM-05"
"360","TAM-05","358.1",13.7,13.6,0.387666667,2005,1,16,"TAM-05"
"361","TAM-05","359",10.5,13.6,0.727,2005,1,16,"TAM-05"
"362","TAM-05","360",78.5,32,0.638,2005,1,16,"TAM-05"
"363","TAM-05","361",18.9,19.3,0.436,2005,1,16,"TAM-05"
"364","TAM-05","362",22.5,22.2,0.8705,2005,1,16,"TAM-05"
"365","TAM-05","363",10.9,5.5,0.633333333,2005,1,16,"TAM-05"
"366","TAM-05","364",19.3,24,0.629,2005,1,16,"TAM-05"
"367","TAM-05","365",23,17.9,0.8705,2005,1,16,"TAM-05"
"368","TAM-05","366",22.1,19.8,0.637,2005,1,16,"TAM-05"
"369","TAM-05","368",25.1,17,0.6,2005,1,16,"TAM-05"
"370","TAM-05","369",12,6.9,0.5,2005,1,16,"TAM-05"
"371","TAM-05","370",25.3,14,0.436,2005,1,16,"TAM-05"
"372","TAM-05","372.1",11,21.1,0.678144059,2005,1,16,"TAM-05"
"373","TAM-05","373",14.3,15,0.37,2005,1,16,"TAM-05"
"374","TAM-05","374",21.4,16.5,0.37,2005,1,16,"TAM-05"
"375","TAM-05","376",12.8,8.8,0.57,2005,1,16,"TAM-05"
"376","TAM-05","377",15,NA,0.38,2005,1,16,"TAM-05"
"377","TAM-05","380",22.1,18.2,0.571,2005,1,16,"TAM-05"
"378","TAM-05","381",18.6,17.5,0.267,2005,1,16,"TAM-05"
"379","TAM-05","382",10.6,10.5,0.713,2005,1,16,"TAM-05"
"380","TAM-05","383",18.1,14,0.445375,2005,1,16,"TAM-05"
"381","TAM-05","384",12.9,14.4,0.629,2005,1,16,"TAM-05"
"382","TAM-05","385",46.4,19.9,0.436,2005,1,16,"TAM-05"
"383","TAM-05","386",15.1,12,0.37,2005,1,16,"TAM-05"
"384","TAM-05","387",10.4,10.2,0.747794521,2005,1,16,"TAM-05"
"385","TAM-05","388",47.7,21.3,0.606714286,2005,1,16,"TAM-05"
"386","TAM-05","389",11.8,10.3,0.691083333,2005,1,16,"TAM-05"
"387","TAM-05","390",16.3,14.3,0.52261165,2005,1,16,"TAM-05"
"388","TAM-05","390.1",9.2,11.5,0.799216,2005,1,16,"TAM-05"
"389","TAM-05","392",11.7,10.9,0.622769231,2005,1,16,"TAM-05"
"390","TAM-05","393",14,8.4,0.571,2005,1,16,"TAM-05"
"391","TAM-05","395",16.5,18.6,0.425,2005,1,16,"TAM-05"
"392","TAM-05","397",14.3,15.4,0.852083333,2005,1,16,"TAM-05"
"393","TAM-05","398",24.1,24.3,0.825,2005,1,16,"TAM-05"
"394","TAM-05","399",16.9,16.7,0.629,2005,1,16,"TAM-05"
"395","TAM-05","401",37.6,30.8,0.88,2005,1,16,"TAM-05"
"396","TAM-05","401.1",10.2,14.8,0.53,2005,1,16,"TAM-05"
"397","TAM-05","403",10,9.4,0.61944,2005,1,16,"TAM-05"
"398","TAM-05","404",20.2,15.3,0.9385,2005,1,16,"TAM-05"
"399","TAM-05","405",14.9,17.3,0.629,2005,1,16,"TAM-05"
"400","TAM-05","406",16.8,15.2,0.637,2005,1,16,"TAM-05"
"401","TAM-05","407",21.6,15,0.589066667,2005,1,16,"TAM-05"
"402","TAM-05","408",42.3,20,0.8164,2005,1,16,"TAM-05"
"403","TAM-05","409",14.5,15.4,0.8435,2005,1,16,"TAM-05"
"404","TAM-05","410",30.1,22.9,0.657272727,2005,1,16,"TAM-05"
"405","TAM-05","411",11.8,7.4,0.7325,2005,1,16,"TAM-05"
"406","TAM-05","413",13.6,15.8,0.571,2005,1,16,"TAM-05"
"407","TAM-05","414",21.7,17.4,0.436,2005,1,16,"TAM-05"
"408","TAM-05","415",14.4,11.4,0.579769231,2005,1,16,"TAM-05"
"409","TAM-05","415.1",11.2,10,0.436,2005,1,16,"TAM-05"
"410","TAM-05","416",28.2,20.5,0.589066667,2005,1,16,"TAM-05"
"411","TAM-05","416.1",12,12.9,0.61,2005,1,16,"TAM-05"
"412","TAM-05","417",18.2,11.2,0.6815,2005,1,16,"TAM-05"
"413","TAM-05","418",12.7,14.5,0.852083333,2005,1,16,"TAM-05"
"414","TAM-05","419",14.9,15,0.579769231,2005,1,16,"TAM-05"
"415","TAM-05","420",NA,NA,0.355666667,2005,1,16,"TAM-05"
"416","TAM-05","424",27,17.8,0.436,2005,1,16,"TAM-05"
"417","TAM-05","425",10.1,43.8,0.6405,2005,1,16,"TAM-05"
"418","TAM-05","426",18.5,43.8,0.6,2005,1,16,"TAM-05"
"419","TAM-05","427",14.3,7.9,0.57,2005,1,16,"TAM-05"
"420","TAM-05","428",NA,9.3,0.23,2005,1,16,"TAM-05"
"421","TAM-05","429",121.8,28.9,0.638,2005,1,16,"TAM-05"
"422","TAM-05","431",55.2,24.2,0.698916667,2005,1,16,"TAM-05"
"423","TAM-05","432",11.4,6.8,0.69625,2005,1,16,"TAM-05"
"424","TAM-05","432.1",10.1,8.6,0.633333333,2005,1,16,"TAM-05"
"425","TAM-05","434",14.2,13.3,0.622122807,2005,1,16,"TAM-05"
"426","TAM-05","435",17.8,12.3,0.836190476,2005,1,16,"TAM-05"
"427","TAM-05","436",18.5,16.3,0.436,2005,1,16,"TAM-05"
"428","TAM-05","438",19.3,18.2,0.615,2005,1,16,"TAM-05"
"429","TAM-05","440",19.3,18.4,0.56,2005,1,16,"TAM-05"
"430","TAM-05","441",14.3,13.4,0.697182292,2005,1,16,"TAM-05"
"431","TAM-05","442",47.1,16.3,0.592333333,2005,1,16,"TAM-05"
"432","TAM-05","443",26.9,15.7,0.593959184,2005,1,16,"TAM-05"
"433","TAM-05","444",24.5,12.2,0.436,2005,1,16,"TAM-05"
"434","TAM-05","445",42.2,16,0.557333333,2005,1,16,"TAM-05"
"435","TAM-05","445.1",13.3,12.7,0.8705,2005,1,16,"TAM-05"
"436","TAM-05","446",27.5,14.2,0.445375,2005,1,16,"TAM-05"
"437","TAM-05","446.1",NA,NA,0.579385555,2005,1,16,"TAM-05"
"438","TAM-05","447",NA,4.9,0.808782609,2005,1,16,"TAM-05"
"439","TAM-05","448",19.3,5.9,0.52239801,2005,1,16,"TAM-05"
"440","TAM-05","448.1",NA,NA,0.444604162,2005,1,16,"TAM-05"
"441","TAM-05","449",23.9,14.4,0.717333333,2005,1,16,"TAM-05"
"442","TAM-05","452",17.5,9.2,0.782736842,2005,1,16,"TAM-05"
"443","TAM-05","453",15.3,11,0.69625,2005,1,16,"TAM-05"
"444","TAM-05","453.1",NA,NA,0.77,2005,1,16,"TAM-05"
"445","TAM-05","453.2",NA,NA,0.578435,2005,1,16,"TAM-05"
"446","TAM-05","454",35.2,16.7,0.37,2005,1,16,"TAM-05"
"447","TAM-05","454.1",NA,NA,0.444604162,2005,1,16,"TAM-05"
"448","TAM-05","456",16.7,12.5,0.808782609,2005,1,16,"TAM-05"
"449","TAM-05","459",18,9,0.579769231,2005,1,16,"TAM-05"
"450","TAM-05","460",16.9,11.3,0.616666667,2005,1,16,"TAM-05"
"451","TAM-05","462",21.6,16,0.37,2005,1,16,"TAM-05"
"452","TAM-05","463",17,12.6,0.52261165,2005,1,16,"TAM-05"
"453","TAM-05","465",30.2,22.6,0.657272727,2005,1,16,"TAM-05"
"454","TAM-05","467",14,19.3,0.697182292,2005,1,16,"TAM-05"
"455","TAM-05","468",21.8,10.6,0.618444444,2005,1,16,"TAM-05"
"456","TAM-05","469",15,13,0.625,2005,1,16,"TAM-05"
"457","TAM-05","471",12.6,11.2,0.6405,2005,1,16,"TAM-05"
"458","TAM-05","472",15,15.2,0.510488636,2005,1,16,"TAM-05"
"459","TAM-05","473",13,16.2,0.791314286,2005,1,16,"TAM-05"
"460","TAM-05","474",10.5,13,0.7,2005,1,16,"TAM-05"
"461","TAM-05","475",17,8.3,0.727,2005,1,16,"TAM-05"
"462","TAM-05","476",12.2,14.3,0.96,2005,1,16,"TAM-05"
"463","TAM-05","477",25.8,20.1,0.585428571,2005,1,16,"TAM-05"
"464","TAM-05","480",13.1,14.2,0.511153846,2005,1,16,"TAM-05"
"465","TAM-05","481",NA,NA,0.629,2005,1,16,"TAM-05"
"466","TAM-05","481.1",10.4,11.2,0.558533955,2005,1,16,"TAM-05"
"467","TAM-05","482",16.5,13.9,0.571,2005,1,16,"TAM-05"
"468","TAM-05","483",37.4,25.1,0.425,2005,1,16,"TAM-05"
"469","TAM-05","485.1",11.7,14.8,0.564472119,2005,1,16,"TAM-05"
"470","TAM-05","486",14.6,12.4,0.6405,2005,1,16,"TAM-05"
"471","TAM-05","486.1",NA,NA,0.518670638,2005,1,16,"TAM-05"
"472","TAM-05","488",13.8,12.3,0.633333333,2005,1,16,"TAM-05"
"473","TAM-05","489",17.3,13.2,0.825,2005,1,16,"TAM-05"
"474","TAM-05","490",15,17.6,0.637,2005,1,16,"TAM-05"
"475","TAM-05","491",36.7,19.9,0.622769231,2005,1,16,"TAM-05"
"476","TAM-05","492",118.5,14.1,0.37,2005,1,16,"TAM-05"
"477","TAM-05","493",17.2,NA,0.589066667,2005,1,16,"TAM-05"
"478","TAM-05","493.1",10.7,8.3,0.557333333,2005,1,16,"TAM-05"
"479","TAM-05","494",48.4,23.1,0.571,2005,1,16,"TAM-05"
"480","TAM-05","495",41.8,22.3,0.786714286,2005,1,16,"TAM-05"
"481","TAM-05","496",17.2,15.1,0.8164,2005,1,16,"TAM-05"
"482","TAM-05","497",32.3,15.5,0.657272727,2005,1,16,"TAM-05"
"483","TAM-05","498",16.8,12.9,0.436,2005,1,16,"TAM-05"
"484","TAM-05","499",15.8,15.2,0.629,2005,1,16,"TAM-05"
"485","TAM-05","500",19,12.3,0.618444444,2005,1,16,"TAM-05"
"486","TAM-05","501",23.4,14.3,0.637,2005,1,16,"TAM-05"
"487","TAM-05","502",11.5,10.7,0.629,2005,1,16,"TAM-05"
"488","TAM-05","505",13.9,11.2,0.510488636,2005,1,16,"TAM-05"
"489","TAM-05","507",26.5,22.1,0.267,2005,1,16,"TAM-05"
"490","TAM-05","508",20.8,18.2,0.267,2005,1,16,"TAM-05"
"491","TAM-05","509",12.8,13.6,0.42656962,2005,1,16,"TAM-05"
"492","TAM-05","510",19.8,10.6,0.657272727,2005,1,16,"TAM-05"
"493","TAM-05","512",14.3,13.2,0.436,2005,1,16,"TAM-05"
"494","TAM-05","513",21.8,18.3,0.8164,2005,1,16,"TAM-05"
"495","TAM-05","514",17,18.9,0.629,2005,1,16,"TAM-05"
"496","TAM-05","515",23.7,19.1,0.267,2005,1,16,"TAM-05"
"497","TAM-05","516",11.6,14.5,0.540586207,2005,1,16,"TAM-05"
"498","TAM-05","517",31.1,23.4,0.589066667,2005,1,16,"TAM-05"
"499","TAM-05","518",18.3,14.1,0.387666667,2005,1,16,"TAM-05"
"500","TAM-05","519",10.6,12.2,0.579769231,2005,1,16,"TAM-05"
"501","TAM-05","520",24.2,24.4,0.805,2005,1,16,"TAM-05"
"502","TAM-05","520.1",9.7,6.2,0.52,2005,1,16,"TAM-05"
"503","TAM-05","521",27.3,24,0.436,2005,1,16,"TAM-05"
"504","TAM-05","521.1",11.4,12.5,0.511153846,2005,1,16,"TAM-05"
"505","TAM-05","522",13.4,8.3,0.42,2005,1,16,"TAM-05"
"506","TAM-05","523",21.4,18.2,0.267,2005,1,16,"TAM-05"
"507","TAM-05","524",21.5,24,0.552857143,2005,1,16,"TAM-05"
"508","TAM-05","525",12.7,11.6,0.77,2005,1,16,"TAM-05"
"509","TAM-05","526",11.4,13.2,0.5785,2005,1,16,"TAM-05"
"510","TAM-05","527",20.1,15,0.436,2005,1,16,"TAM-05"
"511","TAM-05","528",12.3,13.2,0.436,2005,1,16,"TAM-05"
"512","TAM-05","529",33.5,14.5,0.575268293,2005,1,16,"TAM-05"
"513","TAM-05","530",12.1,9.5,0.6405,2005,1,16,"TAM-05"
"514","TAM-05","531",17.1,14.9,0.3,2005,1,16,"TAM-05"
"515","TAM-05","531.1",10.3,14.4,0.436,2005,1,16,"TAM-05"
"516","TAM-05","532",24,16.2,0.48275,2005,1,16,"TAM-05"
"517","TAM-05","533",18.1,14.6,0.895,2005,1,16,"TAM-05"
"518","TAM-05","534",15,20,0.540586207,2005,1,16,"TAM-05"
"519","TAM-05","535",24.7,21.9,0.66025,2005,1,16,"TAM-05"
"520","TAM-05","536",17.7,12.2,0.6556,2005,1,16,"TAM-05"
"521","TAM-05","544",19.5,16.7,0.825,2005,1,16,"TAM-05"
"522","TAM-05","544.1",10.2,7.8,0.713,2005,1,16,"TAM-05"
"523","TAM-05","545",13.5,11.1,0.622122807,2005,1,16,"TAM-05"
"524","TAM-05","546",26.5,13.9,0.622122807,2005,1,16,"TAM-05"
"525","TAM-05","547",20.6,12.2,0.52239801,2005,1,16,"TAM-05"
"526","TAM-05","549",11.7,13.5,0.758333333,2005,1,16,"TAM-05"
"527","TAM-05","550",54.7,26,0.69,2005,1,16,"TAM-05"
"528","TAM-05","550.1",10.3,7.1,0.51772,2005,1,16,"TAM-05"
"529","TAM-05","551",9.2,7.6,NA,2005,1,16,"TAM-05"
"530","TAM-05","552",10.3,7.2,0.42,2005,1,16,"TAM-05"
"531","TAM-05","554",45.2,24.1,0.6556,2005,1,16,"TAM-05"
"532","TAM-05","555",112.4,43.3,0.5038,2005,1,16,"TAM-05"
"533","TAM-05","557",10.8,4.8,0.47,2005,1,16,"TAM-05"
"534","TAM-05","558",13.2,3.9,0.694704545,2005,1,16,"TAM-05"
"535","TAM-05","559",21.5,14.2,0.37,2005,1,16,"TAM-05"
"536","TAM-05","560",37.4,19.2,0.8164,2005,1,16,"TAM-05"
"537","TAM-05","560.1",10.1,10.3,0.510488636,2005,1,16,"TAM-05"
"538","TAM-05","564",21.5,20.5,0.267,2005,1,16,"TAM-05"
"539","TAM-05","565",24.3,17.6,0.825,2005,1,16,"TAM-05"
"540","TAM-05","566",54.9,23.2,0.479,2005,1,16,"TAM-05"
"541","TAM-05","568",18,18,0.597423077,2005,1,16,"TAM-05"
"542","TAM-05","569",11.1,2,0.665902439,2005,1,16,"TAM-05"
"543","TAM-05","570",39.8,25,0.678144059,2005,1,16,"TAM-05"
"544","TAM-05","570.1",12.6,13.9,0.629,2005,1,16,"TAM-05"
"545","TAM-05","570.2",12.6,14.6,0.387666667,2005,1,16,"TAM-05"
"546","TAM-05","570.2",13,14.6,0.387666667,2005,1,16,"TAM-05"
"547","TAM-05","571",17.8,12.1,0.628,2005,1,16,"TAM-05"
"548","TAM-05","572.1",16.2,19.7,0.825,2005,1,16,"TAM-05"
"549","TAM-05","572.2",10.4,13,0.825,2005,1,16,"TAM-05"
"550","TAM-05","575.1",11.4,17.2,0.790333333,2005,1,16,"TAM-05"
"551","TAM-05","578",28.5,20.6,0.42,2005,1,16,"TAM-05"
"552","TAM-05","579",13.2,12.5,0.625,2005,1,16,"TAM-05"
"553","TAM-05","579.1",NA,20.2,NA,2005,1,16,"TAM-05"
"554","TAM-05","580.1",10.9,7.9,0.51772,2005,1,16,"TAM-05"
"555","TAM-05","581",51.5,32,0.637,2005,1,16,"TAM-05"
"556","TAM-05","582",29.6,14.3,0.622122807,2005,1,16,"TAM-05"
"557","TAM-05","583",15,14.5,0.436,2005,1,16,"TAM-05"
"558","TAM-05","583.1",12.8,13.6,0.61,2005,1,16,"TAM-05"
"559","TAM-05","583.2",NA,NA,NA,2005,1,16,"TAM-05"
"560","TAM-05","584",42,26.3,0.52261165,2005,1,16,"TAM-05"
"561","TAM-05","585",23.4,21.2,0.589066667,2005,1,16,"TAM-05"
"562","TAM-05","586",19,16,0.589066667,2005,1,16,"TAM-05"
"563","TAM-05","587",15.2,14.8,0.54325,2005,1,16,"TAM-05"
"564","TAM-05","3",21.6,16,0.69625,2006,1,16,"TAM-05"
"565","TAM-05","4",14.1,24,0.896384615,2006,1,16,"TAM-05"
"566","TAM-05","5",12.6,21,0.896384615,2006,1,16,"TAM-05"
"567","TAM-05","6",16.1,13.6,0.727,2006,1,16,"TAM-05"
"568","TAM-05","7",18,20.3,0.38,2006,1,16,"TAM-05"
"569","TAM-05","8",16.7,22,0.266,2006,1,16,"TAM-05"
"570","TAM-05","9",22.7,14.9,0.6995,2006,1,16,"TAM-05"
"571","TAM-05","11",26.3,13.5,0.625,2006,1,16,"TAM-05"
"572","TAM-05","12",11.5,12.9,0.633333333,2006,1,16,"TAM-05"
"573","TAM-05","12.1",15.7,16,0.37,2006,1,16,"TAM-05"
"574","TAM-05","13",15.2,16.3,0.629,2006,1,16,"TAM-05"
"575","TAM-05","13.1",19.1,18.3,0.37,2006,1,16,"TAM-05"
"576","TAM-05","15",25.8,23.5,0.6,2006,1,16,"TAM-05"
"577","TAM-05","16",22.3,16.1,0.657272727,2006,1,16,"TAM-05"
"578","TAM-05","17",12.2,12.8,0.6405,2006,1,16,"TAM-05"
"579","TAM-05","19",13.1,15.1,0.57,2006,1,16,"TAM-05"
"580","TAM-05","20",41.1,32,0.637,2006,1,16,"TAM-05"
"581","TAM-05","21",21.4,28.1,0.37,2006,1,16,"TAM-05"
"582","TAM-05","23",16.7,11,0.37,2006,1,16,"TAM-05"
"583","TAM-05","25",20.7,12,0.8164,2006,1,16,"TAM-05"
"584","TAM-05","26",30.1,31,0.37,2006,1,16,"TAM-05"
"585","TAM-05","27",18,14.4,0.727,2006,1,16,"TAM-05"
"586","TAM-05","28",10.5,27.7,0.61,2006,1,16,"TAM-05"
"587","TAM-05","28.1",10,8.7,0.51772,2006,1,16,"TAM-05"
"588","TAM-05","29",12.4,16,0.727,2006,1,16,"TAM-05"
"589","TAM-05","31",15.4,19,0.618444444,2006,1,16,"TAM-05"
"590","TAM-05","32",13.2,15.6,0.615,2006,1,16,"TAM-05"
"591","TAM-05","33",11.8,11.9,0.6405,2006,1,16,"TAM-05"
"592","TAM-05","34",14.7,17,0.727,2006,1,16,"TAM-05"
"593","TAM-05","35",28.9,19,0.614666667,2006,1,16,"TAM-05"
"594","TAM-05","36",13.1,9.7,0.717333333,2006,1,16,"TAM-05"
"595","TAM-05","36.1",NA,NA,0.436,2006,1,16,"TAM-05"
"596","TAM-05","37",42.7,40,0.8164,2006,1,16,"TAM-05"
"597","TAM-05","40",16.8,9.8,0.8164,2006,1,16,"TAM-05"
"598","TAM-05","43",71.3,37,0.7685,2006,1,16,"TAM-05"
"599","TAM-05","43.1",11.8,10.2,0.53,2006,1,16,"TAM-05"
"600","TAM-05","45",48.9,33,0.825142857,2006,1,16,"TAM-05"
"601","TAM-05","45.1",10.8,11.4,0.808782609,2006,1,16,"TAM-05"
"602","TAM-05","46",16.3,16,0.618444444,2006,1,16,"TAM-05"
"603","TAM-05","47",24.6,6.5,0.6,2006,1,16,"TAM-05"
"604","TAM-05","48",15.9,14.9,0.633333333,2006,1,16,"TAM-05"
"605","TAM-05","51",40.4,23,0.637,2006,1,16,"TAM-05"
"606","TAM-05","53",13.1,11.8,0.754235294,2006,1,16,"TAM-05"
"607","TAM-05","55",40,10.1,0.614666667,2006,1,16,"TAM-05"
"608","TAM-05","56",15.7,15,0.717333333,2006,1,16,"TAM-05"
"609","TAM-05","59",18.8,9.1,0.727,2006,1,16,"TAM-05"
"610","TAM-05","60",18.1,17.2,0.510488636,2006,1,16,"TAM-05"
"611","TAM-05","61",79.3,38.9,0.8774,2006,1,16,"TAM-05"
"612","TAM-05","62",11.7,16,0.510488636,2006,1,16,"TAM-05"
"613","TAM-05","62.1",10.3,5.7,0.809857143,2006,1,16,"TAM-05"
"614","TAM-05","63",13.9,6.7,0.625,2006,1,16,"TAM-05"
"615","TAM-05","64",14.7,17,0.56,2006,1,16,"TAM-05"
"616","TAM-05","66",17.9,12,0.753,2006,1,16,"TAM-05"
"617","TAM-05","66.1",10.7,8.9,0.6,2006,1,16,"TAM-05"
"618","TAM-05","68",18.3,20,0.615,2006,1,16,"TAM-05"
"619","TAM-05","69",39.4,17,0.52261165,2006,1,16,"TAM-05"
"620","TAM-05","69.1",10.9,6.5,0.53,2006,1,16,"TAM-05"
"621","TAM-05","69.2",NA,14.9,0.825,2006,1,16,"TAM-05"
"622","TAM-05","70",24.4,22,0.37,2006,1,16,"TAM-05"
"623","TAM-05","71",24.2,13.3,0.825,2006,1,16,"TAM-05"
"624","TAM-05","71.1",11.2,9.1,0.633333333,2006,1,16,"TAM-05"
"625","TAM-05","72",22.3,22.7,0.828119403,2006,1,16,"TAM-05"
"626","TAM-05","74",53.4,31.5,0.618444444,2006,1,16,"TAM-05"
"627","TAM-05","75",10.6,11.2,0.510488636,2006,1,16,"TAM-05"
"628","TAM-05","76",14.8,18.1,0.6995,2006,1,16,"TAM-05"
"629","TAM-05","77",24.4,22,0.825142857,2006,1,16,"TAM-05"
"630","TAM-05","78",16.9,9.5,0.811142857,2006,1,16,"TAM-05"
"631","TAM-05","79",20.8,10.2,0.6995,2006,1,16,"TAM-05"
"632","TAM-05","80",14.2,11.7,0.8705,2006,1,16,"TAM-05"
"633","TAM-05","81",27.4,19,0.8705,2006,1,16,"TAM-05"
"634","TAM-05","83",30.2,22.4,0.852083333,2006,1,16,"TAM-05"
"635","TAM-05","83.1",11.5,14.6,0.61,2006,1,16,"TAM-05"
"636","TAM-05","85",10.6,4.5,0.571,2006,1,16,"TAM-05"
"637","TAM-05","86",NA,21.6,0.436,2006,1,16,"TAM-05"
"638","TAM-05","88",10.4,12.9,0.727,2006,1,16,"TAM-05"
"639","TAM-05","88.1",11.9,11.8,0.37,2006,1,16,"TAM-05"
"640","TAM-05","89",11.9,12.7,0.8705,2006,1,16,"TAM-05"
"641","TAM-05","90",39.4,18.2,0.77675,2006,1,16,"TAM-05"
"642","TAM-05","90.1",10.2,9.2,0.492,2006,1,16,"TAM-05"
"643","TAM-05","91",10.7,7.3,0.707857143,2006,1,16,"TAM-05"
"644","TAM-05","92",32.5,32,0.266,2006,1,16,"TAM-05"
"645","TAM-05","96",NA,NA,0.622769231,2006,1,16,"TAM-05"
"646","TAM-05","96.1",12.5,18.7,0.8705,2006,1,16,"TAM-05"
"647","TAM-05","96.2",17.4,14.2,0.436,2006,1,16,"TAM-05"
"648","TAM-05","97",10.7,9.1,0.622122807,2006,1,16,"TAM-05"
"649","TAM-05","98",15.5,10.5,0.825142857,2006,1,16,"TAM-05"
"650","TAM-05","99",25,20.2,0.37,2006,1,16,"TAM-05"
"651","TAM-05","100",37,20.6,0.589066667,2006,1,16,"TAM-05"
"652","TAM-05","100.1",12.4,12.4,0.8164,2006,1,16,"TAM-05"
"653","TAM-05","101",24.2,18,0.558533955,2006,1,16,"TAM-05"
"654","TAM-05","102",12.9,16.2,0.8164,2006,1,16,"TAM-05"
"655","TAM-05","103",47.3,32,0.42656962,2006,1,16,"TAM-05"
"656","TAM-05","104",21.7,17.6,0.436,2006,1,16,"TAM-05"
"657","TAM-05","105",21.2,23.3,0.414333333,2006,1,16,"TAM-05"
"658","TAM-05","105.1",NA,NA,0.660158304,2006,1,16,"TAM-05"
"659","TAM-05","106",31.7,13.5,0.678144059,2006,1,16,"TAM-05"
"660","TAM-05","107",19.2,10.8,0.727,2006,1,16,"TAM-05"
"661","TAM-05","108",12.1,8.9,0.61,2006,1,16,"TAM-05"
"662","TAM-05","109",22.3,30,0.267,2006,1,16,"TAM-05"
"663","TAM-05","110",69.4,20,0.412789474,2006,1,16,"TAM-05"
"664","TAM-05","111",27.4,23.2,0.66025,2006,1,16,"TAM-05"
"665","TAM-05","112",14.1,11.3,0.633333333,2006,1,16,"TAM-05"
"666","TAM-05","113",15.6,14.1,0.436,2006,1,16,"TAM-05"
"667","TAM-05","114",12.9,13.9,0.825,2006,1,16,"TAM-05"
"668","TAM-05","116",12.3,20.4,0.558533955,2006,1,16,"TAM-05"
"669","TAM-05","117",22.3,21.9,0.436,2006,1,16,"TAM-05"
"670","TAM-05","119",11,3.4,0.629888889,2006,1,16,"TAM-05"
"671","TAM-05","119.1",11.15,14.2,0.622769231,2006,1,16,"TAM-05"
"672","TAM-05","120",18.9,12,0.629,2006,1,16,"TAM-05"
"673","TAM-05","121",23.7,14.5,0.457,2006,1,16,"TAM-05"
"674","TAM-05","122",79.1,24.8,0.540586207,2006,1,16,"TAM-05"
"675","TAM-05","123",31.65,14,0.436,2006,1,16,"TAM-05"
"676","TAM-05","124",24.6,17.1,0.436,2006,1,16,"TAM-05"
"677","TAM-05","124.1",12,9.4,0.38,2006,1,16,"TAM-05"
"678","TAM-05","125",17.8,12.4,0.571,2006,1,16,"TAM-05"
"679","TAM-05","126",10.6,12.2,0.6405,2006,1,16,"TAM-05"
"680","TAM-05","127",23.1,16.6,0.38,2006,1,16,"TAM-05"
"681","TAM-05","128",17.3,16.4,0.387666667,2006,1,16,"TAM-05"
"682","TAM-05","131",11.8,5.1,0.54325,2006,1,16,"TAM-05"
"683","TAM-05","132",11.6,7.3,0.615,2006,1,16,"TAM-05"
"684","TAM-05","133",22.5,15.6,0.828119403,2006,1,16,"TAM-05"
"685","TAM-05","134",16,4,0.615,2006,1,16,"TAM-05"
"686","TAM-05","135",16.6,12.3,0.6,2006,1,16,"TAM-05"
"687","TAM-05","136",11.55,13,0.719166667,2006,1,16,"TAM-05"
"688","TAM-05","136.1",10.4,11.3,0.70209062,2006,1,16,"TAM-05"
"689","TAM-05","137",15.6,12.7,0.633333333,2006,1,16,"TAM-05"
"690","TAM-05","138",34.2,23,0.571,2006,1,16,"TAM-05"
"691","TAM-05","139",17.3,12.1,0.57,2006,1,16,"TAM-05"
"692","TAM-05","139.1",13.6,11.4,0.436,2006,1,16,"TAM-05"
"693","TAM-05","139.2",10.3,11.3,0.436,2006,1,16,"TAM-05"
"694","TAM-05","140",18.15,15.6,0.808782609,2006,1,16,"TAM-05"
"695","TAM-05","141",15.9,14.5,0.63626178,2006,1,16,"TAM-05"
"696","TAM-05","142",17.4,15.2,0.589066667,2006,1,16,"TAM-05"
"697","TAM-05","143",15.2,10.7,0.6,2006,1,16,"TAM-05"
"698","TAM-05","144",15.8,8.4,0.6,2006,1,16,"TAM-05"
"699","TAM-05","145",18.9,21.2,0.825,2006,1,16,"TAM-05"
"700","TAM-05","146",26.6,20,0.6556,2006,1,16,"TAM-05"
"701","TAM-05","147",24.2,13.7,0.849888889,2006,1,16,"TAM-05"
"702","TAM-05","147.1",11.2,20,0.436,2006,1,16,"TAM-05"
"703","TAM-05","148",13.6,14,0.727,2006,1,16,"TAM-05"
"704","TAM-05","149",24.8,18.9,0.8705,2006,1,16,"TAM-05"
"705","TAM-05","150",33.85,21.4,0.786714286,2006,1,16,"TAM-05"
"706","TAM-05","151",18.3,12.5,0.727,2006,1,16,"TAM-05"
"707","TAM-05","151.1",14.9,10.8,0.38,2006,1,16,"TAM-05"
"708","TAM-05","152",14.7,11.9,0.47,2006,1,16,"TAM-05"
"709","TAM-05","153",11.5,13.7,0.825,2006,1,16,"TAM-05"
"710","TAM-05","154",15.1,15.4,0.825,2006,1,16,"TAM-05"
"711","TAM-05","155",13.4,16.4,0.387666667,2006,1,16,"TAM-05"
"712","TAM-05","156",31.5,17,0.727,2006,1,16,"TAM-05"
"713","TAM-05","156.1",10.2,12.3,0.51772,2006,1,16,"TAM-05"
"714","TAM-05","156.2",NA,NA,0.444604162,2006,1,16,"TAM-05"
"715","TAM-05","157",12.7,12.2,0.42,2006,1,16,"TAM-05"
"716","TAM-05","157.1",11.5,12.4,0.629,2006,1,16,"TAM-05"
"717","TAM-05","160",24,15.2,0.8435,2006,1,16,"TAM-05"
"718","TAM-05","162",12.6,14.1,0.727,2006,1,16,"TAM-05"
"719","TAM-05","162.1",15.5,13.9,0.466625,2006,1,16,"TAM-05"
"720","TAM-05","162.2",10.3,11.9,0.633333333,2006,1,16,"TAM-05"
"721","TAM-05","162.3",14.8,13.4,0.633333333,2006,1,16,"TAM-05"
"722","TAM-05","163",10.3,8.4,0.6405,2006,1,16,"TAM-05"
"723","TAM-05","163.1",10.3,12.9,0.53,2006,1,16,"TAM-05"
"724","TAM-05","164",17.4,12.1,0.717333333,2006,1,16,"TAM-05"
"725","TAM-05","165",26.6,15.9,0.436,2006,1,16,"TAM-05"
"726","TAM-05","168",12.9,9.7,0.75,2006,1,16,"TAM-05"
"727","TAM-05","169",65.4,36.5,0.69,2006,1,16,"TAM-05"
"728","TAM-05","170",21.8,15.3,0.727,2006,1,16,"TAM-05"
"729","TAM-05","172",10.1,7.6,0.6405,2006,1,16,"TAM-05"
"730","TAM-05","172.2",10.3,10,0.629888889,2006,1,16,"TAM-05"
"731","TAM-05","172.3",10.9,11.2,0.444604162,2006,1,16,"TAM-05"
"732","TAM-05","173",17.9,12.5,0.37,2006,1,16,"TAM-05"
"733","TAM-05","173.1",14,12.6,0.436,2006,1,16,"TAM-05"
"734","TAM-05","174",31.9,20.5,0.54,2006,1,16,"TAM-05"
"735","TAM-05","175",11,6,0.622769231,2006,1,16,"TAM-05"
"736","TAM-05","176",58.4,27.3,0.585428571,2006,1,16,"TAM-05"
"737","TAM-05","177",15.3,12.7,0.56,2006,1,16,"TAM-05"
"738","TAM-05","178",22.1,13,0.6,2006,1,16,"TAM-05"
"739","TAM-05","179",13.5,6.2,0.725,2006,1,16,"TAM-05"
"740","TAM-05","180",15.7,10,0.8164,2006,1,16,"TAM-05"
"741","TAM-05","180.1",13.4,14.5,0.436,2006,1,16,"TAM-05"
"742","TAM-05","181",12.9,12,0.63,2006,1,16,"TAM-05"
"743","TAM-05","182",33.9,21.2,0.629,2006,1,16,"TAM-05"
"744","TAM-05","182.1",10.2,9.8,0.63626178,2006,1,16,"TAM-05"
"745","TAM-05","183",22.5,11,0.436,2006,1,16,"TAM-05"
"746","TAM-05","183.1",NA,12.3,0.56,2006,1,16,"TAM-05"
"747","TAM-05","184",22.2,14.8,0.571,2006,1,16,"TAM-05"
"748","TAM-05","184.1",17.3,6.4,0.38625,2006,1,16,"TAM-05"
"749","TAM-05","184.2",NA,8.2,NA,2006,1,16,"TAM-05"
"750","TAM-05","186",18.7,15.1,0.589066667,2006,1,16,"TAM-05"
"751","TAM-05","188",17.85,14.1,0.59,2006,1,16,"TAM-05"
"752","TAM-05","188.1",13,9.6,0.387666667,2006,1,16,"TAM-05"
"753","TAM-05","189",12.1,3.8,0.8164,2006,1,16,"TAM-05"
"754","TAM-05","191",18.6,13.4,0.727,2006,1,16,"TAM-05"
"755","TAM-05","191.1",10.3,16.2,0.353578132,2006,1,16,"TAM-05"
"756","TAM-05","192",23.8,21.8,0.52239801,2006,1,16,"TAM-05"
"757","TAM-05","193",13.1,20.3,0.69625,2006,1,16,"TAM-05"
"758","TAM-05","194",12,16.1,0.558533955,2006,1,16,"TAM-05"
"759","TAM-05","195",21.05,20,0.808782609,2006,1,16,"TAM-05"
"760","TAM-05","196",11.3,7.5,0.56,2006,1,16,"TAM-05"
"761","TAM-05","197",NA,NA,0.570966942,2006,1,16,"TAM-05"
"762","TAM-05","198",13.5,10.3,0.75,2006,1,16,"TAM-05"
"763","TAM-05","199",86.2,18.1,0.5635,2006,1,16,"TAM-05"
"764","TAM-05","201",13.8,9,0.56,2006,1,16,"TAM-05"
"765","TAM-05","202",30.2,17.4,0.625,2006,1,16,"TAM-05"
"766","TAM-05","203",34.4,14.6,0.6556,2006,1,16,"TAM-05"
"767","TAM-05","204",12.8,7.9,0.717333333,2006,1,16,"TAM-05"
"768","TAM-05","205",20.45,12,0.633333333,2006,1,16,"TAM-05"
"769","TAM-05","206",13.2,19.9,0.52261165,2006,1,16,"TAM-05"
"770","TAM-05","207",12.6,9.7,0.8705,2006,1,16,"TAM-05"
"771","TAM-05","208",28.7,17.3,0.629,2006,1,16,"TAM-05"
"772","TAM-05","209",20.2,7.5,0.625,2006,1,16,"TAM-05"
"773","TAM-05","210",83.9,28,0.350666667,2006,1,16,"TAM-05"
"774","TAM-05","211",13.4,5.9,0.56,2006,1,16,"TAM-05"
"775","TAM-05","212",32.5,23.7,0.678144059,2006,1,16,"TAM-05"
"776","TAM-05","213",NA,NA,0.579769231,2006,1,16,"TAM-05"
"777","TAM-05","214",11.2,10.6,0.717333333,2006,1,16,"TAM-05"
"778","TAM-05","215",19.4,17,0.436,2006,1,16,"TAM-05"
"779","TAM-05","216.1",10.55,15.3,0.615,2006,1,16,"TAM-05"
"780","TAM-05","217",25.4,19.2,0.571,2006,1,16,"TAM-05"
"781","TAM-05","218",20.3,17.8,0.49,2006,1,16,"TAM-05"
"782","TAM-05","219",13.5,10.6,0.75,2006,1,16,"TAM-05"
"783","TAM-05","220",15.4,11.9,0.825,2006,1,16,"TAM-05"
"784","TAM-05","222",18.1,12.4,0.625,2006,1,16,"TAM-05"
"785","TAM-05","223",23.6,20,0.52261165,2006,1,16,"TAM-05"
"786","TAM-05","224",18.7,18.1,0.629,2006,1,16,"TAM-05"
"787","TAM-05","226",12.9,13.3,0.754235294,2006,1,16,"TAM-05"
"788","TAM-05","227",38.1,15.2,0.629,2006,1,16,"TAM-05"
"789","TAM-05","228",19,14.4,0.62,2006,1,16,"TAM-05"
"790","TAM-05","229",21.8,11.6,0.75,2006,1,16,"TAM-05"
"791","TAM-05","230",18.45,13.1,0.62,2006,1,16,"TAM-05"
"792","TAM-05","231",11.4,13.3,0.69625,2006,1,16,"TAM-05"
"793","TAM-05","232",22.8,20.3,0.77675,2006,1,16,"TAM-05"
"794","TAM-05","232.1",10.3,9.1,0.548492754,2006,1,16,"TAM-05"
"795","TAM-05","232.2",11.7,12.3,0.614666667,2006,1,16,"TAM-05"
"796","TAM-05","233",35.9,27.2,0.38,2006,1,16,"TAM-05"
"797","TAM-05","235",25.8,17.4,0.436,2006,1,16,"TAM-05"
"798","TAM-05","237",23,12.7,0.717333333,2006,1,16,"TAM-05"
"799","TAM-05","238",16.3,19.9,0.42656962,2006,1,16,"TAM-05"
"800","TAM-05","239",NA,NA,0.436,2006,1,16,"TAM-05"
"801","TAM-05","240",13.1,15.2,0.615,2006,1,16,"TAM-05"
"802","TAM-05","241",11.5,11.3,0.782736842,2006,1,16,"TAM-05"
"803","TAM-05","242",17.5,13.7,0.614666667,2006,1,16,"TAM-05"
"804","TAM-05","243",13.55,11,0.5635,2006,1,16,"TAM-05"
"805","TAM-05","244",18.6,15.6,0.825,2006,1,16,"TAM-05"
"806","TAM-05","245",13.7,13.6,0.8164,2006,1,16,"TAM-05"
"807","TAM-05","247",13.8,22.8,0.637,2006,1,16,"TAM-05"
"808","TAM-05","248",17.35,17,0.436,2006,1,16,"TAM-05"
"809","TAM-05","249",29.6,20,0.727,2006,1,16,"TAM-05"
"810","TAM-05","250",28.8,17.4,0.852083333,2006,1,16,"TAM-05"
"811","TAM-05","250.1",12.6,12.1,0.42,2006,1,16,"TAM-05"
"812","TAM-05","252",18.7,12.4,0.575268293,2006,1,16,"TAM-05"
"813","TAM-05","252.1",11.5,9.7,0.56,2006,1,16,"TAM-05"
"814","TAM-05","252.2",12.5,7.1,0.63,2006,1,16,"TAM-05"
"815","TAM-05","253",13.8,12.2,0.625,2006,1,16,"TAM-05"
"816","TAM-05","255",19.9,23.9,0.622122807,2006,1,16,"TAM-05"
"817","TAM-05","256",13.1,11,0.615,2006,1,16,"TAM-05"
"818","TAM-05","258",27.95,15.9,0.657272727,2006,1,16,"TAM-05"
"819","TAM-05","259",31.6,20.1,0.598571429,2006,1,16,"TAM-05"
"820","TAM-05","261",10.55,7.2,0.52261165,2006,1,16,"TAM-05"
"821","TAM-05","262",16.5,11.8,0.511153846,2006,1,16,"TAM-05"
"822","TAM-05","263",20.2,11.7,0.625,2006,1,16,"TAM-05"
"823","TAM-05","263.1",10.7,10.4,0.836190476,2006,1,16,"TAM-05"
"824","TAM-05","263.2",9.4,9.8,0.63697784,2006,1,16,"TAM-05"
"825","TAM-05","264",35.7,19.3,0.436,2006,1,16,"TAM-05"
"826","TAM-05","266",12.9,13.7,0.852083333,2006,1,16,"TAM-05"
"827","TAM-05","268",10.7,5.9,0.49,2006,1,16,"TAM-05"
"828","TAM-05","269",50.7,28.3,0.38,2006,1,16,"TAM-05"
"829","TAM-05","270",19.6,15.5,0.811142857,2006,1,16,"TAM-05"
"830","TAM-05","271",13,12.5,0.8705,2006,1,16,"TAM-05"
"831","TAM-05","272",13.7,15.8,0.8705,2006,1,16,"TAM-05"
"832","TAM-05","273",10.4,8.1,0.618444444,2006,1,16,"TAM-05"
"833","TAM-05","274",18.6,14.4,0.633333333,2006,1,16,"TAM-05"
"834","TAM-05","275",39.5,28,0.657272727,2006,1,16,"TAM-05"
"835","TAM-05","276",41.1,24.3,0.52261165,2006,1,16,"TAM-05"
"836","TAM-05","277",10.2,6.8,0.571,2006,1,16,"TAM-05"
"837","TAM-05","278",12.7,19.2,0.8164,2006,1,16,"TAM-05"
"838","TAM-05","279",21.3,15.7,0.571,2006,1,16,"TAM-05"
"839","TAM-05","279.1",11,12.3,0.436,2006,1,16,"TAM-05"
"840","TAM-05","280",20.1,13.2,0.75,2006,1,16,"TAM-05"
"841","TAM-05","281",22.85,17.9,0.657272727,2006,1,16,"TAM-05"
"842","TAM-05","282",65.9,27.3,0.698916667,2006,1,16,"TAM-05"
"843","TAM-05","283",19.2,14.1,0.625,2006,1,16,"TAM-05"
"844","TAM-05","284",24.95,16.4,0.38,2006,1,16,"TAM-05"
"845","TAM-05","285",52.25,22.4,0.736666667,2006,1,16,"TAM-05"
"846","TAM-05","286",NA,NA,0.713,2006,1,16,"TAM-05"
"847","TAM-05","287",11.6,9.9,0.57,2006,1,16,"TAM-05"
"848","TAM-05","287.1",14.2,13.8,0.436,2006,1,16,"TAM-05"
"849","TAM-05","288",11.4,NA,0.56,2006,1,16,"TAM-05"
"850","TAM-05","289",13.7,4.8,0.691083333,2006,1,16,"TAM-05"
"851","TAM-05","290",63.8,13.4,0.350666667,2006,1,16,"TAM-05"
"852","TAM-05","290.1",NA,NA,0.6815,2006,1,16,"TAM-05"
"853","TAM-05","291",12.45,22.6,0.637,2006,1,16,"TAM-05"
"854","TAM-05","292",23,9.7,0.436,2006,1,16,"TAM-05"
"855","TAM-05","293",51.15,16,0.3604,2006,1,16,"TAM-05"
"856","TAM-05","294",23.7,25.7,0.629,2006,1,16,"TAM-05"
"857","TAM-05","295",25.4,22.2,0.629,2006,1,16,"TAM-05"
"858","TAM-05","296",13.3,23.9,0.629,2006,1,16,"TAM-05"
"859","TAM-05","297",41.4,14.6,0.622122807,2006,1,16,"TAM-05"
"860","TAM-05","297.1",10.2,7.7,0.510488636,2006,1,16,"TAM-05"
"861","TAM-05","298",27.2,20.7,0.659,2006,1,16,"TAM-05"
"862","TAM-05","298.1",14.2,12.2,0.466625,2006,1,16,"TAM-05"
"863","TAM-05","299",21.5,17.9,0.629888889,2006,1,16,"TAM-05"
"864","TAM-05","300",43,29.3,0.629,2006,1,16,"TAM-05"
"865","TAM-05","300.1",10.9,7.1,0.633333333,2006,1,16,"TAM-05"
"866","TAM-05","302",15,9.6,0.727,2006,1,16,"TAM-05"
"867","TAM-05","304",16.65,20.5,0.647875,2006,1,16,"TAM-05"
"868","TAM-05","306",52.1,24.6,0.589066667,2006,1,16,"TAM-05"
"869","TAM-05","307",51.2,15.4,0.52261165,2006,1,16,"TAM-05"
"870","TAM-05","308",20.7,22.2,0.825,2006,1,16,"TAM-05"
"871","TAM-05","308.1",10.7,14.1,0.436,2006,1,16,"TAM-05"
"872","TAM-05","309",15.6,14,0.66025,2006,1,16,"TAM-05"
"873","TAM-05","310",23.85,22,0.510488636,2006,1,16,"TAM-05"
"874","TAM-05","311",13.5,18.3,0.852083333,2006,1,16,"TAM-05"
"875","TAM-05","312",30.4,16.6,0.618444444,2006,1,16,"TAM-05"
"876","TAM-05","313",15.8,20.2,0.633333333,2006,1,16,"TAM-05"
"877","TAM-05","314",11.45,16.3,0.56,2006,1,16,"TAM-05"
"878","TAM-05","315",25.4,9,0.66025,2006,1,16,"TAM-05"
"879","TAM-05","315.1",10.15,18.2,0.633264495,2006,1,16,"TAM-05"
"880","TAM-05","316",13.7,8.7,0.436,2006,1,16,"TAM-05"
"881","TAM-05","318",10.5,5.2,0.6,2006,1,16,"TAM-05"
"882","TAM-05","319",56,14.6,0.3,2006,1,16,"TAM-05"
"883","TAM-05","321",16.1,12.7,0.895,2006,1,16,"TAM-05"
"884","TAM-05","322",20.7,18.1,0.615,2006,1,16,"TAM-05"
"885","TAM-05","322.1",13.15,10.2,0.615,2006,1,16,"TAM-05"
"886","TAM-05","323",22.5,14.6,0.54325,2006,1,16,"TAM-05"
"887","TAM-05","324",12,2.7,0.88,2006,1,16,"TAM-05"
"888","TAM-05","326",21.7,10.9,0.6,2006,1,16,"TAM-05"
"889","TAM-05","327",15.5,13.7,0.436,2006,1,16,"TAM-05"
"890","TAM-05","328",33.8,18.6,0.629,2006,1,16,"TAM-05"
"891","TAM-05","329",23,7.4,0.952428571,2006,1,16,"TAM-05"
"892","TAM-05","330",23,11.2,0.436,2006,1,16,"TAM-05"
"893","TAM-05","331",37.3,14.6,0.5635,2006,1,16,"TAM-05"
"894","TAM-05","332",27.55,19.9,0.436,2006,1,16,"TAM-05"
"895","TAM-05","333",10.8,12,0.42,2006,1,16,"TAM-05"
"896","TAM-05","334",16.3,13.7,0.571,2006,1,16,"TAM-05"
"897","TAM-05","335",15.7,20.9,0.387666667,2006,1,16,"TAM-05"
"898","TAM-05","336",25.3,11.1,0.6815,2006,1,16,"TAM-05"
"899","TAM-05","336.1",11.1,14.6,0.37,2006,1,16,"TAM-05"
"900","TAM-05","337",99.9,33.8,0.5038,2006,1,16,"TAM-05"
"901","TAM-05","338",34.7,18,0.42,2006,1,16,"TAM-05"
"902","TAM-05","339",24,17.2,0.629,2006,1,16,"TAM-05"
"903","TAM-05","340",NA,NA,0.633333333,2006,1,16,"TAM-05"
"904","TAM-05","341",12.2,16.2,0.38,2006,1,16,"TAM-05"
"905","TAM-05","341.1",11.6,15.7,0.678144059,2006,1,16,"TAM-05"
"906","TAM-05","342",27,24.5,0.37,2006,1,16,"TAM-05"
"907","TAM-05","343",20.8,15.8,0.52261165,2006,1,16,"TAM-05"
"908","TAM-05","345",10.8,4.5,0.597423077,2006,1,16,"TAM-05"
"909","TAM-05","346",16.6,16.3,0.645,2006,1,16,"TAM-05"
"910","TAM-05","347",25.6,16,0.66025,2006,1,16,"TAM-05"
"911","TAM-05","348",17.6,10.9,0.825,2006,1,16,"TAM-05"
"912","TAM-05","349",19.3,11.5,0.571,2006,1,16,"TAM-05"
"913","TAM-05","350",13.8,11,0.825,2006,1,16,"TAM-05"
"914","TAM-05","351",36.2,28.9,0.942333333,2006,1,16,"TAM-05"
"915","TAM-05","352",31.15,25.8,0.8,2006,1,16,"TAM-05"
"916","TAM-05","353",12.6,8,0.633333333,2006,1,16,"TAM-05"
"917","TAM-05","354",9.5,12.3,0.713,2006,1,16,"TAM-05"
"918","TAM-05","355",12.2,12,0.8164,2006,1,16,"TAM-05"
"919","TAM-05","356",13.3,11.9,0.562571429,2006,1,16,"TAM-05"
"920","TAM-05","356.1",9.8,8.7,0.571,2006,1,16,"TAM-05"
"921","TAM-05","357",12.9,3.7,0.7115,2006,1,16,"TAM-05"
"922","TAM-05","358",31.65,20.2,0.436,2006,1,16,"TAM-05"
"923","TAM-05","358.1",14.1,13.6,0.387666667,2006,1,16,"TAM-05"
"924","TAM-05","359",10.5,13.6,0.727,2006,1,16,"TAM-05"
"925","TAM-05","360",78.7,32,0.638,2006,1,16,"TAM-05"
"926","TAM-05","361",19.35,19.3,0.436,2006,1,16,"TAM-05"
"927","TAM-05","362",22.7,22.2,0.8705,2006,1,16,"TAM-05"
"928","TAM-05","363",10.9,5.5,0.633333333,2006,1,16,"TAM-05"
"929","TAM-05","364",19.75,24,0.629,2006,1,16,"TAM-05"
"930","TAM-05","365",23.2,17.9,0.8705,2006,1,16,"TAM-05"
"931","TAM-05","366",22.4,19.8,0.637,2006,1,16,"TAM-05"
"932","TAM-05","368",25.5,17,0.6,2006,1,16,"TAM-05"
"933","TAM-05","369",NA,6.9,0.5,2006,1,16,"TAM-05"
"934","TAM-05","370",25.8,14,0.436,2006,1,16,"TAM-05"
"935","TAM-05","372.1",11.1,21.1,0.678144059,2006,1,16,"TAM-05"
"936","TAM-05","373",14.6,15,0.37,2006,1,16,"TAM-05"
"937","TAM-05","374",22.5,16.5,0.37,2006,1,16,"TAM-05"
"938","TAM-05","376",13.05,8.8,0.57,2006,1,16,"TAM-05"
"939","TAM-05","377",15,NA,0.38,2006,1,16,"TAM-05"
"940","TAM-05","380",22.2,18.2,0.571,2006,1,16,"TAM-05"
"941","TAM-05","381",18.6,17.5,0.267,2006,1,16,"TAM-05"
"942","TAM-05","382",10.65,10.5,0.713,2006,1,16,"TAM-05"
"943","TAM-05","383",18.1,14,0.445375,2006,1,16,"TAM-05"
"944","TAM-05","384",13.1,14.4,0.629,2006,1,16,"TAM-05"
"945","TAM-05","385",47.1,19.9,0.436,2006,1,16,"TAM-05"
"946","TAM-05","386",15.2,12,0.37,2006,1,16,"TAM-05"
"947","TAM-05","387",10.4,10.2,0.747794521,2006,1,16,"TAM-05"
"948","TAM-05","388",47.8,21.3,0.606714286,2006,1,16,"TAM-05"
"949","TAM-05","389",11.84,10.3,0.691083333,2006,1,16,"TAM-05"
"950","TAM-05","390",16.6,14.3,0.52261165,2006,1,16,"TAM-05"
"951","TAM-05","390.1",9.2,11.5,0.799216,2006,1,16,"TAM-05"
"952","TAM-05","392",12,10.9,0.622769231,2006,1,16,"TAM-05"
"953","TAM-05","393",14,8.4,0.571,2006,1,16,"TAM-05"
"954","TAM-05","395",16.85,18.6,0.425,2006,1,16,"TAM-05"
"955","TAM-05","397",14.35,15.4,0.852083333,2006,1,16,"TAM-05"
"956","TAM-05","398",24.4,24.3,0.825,2006,1,16,"TAM-05"
"957","TAM-05","399",17,16.7,0.629,2006,1,16,"TAM-05"
"958","TAM-05","401",37.7,30.8,0.88,2006,1,16,"TAM-05"
"959","TAM-05","401.1",10.5,14.8,0.53,2006,1,16,"TAM-05"
"960","TAM-05","403",10,9.4,0.61944,2006,1,16,"TAM-05"
"961","TAM-05","404",21.1,15.3,0.9385,2006,1,16,"TAM-05"
"962","TAM-05","405",15,17.3,0.629,2006,1,16,"TAM-05"
"963","TAM-05","406",16.8,15.2,0.637,2006,1,16,"TAM-05"
"964","TAM-05","407",21.8,15,0.589066667,2006,1,16,"TAM-05"
"965","TAM-05","408",43.1,20,0.8164,2006,1,16,"TAM-05"
"966","TAM-05","409",14.6,15.4,0.8435,2006,1,16,"TAM-05"
"967","TAM-05","410",31,22.9,0.657272727,2006,1,16,"TAM-05"
"968","TAM-05","411",11.8,7.4,0.7325,2006,1,16,"TAM-05"
"969","TAM-05","413",13.6,15.8,0.571,2006,1,16,"TAM-05"
"970","TAM-05","414",22.1,17.4,0.436,2006,1,16,"TAM-05"
"971","TAM-05","415",14.7,11.4,0.579769231,2006,1,16,"TAM-05"
"972","TAM-05","415.1",11.5,10,0.436,2006,1,16,"TAM-05"
"973","TAM-05","416",28.9,20.5,0.589066667,2006,1,16,"TAM-05"
"974","TAM-05","416.1",12.4,12.9,0.61,2006,1,16,"TAM-05"
"975","TAM-05","417",18.3,11.2,0.6815,2006,1,16,"TAM-05"
"976","TAM-05","418",12.7,14.5,0.852083333,2006,1,16,"TAM-05"
"977","TAM-05","419",15.1,15,0.579769231,2006,1,16,"TAM-05"
"978","TAM-05","420",NA,NA,0.355666667,2006,1,16,"TAM-05"
"979","TAM-05","424",27.5,17.8,0.436,2006,1,16,"TAM-05"
"980","TAM-05","425",10.1,43.8,0.6405,2006,1,16,"TAM-05"
"981","TAM-05","426",18.6,43.8,0.6,2006,1,16,"TAM-05"
"982","TAM-05","427",14.3,7.9,0.57,2006,1,16,"TAM-05"
"983","TAM-05","428",NA,9.3,0.23,2006,1,16,"TAM-05"
"984","TAM-05","429",121.8,28.9,0.638,2006,1,16,"TAM-05"
"985","TAM-05","431",56.3,24.2,0.698916667,2006,1,16,"TAM-05"
"986","TAM-05","432",11.4,6.8,0.69625,2006,1,16,"TAM-05"
"987","TAM-05","432.1",10.3,8.6,0.633333333,2006,1,16,"TAM-05"
"988","TAM-05","434",14.5,13.3,0.622122807,2006,1,16,"TAM-05"
"989","TAM-05","435",17.8,12.3,0.836190476,2006,1,16,"TAM-05"
"990","TAM-05","436",18.5,16.3,0.436,2006,1,16,"TAM-05"
"991","TAM-05","438",19.3,18.2,0.615,2006,1,16,"TAM-05"
"992","TAM-05","440",19.3,18.4,0.56,2006,1,16,"TAM-05"
"993","TAM-05","441",14.4,13.4,0.697182292,2006,1,16,"TAM-05"
"994","TAM-05","442",47.3,16.3,0.592333333,2006,1,16,"TAM-05"
"995","TAM-05","443",26.9,15.7,0.593959184,2006,1,16,"TAM-05"
"996","TAM-05","444",25.1,12.2,0.436,2006,1,16,"TAM-05"
"997","TAM-05","445",46.2,16,0.557333333,2006,1,16,"TAM-05"
"998","TAM-05","445.1",14.1,12.7,0.8705,2006,1,16,"TAM-05"
"999","TAM-05","446",27.6,14.2,0.445375,2006,1,16,"TAM-05"
"1000","TAM-05","446.1",NA,NA,0.579385555,2006,1,16,"TAM-05"
"1001","TAM-05","447",NA,4.9,0.808782609,2006,1,16,"TAM-05"
"1002","TAM-05","448",19.3,5.9,0.52239801,2006,1,16,"TAM-05"
"1003","TAM-05","448.1",NA,NA,0.444604162,2006,1,16,"TAM-05"
"1004","TAM-05","449",24.3,14.4,0.717333333,2006,1,16,"TAM-05"
"1005","TAM-05","452",17.6,9.2,0.782736842,2006,1,16,"TAM-05"
"1006","TAM-05","453",15.3,11,0.69625,2006,1,16,"TAM-05"
"1007","TAM-05","453.1",NA,NA,0.77,2006,1,16,"TAM-05"
"1008","TAM-05","453.2",NA,NA,0.578435,2006,1,16,"TAM-05"
"1009","TAM-05","454",36,16.7,0.37,2006,1,16,"TAM-05"
"1010","TAM-05","454.1",NA,NA,0.444604162,2006,1,16,"TAM-05"
"1011","TAM-05","456",16.7,12.5,0.808782609,2006,1,16,"TAM-05"
"1012","TAM-05","459",18,9,0.579769231,2006,1,16,"TAM-05"
"1013","TAM-05","460",16.9,11.3,0.616666667,2006,1,16,"TAM-05"
"1014","TAM-05","462",22.6,16,0.37,2006,1,16,"TAM-05"
"1015","TAM-05","463",17.9,12.6,0.52261165,2006,1,16,"TAM-05"
"1016","TAM-05","465",30.3,22.6,0.657272727,2006,1,16,"TAM-05"
"1017","TAM-05","467",14,19.3,0.697182292,2006,1,16,"TAM-05"
"1018","TAM-05","468",21.8,10.6,0.618444444,2006,1,16,"TAM-05"
"1019","TAM-05","469",15,13,0.625,2006,1,16,"TAM-05"
"1020","TAM-05","471",12.7,11.2,0.6405,2006,1,16,"TAM-05"
"1021","TAM-05","472",15,15.2,0.510488636,2006,1,16,"TAM-05"
"1022","TAM-05","473",13.3,16.2,0.791314286,2006,1,16,"TAM-05"
"1023","TAM-05","474",10.5,13,0.7,2006,1,16,"TAM-05"
"1024","TAM-05","475",17,8.3,0.727,2006,1,16,"TAM-05"
"1025","TAM-05","476",12.4,14.3,0.96,2006,1,16,"TAM-05"
"1026","TAM-05","477",26,20.1,0.585428571,2006,1,16,"TAM-05"
"1027","TAM-05","480",13.1,14.2,0.511153846,2006,1,16,"TAM-05"
"1028","TAM-05","481",NA,NA,0.629,2006,1,16,"TAM-05"
"1029","TAM-05","481.1",10.5,11.2,0.558533955,2006,1,16,"TAM-05"
"1030","TAM-05","482",16.9,13.9,0.571,2006,1,16,"TAM-05"
"1031","TAM-05","483",38,25.1,0.425,2006,1,16,"TAM-05"
"1032","TAM-05","485.1",12.3,14.8,0.564472119,2006,1,16,"TAM-05"
"1033","TAM-05","486",14.6,12.4,0.6405,2006,1,16,"TAM-05"
"1034","TAM-05","486.1",NA,NA,0.518670638,2006,1,16,"TAM-05"
"1035","TAM-05","488",13.9,12.3,0.633333333,2006,1,16,"TAM-05"
"1036","TAM-05","489",17.5,13.2,0.825,2006,1,16,"TAM-05"
"1037","TAM-05","490",15.4,17.6,0.637,2006,1,16,"TAM-05"
"1038","TAM-05","491",37.7,19.9,0.622769231,2006,1,16,"TAM-05"
"1039","TAM-05","492",118.5,14.1,0.37,2006,1,16,"TAM-05"
"1040","TAM-05","493",NA,NA,0.589066667,2006,1,16,"TAM-05"
"1041","TAM-05","493.1",10.9,8.3,0.557333333,2006,1,16,"TAM-05"
"1042","TAM-05","494",49.1,23.1,0.571,2006,1,16,"TAM-05"
"1043","TAM-05","495",42.1,22.3,0.786714286,2006,1,16,"TAM-05"
"1044","TAM-05","496",17.5,15.1,0.8164,2006,1,16,"TAM-05"
"1045","TAM-05","497",32.5,15.5,0.657272727,2006,1,16,"TAM-05"
"1046","TAM-05","498",17,12.9,0.436,2006,1,16,"TAM-05"
"1047","TAM-05","499",15.9,15.2,0.629,2006,1,16,"TAM-05"
"1048","TAM-05","500",19,12.3,0.618444444,2006,1,16,"TAM-05"
"1049","TAM-05","501",24.9,14.3,0.637,2006,1,16,"TAM-05"
"1050","TAM-05","502",11.7,10.7,0.629,2006,1,16,"TAM-05"
"1051","TAM-05","505",14.1,11.2,0.510488636,2006,1,16,"TAM-05"
"1052","TAM-05","507",26.6,22.1,0.267,2006,1,16,"TAM-05"
"1053","TAM-05","508",20.8,18.2,0.267,2006,1,16,"TAM-05"
"1054","TAM-05","509",13.1,13.6,0.42656962,2006,1,16,"TAM-05"
"1055","TAM-05","510",20.4,10.6,0.657272727,2006,1,16,"TAM-05"
"1056","TAM-05","512",14.5,13.2,0.436,2006,1,16,"TAM-05"
"1057","TAM-05","513",21.8,18.3,0.8164,2006,1,16,"TAM-05"
"1058","TAM-05","514",17.3,18.9,0.629,2006,1,16,"TAM-05"
"1059","TAM-05","515",24.05,19.1,0.267,2006,1,16,"TAM-05"
"1060","TAM-05","516",11.6,14.5,0.540586207,2006,1,16,"TAM-05"
"1061","TAM-05","517",32,23.4,0.589066667,2006,1,16,"TAM-05"
"1062","TAM-05","518",18.3,14.1,0.387666667,2006,1,16,"TAM-05"
"1063","TAM-05","519",10.6,12.2,0.579769231,2006,1,16,"TAM-05"
"1064","TAM-05","520",24.5,24.4,0.805,2006,1,16,"TAM-05"
"1065","TAM-05","520.1",9.8,6.2,0.52,2006,1,16,"TAM-05"
"1066","TAM-05","521",28.1,24,0.436,2006,1,16,"TAM-05"
"1067","TAM-05","521.1",11.4,12.5,0.511153846,2006,1,16,"TAM-05"
"1068","TAM-05","522",NA,8.3,0.42,2006,1,16,"TAM-05"
"1069","TAM-05","523",21.4,18.2,0.267,2006,1,16,"TAM-05"
"1070","TAM-05","524",22.4,24,0.552857143,2006,1,16,"TAM-05"
"1071","TAM-05","525",12.7,11.6,0.77,2006,1,16,"TAM-05"
"1072","TAM-05","526",11.4,13.2,0.5785,2006,1,16,"TAM-05"
"1073","TAM-05","527",20.4,15,0.436,2006,1,16,"TAM-05"
"1074","TAM-05","528",12.3,13.2,0.436,2006,1,16,"TAM-05"
"1075","TAM-05","529",33.6,14.5,0.575268293,2006,1,16,"TAM-05"
"1076","TAM-05","530",12.1,9.5,0.6405,2006,1,16,"TAM-05"
"1077","TAM-05","531",17.1,14.9,0.3,2006,1,16,"TAM-05"
"1078","TAM-05","531.1",11,14.4,0.436,2006,1,16,"TAM-05"
"1079","TAM-05","532",24.2,16.2,0.48275,2006,1,16,"TAM-05"
"1080","TAM-05","533",18.1,14.6,0.895,2006,1,16,"TAM-05"
"1081","TAM-05","534",15.3,20,0.540586207,2006,1,16,"TAM-05"
"1082","TAM-05","535",25.1,21.9,0.66025,2006,1,16,"TAM-05"
"1083","TAM-05","536",17.7,12.2,0.6556,2006,1,16,"TAM-05"
"1084","TAM-05","544",20.5,16.7,0.825,2006,1,16,"TAM-05"
"1085","TAM-05","544.1",10.3,7.8,0.713,2006,1,16,"TAM-05"
"1086","TAM-05","545",13.7,11.1,0.622122807,2006,1,16,"TAM-05"
"1087","TAM-05","546",26.9,13.9,0.622122807,2006,1,16,"TAM-05"
"1088","TAM-05","547",20.9,12.2,0.52239801,2006,1,16,"TAM-05"
"1089","TAM-05","549",11.8,13.5,0.758333333,2006,1,16,"TAM-05"
"1090","TAM-05","550",55.1,26,0.69,2006,1,16,"TAM-05"
"1091","TAM-05","550.1",10.5,7.1,0.51772,2006,1,16,"TAM-05"
"1092","TAM-05","551",9.2,7.6,NA,2006,1,16,"TAM-05"
"1093","TAM-05","552",10.3,7.2,0.42,2006,1,16,"TAM-05"
"1094","TAM-05","554",45.2,24.1,0.6556,2006,1,16,"TAM-05"
"1095","TAM-05","555",112.4,43.3,0.5038,2006,1,16,"TAM-05"
"1096","TAM-05","557",10.8,4.8,0.47,2006,1,16,"TAM-05"
"1097","TAM-05","558",13.2,3.9,0.694704545,2006,1,16,"TAM-05"
"1098","TAM-05","559",22.1,14.2,0.37,2006,1,16,"TAM-05"
"1099","TAM-05","560",37.6,19.2,0.8164,2006,1,16,"TAM-05"
"1100","TAM-05","560.1",10.2,10.3,0.510488636,2006,1,16,"TAM-05"
"1101","TAM-05","564",21.6,20.5,0.267,2006,1,16,"TAM-05"
"1102","TAM-05","565",24.6,17.6,0.825,2006,1,16,"TAM-05"
"1103","TAM-05","566",55.1,23.2,0.479,2006,1,16,"TAM-05"
"1104","TAM-05","568",18.1,18,0.597423077,2006,1,16,"TAM-05"
"1105","TAM-05","569",11.1,2,0.665902439,2006,1,16,"TAM-05"
"1106","TAM-05","570",40.5,25,0.678144059,2006,1,16,"TAM-05"
"1107","TAM-05","570.1",13,13.9,0.629,2006,1,16,"TAM-05"
"1108","TAM-05","570.2",13.2,14.6,0.387666667,2006,1,16,"TAM-05"
"1109","TAM-05","570.2",13,14.6,0.387666667,2006,1,16,"TAM-05"
"1110","TAM-05","571",17.9,12.1,0.628,2006,1,16,"TAM-05"
"1111","TAM-05","572.1",16.7,19.7,0.825,2006,1,16,"TAM-05"
"1112","TAM-05","572.2",10.6,13,0.825,2006,1,16,"TAM-05"
"1113","TAM-05","575.1",11.4,17.2,0.790333333,2006,1,16,"TAM-05"
"1114","TAM-05","578",28.8,20.6,0.42,2006,1,16,"TAM-05"
"1115","TAM-05","579",13.2,12.5,0.625,2006,1,16,"TAM-05"
"1116","TAM-05","579.1",NA,20.2,NA,2006,1,16,"TAM-05"
"1117","TAM-05","580.1",11.5,7.9,0.51772,2006,1,16,"TAM-05"
"1118","TAM-05","581",51.5,32,0.637,2006,1,16,"TAM-05"
"1119","TAM-05","582",29.7,14.3,0.622122807,2006,1,16,"TAM-05"
"1120","TAM-05","583",15.9,14.5,0.436,2006,1,16,"TAM-05"
"1121","TAM-05","583.1",14.2,13.6,0.61,2006,1,16,"TAM-05"
"1122","TAM-05","583.2",NA,NA,NA,2006,1,16,"TAM-05"
"1123","TAM-05","584",42.7,26.3,0.52261165,2006,1,16,"TAM-05"
"1124","TAM-05","585",24,21.2,0.589066667,2006,1,16,"TAM-05"
"1125","TAM-05","586",19.3,16,0.589066667,2006,1,16,"TAM-05"
"1126","TAM-05","587",16,14.8,0.54325,2006,1,16,"TAM-05"
"1127","TAM-05","3",21.6,16,0.69625,2008,8,25,"TAM-05"
"1128","TAM-05","4",14.1,24,0.896384615,2008,8,25,"TAM-05"
"1129","TAM-05","5",12.6,21,0.896384615,2008,8,25,"TAM-05"
"1130","TAM-05","6",16.2,13.6,0.727,2008,8,25,"TAM-05"
"1131","TAM-05","7",18.2,20.3,0.38,2008,8,25,"TAM-05"
"1132","TAM-05","8",16.7,22,0.266,2008,8,25,"TAM-05"
"1133","TAM-05","9",22.7,14.9,0.6995,2008,8,25,"TAM-05"
"1134","TAM-05","11",26.3,13.5,0.625,2008,8,25,"TAM-05"
"1135","TAM-05","12",11.5,12.9,0.633333333,2008,8,25,"TAM-05"
"1136","TAM-05","12.1",16.2,16,0.37,2008,8,25,"TAM-05"
"1137","TAM-05","13",15.6,16.3,0.629,2008,8,25,"TAM-05"
"1138","TAM-05","13.1",20.1,18.3,0.37,2008,8,25,"TAM-05"
"1139","TAM-05","15",25.8,23.5,0.6,2008,8,25,"TAM-05"
"1140","TAM-05","16",22.3,16.1,0.657272727,2008,8,25,"TAM-05"
"1141","TAM-05","17",12.3,12.8,0.6405,2008,8,25,"TAM-05"
"1142","TAM-05","19",13.15,15.1,0.57,2008,8,25,"TAM-05"
"1143","TAM-05","20",42.15,32,0.637,2008,8,25,"TAM-05"
"1144","TAM-05","21",22,28.1,0.37,2008,8,25,"TAM-05"
"1145","TAM-05","23",18.2,11,0.37,2008,8,25,"TAM-05"
"1146","TAM-05","25",20.9,12,0.8164,2008,8,25,"TAM-05"
"1147","TAM-05","26",30.3,31,0.37,2008,8,25,"TAM-05"
"1148","TAM-05","27",18,14.4,0.727,2008,8,25,"TAM-05"
"1149","TAM-05","28",10.5,27.7,0.61,2008,8,25,"TAM-05"
"1150","TAM-05","28.1",10,8.7,0.51772,2008,8,25,"TAM-05"
"1151","TAM-05","29",12.4,16,0.727,2008,8,25,"TAM-05"
"1152","TAM-05","31",15.4,19,0.618444444,2008,8,25,"TAM-05"
"1153","TAM-05","32",13.2,15.6,0.615,2008,8,25,"TAM-05"
"1154","TAM-05","33",12.9,11.9,0.6405,2008,8,25,"TAM-05"
"1155","TAM-05","34",14.7,17,0.727,2008,8,25,"TAM-05"
"1156","TAM-05","35",28.9,19,0.614666667,2008,8,25,"TAM-05"
"1157","TAM-05","36",13.2,9.7,0.717333333,2008,8,25,"TAM-05"
"1158","TAM-05","36.1",NA,NA,0.436,2008,8,25,"TAM-05"
"1159","TAM-05","37",42.7,40,0.8164,2008,8,25,"TAM-05"
"1160","TAM-05","40",16.9,9.8,0.8164,2008,8,25,"TAM-05"
"1161","TAM-05","43",78.4,37,0.7685,2008,8,25,"TAM-05"
"1162","TAM-05","43.1",11.8,10.2,0.53,2008,8,25,"TAM-05"
"1163","TAM-05","45",48.9,33,0.825142857,2008,8,25,"TAM-05"
"1164","TAM-05","45.1",10.8,11.4,0.808782609,2008,8,25,"TAM-05"
"1165","TAM-05","46",16.4,16,0.618444444,2008,8,25,"TAM-05"
"1166","TAM-05","47",24.6,6.5,0.6,2008,8,25,"TAM-05"
"1167","TAM-05","48",15.9,14.9,0.633333333,2008,8,25,"TAM-05"
"1168","TAM-05","51",42.4,23,0.637,2008,8,25,"TAM-05"
"1169","TAM-05","53",13.1,11.8,0.754235294,2008,8,25,"TAM-05"
"1170","TAM-05","55",40,10.1,0.614666667,2008,8,25,"TAM-05"
"1171","TAM-05","56",15.7,15,0.717333333,2008,8,25,"TAM-05"
"1172","TAM-05","59",18.8,9.1,0.727,2008,8,25,"TAM-05"
"1173","TAM-05","60",18.1,17.2,0.510488636,2008,8,25,"TAM-05"
"1174","TAM-05","61",79.3,38.9,0.8774,2008,8,25,"TAM-05"
"1175","TAM-05","62",11.7,16,0.510488636,2008,8,25,"TAM-05"
"1176","TAM-05","62.1",10.3,5.7,0.809857143,2008,8,25,"TAM-05"
"1177","TAM-05","63",13.9,6.7,0.625,2008,8,25,"TAM-05"
"1178","TAM-05","64",14.7,17,0.56,2008,8,25,"TAM-05"
"1179","TAM-05","66",17.9,12,0.753,2008,8,25,"TAM-05"
"1180","TAM-05","66.1",10.7,8.9,0.6,2008,8,25,"TAM-05"
"1181","TAM-05","68",18.4,20,0.615,2008,8,25,"TAM-05"
"1182","TAM-05","69",39.8,17,0.52261165,2008,8,25,"TAM-05"
"1183","TAM-05","69.1",11.2,6.5,0.53,2008,8,25,"TAM-05"
"1184","TAM-05","69.2",NA,14.9,0.825,2008,8,25,"TAM-05"
"1185","TAM-05","70",24.7,22,0.37,2008,8,25,"TAM-05"
"1186","TAM-05","71",24.2,13.3,0.825,2008,8,25,"TAM-05"
"1187","TAM-05","71.1",11.2,9.1,0.633333333,2008,8,25,"TAM-05"
"1188","TAM-05","72",22.3,22.7,0.828119403,2008,8,25,"TAM-05"
"1189","TAM-05","74",53.4,31.5,0.618444444,2008,8,25,"TAM-05"
"1190","TAM-05","75",10.6,11.2,0.510488636,2008,8,25,"TAM-05"
"1191","TAM-05","76",14.8,18.1,0.6995,2008,8,25,"TAM-05"
"1192","TAM-05","77",24.5,22,0.825142857,2008,8,25,"TAM-05"
"1193","TAM-05","78",16.9,9.5,0.811142857,2008,8,25,"TAM-05"
"1194","TAM-05","79",20.8,10.2,0.6995,2008,8,25,"TAM-05"
"1195","TAM-05","80",14.2,11.7,0.8705,2008,8,25,"TAM-05"
"1196","TAM-05","81",27.5,19,0.8705,2008,8,25,"TAM-05"
"1197","TAM-05","83",30.2,22.4,0.852083333,2008,8,25,"TAM-05"
"1198","TAM-05","83.1",11.8,14.6,0.61,2008,8,25,"TAM-05"
"1199","TAM-05","85",10.6,4.5,0.571,2008,8,25,"TAM-05"
"1200","TAM-05","86",NA,21.6,0.436,2008,8,25,"TAM-05"
"1201","TAM-05","88",10.4,12.9,0.727,2008,8,25,"TAM-05"
"1202","TAM-05","88.1",11.9,11.8,0.37,2008,8,25,"TAM-05"
"1203","TAM-05","89",11.9,12.7,0.8705,2008,8,25,"TAM-05"
"1204","TAM-05","90",39.4,18.2,0.77675,2008,8,25,"TAM-05"
"1205","TAM-05","90.1",10.2,9.2,0.492,2008,8,25,"TAM-05"
"1206","TAM-05","91",10.7,7.3,0.707857143,2008,8,25,"TAM-05"
"1207","TAM-05","92",32.5,32,0.266,2008,8,25,"TAM-05"
"1208","TAM-05","96",NA,NA,0.622769231,2008,8,25,"TAM-05"
"1209","TAM-05","96.1",12.9,18.7,0.8705,2008,8,25,"TAM-05"
"1210","TAM-05","96.2",17.4,14.2,0.436,2008,8,25,"TAM-05"
"1211","TAM-05","97",10.8,9.1,0.622122807,2008,8,25,"TAM-05"
"1212","TAM-05","98",15.5,10.5,0.825142857,2008,8,25,"TAM-05"
"1213","TAM-05","99",25.2,20.2,0.37,2008,8,25,"TAM-05"
"1214","TAM-05","100",37.6,20.6,0.589066667,2008,8,25,"TAM-05"
"1215","TAM-05","100.1",12.9,12.4,0.8164,2008,8,25,"TAM-05"
"1216","TAM-05","101",NA,18,0.558533955,2008,8,25,"TAM-05"
"1217","TAM-05","102",13.4,16.2,0.8164,2008,8,25,"TAM-05"
"1218","TAM-05","103",47.3,32,0.42656962,2008,8,25,"TAM-05"
"1219","TAM-05","104",22,17.6,0.436,2008,8,25,"TAM-05"
"1220","TAM-05","105",21.6,23.3,0.414333333,2008,8,25,"TAM-05"
"1221","TAM-05","105.1",NA,NA,0.660158304,2008,8,25,"TAM-05"
"1222","TAM-05","106",31.7,13.5,0.678144059,2008,8,25,"TAM-05"
"1223","TAM-05","107",19.3,10.8,0.727,2008,8,25,"TAM-05"
"1224","TAM-05","108",12.1,8.9,0.61,2008,8,25,"TAM-05"
"1225","TAM-05","109",22.3,30,0.267,2008,8,25,"TAM-05"
"1226","TAM-05","110",69.5,20,0.412789474,2008,8,25,"TAM-05"
"1227","TAM-05","111",27.4,23.2,0.66025,2008,8,25,"TAM-05"
"1228","TAM-05","112",14.1,11.3,0.633333333,2008,8,25,"TAM-05"
"1229","TAM-05","113",16.15,14.1,0.436,2008,8,25,"TAM-05"
"1230","TAM-05","114",12.9,13.9,0.825,2008,8,25,"TAM-05"
"1231","TAM-05","116",12.3,20.4,0.558533955,2008,8,25,"TAM-05"
"1232","TAM-05","117",23.3,21.9,0.436,2008,8,25,"TAM-05"
"1233","TAM-05","119",11,3.4,0.629888889,2008,8,25,"TAM-05"
"1234","TAM-05","119.1",11.2,14.2,0.622769231,2008,8,25,"TAM-05"
"1235","TAM-05","120",18.9,12,0.629,2008,8,25,"TAM-05"
"1236","TAM-05","121",24.3,14.5,0.457,2008,8,25,"TAM-05"
"1237","TAM-05","122",81.3,24.8,0.540586207,2008,8,25,"TAM-05"
"1238","TAM-05","123",32.2,14,0.436,2008,8,25,"TAM-05"
"1239","TAM-05","124",25.2,17.1,0.436,2008,8,25,"TAM-05"
"1240","TAM-05","124.1",12,9.4,0.38,2008,8,25,"TAM-05"
"1241","TAM-05","125",17.8,12.4,0.571,2008,8,25,"TAM-05"
"1242","TAM-05","126",10.6,12.2,0.6405,2008,8,25,"TAM-05"
"1243","TAM-05","127",23.7,16.6,0.38,2008,8,25,"TAM-05"
"1244","TAM-05","128",17.3,16.4,0.387666667,2008,8,25,"TAM-05"
"1245","TAM-05","131",11.8,5.1,0.54325,2008,8,25,"TAM-05"
"1246","TAM-05","132",11.6,7.3,0.615,2008,8,25,"TAM-05"
"1247","TAM-05","133",22.7,15.6,0.828119403,2008,8,25,"TAM-05"
"1248","TAM-05","134",16,4,0.615,2008,8,25,"TAM-05"
"1249","TAM-05","135",16.7,12.3,0.6,2008,8,25,"TAM-05"
"1250","TAM-05","136",11.6,13,0.719166667,2008,8,25,"TAM-05"
"1251","TAM-05","136.1",10.4,11.3,0.70209062,2008,8,25,"TAM-05"
"1252","TAM-05","137",15.6,12.7,0.633333333,2008,8,25,"TAM-05"
"1253","TAM-05","138",34.2,23,0.571,2008,8,25,"TAM-05"
"1254","TAM-05","139",17.3,12.1,0.57,2008,8,25,"TAM-05"
"1255","TAM-05","139.1",14,11.4,0.436,2008,8,25,"TAM-05"
"1256","TAM-05","139.2",10.3,11.3,0.436,2008,8,25,"TAM-05"
"1257","TAM-05","140",18.2,15.6,0.808782609,2008,8,25,"TAM-05"
"1258","TAM-05","141",15.9,14.5,0.63626178,2008,8,25,"TAM-05"
"1259","TAM-05","142",17.4,15.2,0.589066667,2008,8,25,"TAM-05"
"1260","TAM-05","143",15.2,10.7,0.6,2008,8,25,"TAM-05"
"1261","TAM-05","144",15.8,8.4,0.6,2008,8,25,"TAM-05"
"1262","TAM-05","145",18.9,21.2,0.825,2008,8,25,"TAM-05"
"1263","TAM-05","146",26.6,20,0.6556,2008,8,25,"TAM-05"
"1264","TAM-05","147",24.2,13.7,0.849888889,2008,8,25,"TAM-05"
"1265","TAM-05","147.1",11.2,20,0.436,2008,8,25,"TAM-05"
"1266","TAM-05","148",13.7,14,0.727,2008,8,25,"TAM-05"
"1267","TAM-05","149",24.9,18.9,0.8705,2008,8,25,"TAM-05"
"1268","TAM-05","150",33.9,21.4,0.786714286,2008,8,25,"TAM-05"
"1269","TAM-05","151",18.3,12.5,0.727,2008,8,25,"TAM-05"
"1270","TAM-05","151.1",14.9,10.8,0.38,2008,8,25,"TAM-05"
"1271","TAM-05","152",14.7,11.9,0.47,2008,8,25,"TAM-05"
"1272","TAM-05","153",11.7,13.7,0.825,2008,8,25,"TAM-05"
"1273","TAM-05","154",15.4,15.4,0.825,2008,8,25,"TAM-05"
"1274","TAM-05","155",13.4,16.4,0.387666667,2008,8,25,"TAM-05"
"1275","TAM-05","156",31.5,17,0.727,2008,8,25,"TAM-05"
"1276","TAM-05","156.1",10.2,12.3,0.51772,2008,8,25,"TAM-05"
"1277","TAM-05","156.2",NA,NA,0.444604162,2008,8,25,"TAM-05"
"1278","TAM-05","157",12.75,12.2,0.42,2008,8,25,"TAM-05"
"1279","TAM-05","157.1",12,12.4,0.629,2008,8,25,"TAM-05"
"1280","TAM-05","160",24,15.2,0.8435,2008,8,25,"TAM-05"
"1281","TAM-05","162",12.6,14.1,0.727,2008,8,25,"TAM-05"
"1282","TAM-05","162.1",16,13.9,0.466625,2008,8,25,"TAM-05"
"1283","TAM-05","162.2",10.3,11.9,0.633333333,2008,8,25,"TAM-05"
"1284","TAM-05","162.3",15.2,13.4,0.633333333,2008,8,25,"TAM-05"
"1285","TAM-05","163",10.4,8.4,0.6405,2008,8,25,"TAM-05"
"1286","TAM-05","163.1",10.3,12.9,0.53,2008,8,25,"TAM-05"
"1287","TAM-05","164",17.4,12.1,0.717333333,2008,8,25,"TAM-05"
"1288","TAM-05","165",26.75,15.9,0.436,2008,8,25,"TAM-05"
"1289","TAM-05","168",13,9.7,0.75,2008,8,25,"TAM-05"
"1290","TAM-05","169",65.45,36.5,0.69,2008,8,25,"TAM-05"
"1291","TAM-05","170",22.1,15.3,0.727,2008,8,25,"TAM-05"
"1292","TAM-05","172",10.1,7.6,0.6405,2008,8,25,"TAM-05"
"1293","TAM-05","172.2",10.3,10,0.629888889,2008,8,25,"TAM-05"
"1294","TAM-05","172.3",11.1,11.2,0.444604162,2008,8,25,"TAM-05"
"1295","TAM-05","173",18.1,12.5,0.37,2008,8,25,"TAM-05"
"1296","TAM-05","173.1",14.55,12.6,0.436,2008,8,25,"TAM-05"
"1297","TAM-05","174",32.7,20.5,0.54,2008,8,25,"TAM-05"
"1298","TAM-05","175",NA,6,0.622769231,2008,8,25,"TAM-05"
"1299","TAM-05","176",58.4,27.3,0.585428571,2008,8,25,"TAM-05"
"1300","TAM-05","177",15.3,12.7,0.56,2008,8,25,"TAM-05"
"1301","TAM-05","178",22.1,13,0.6,2008,8,25,"TAM-05"
"1302","TAM-05","179",13.5,6.2,0.725,2008,8,25,"TAM-05"
"1303","TAM-05","180",15.9,10,0.8164,2008,8,25,"TAM-05"
"1304","TAM-05","180.1",13.7,14.5,0.436,2008,8,25,"TAM-05"
"1305","TAM-05","181",12.9,12,0.63,2008,8,25,"TAM-05"
"1306","TAM-05","182",34.1,21.2,0.629,2008,8,25,"TAM-05"
"1307","TAM-05","182.1",10.2,9.8,0.63626178,2008,8,25,"TAM-05"
"1308","TAM-05","183",22.5,11,0.436,2008,8,25,"TAM-05"
"1309","TAM-05","183.1",NA,12.3,0.56,2008,8,25,"TAM-05"
"1310","TAM-05","184",22.2,14.8,0.571,2008,8,25,"TAM-05"
"1311","TAM-05","184.1",17.6,6.4,0.38625,2008,8,25,"TAM-05"
"1312","TAM-05","184.2",NA,8.2,NA,2008,8,25,"TAM-05"
"1313","TAM-05","186",18.8,15.1,0.589066667,2008,8,25,"TAM-05"
"1314","TAM-05","188",17.9,14.1,0.59,2008,8,25,"TAM-05"
"1315","TAM-05","188.1",13,9.6,0.387666667,2008,8,25,"TAM-05"
"1316","TAM-05","189",12.1,3.8,0.8164,2008,8,25,"TAM-05"
"1317","TAM-05","191",18.7,13.4,0.727,2008,8,25,"TAM-05"
"1318","TAM-05","191.1",NA,16.2,0.353578132,2008,8,25,"TAM-05"
"1319","TAM-05","192",23.8,21.8,0.52239801,2008,8,25,"TAM-05"
"1320","TAM-05","193",13.1,20.3,0.69625,2008,8,25,"TAM-05"
"1321","TAM-05","194",12,16.1,0.558533955,2008,8,25,"TAM-05"
"1322","TAM-05","195",21.1,20,0.808782609,2008,8,25,"TAM-05"
"1323","TAM-05","196",11.3,7.5,0.56,2008,8,25,"TAM-05"
"1324","TAM-05","197",NA,NA,0.570966942,2008,8,25,"TAM-05"
"1325","TAM-05","198",13.5,10.3,0.75,2008,8,25,"TAM-05"
"1326","TAM-05","199",88,18.1,0.5635,2008,8,25,"TAM-05"
"1327","TAM-05","201",13.8,9,0.56,2008,8,25,"TAM-05"
"1328","TAM-05","202",30.2,17.4,0.625,2008,8,25,"TAM-05"
"1329","TAM-05","203",34.4,14.6,0.6556,2008,8,25,"TAM-05"
"1330","TAM-05","204",12.8,7.9,0.717333333,2008,8,25,"TAM-05"
"1331","TAM-05","205",20.45,12,0.633333333,2008,8,25,"TAM-05"
"1332","TAM-05","206",13.35,19.9,0.52261165,2008,8,25,"TAM-05"
"1333","TAM-05","207",12.6,9.7,0.8705,2008,8,25,"TAM-05"
"1334","TAM-05","208",28.7,17.3,0.629,2008,8,25,"TAM-05"
"1335","TAM-05","209",20.2,7.5,0.625,2008,8,25,"TAM-05"
"1336","TAM-05","210",83.9,28,0.350666667,2008,8,25,"TAM-05"
"1337","TAM-05","211",13.4,5.9,0.56,2008,8,25,"TAM-05"
"1338","TAM-05","212",32.5,23.7,0.678144059,2008,8,25,"TAM-05"
"1339","TAM-05","213",NA,NA,0.579769231,2008,8,25,"TAM-05"
"1340","TAM-05","214",11.3,10.6,0.717333333,2008,8,25,"TAM-05"
"1341","TAM-05","215",19.65,17,0.436,2008,8,25,"TAM-05"
"1342","TAM-05","216.1",10.6,15.3,0.615,2008,8,25,"TAM-05"
"1343","TAM-05","217",25.5,19.2,0.571,2008,8,25,"TAM-05"
"1344","TAM-05","218",20.5,17.8,0.49,2008,8,25,"TAM-05"
"1345","TAM-05","219",13.5,10.6,0.75,2008,8,25,"TAM-05"
"1346","TAM-05","220",15.4,11.9,0.825,2008,8,25,"TAM-05"
"1347","TAM-05","222",18.1,12.4,0.625,2008,8,25,"TAM-05"
"1348","TAM-05","223",23.8,20,0.52261165,2008,8,25,"TAM-05"
"1349","TAM-05","224",18.9,18.1,0.629,2008,8,25,"TAM-05"
"1350","TAM-05","226",12.9,13.3,0.754235294,2008,8,25,"TAM-05"
"1351","TAM-05","227",NA,15.2,0.629,2008,8,25,"TAM-05"
"1352","TAM-05","228",19.2,14.4,0.62,2008,8,25,"TAM-05"
"1353","TAM-05","229",21.8,11.6,0.75,2008,8,25,"TAM-05"
"1354","TAM-05","230",18.6,13.1,0.62,2008,8,25,"TAM-05"
"1355","TAM-05","231",11.4,13.3,0.69625,2008,8,25,"TAM-05"
"1356","TAM-05","232",22.8,20.3,0.77675,2008,8,25,"TAM-05"
"1357","TAM-05","232.1",10.5,9.1,0.548492754,2008,8,25,"TAM-05"
"1358","TAM-05","232.2",12,12.3,0.614666667,2008,8,25,"TAM-05"
"1359","TAM-05","233",36,27.2,0.38,2008,8,25,"TAM-05"
"1360","TAM-05","235",26.5,17.4,0.436,2008,8,25,"TAM-05"
"1361","TAM-05","237",23.1,12.7,0.717333333,2008,8,25,"TAM-05"
"1362","TAM-05","238",16.3,19.9,0.42656962,2008,8,25,"TAM-05"
"1363","TAM-05","239",NA,NA,0.436,2008,8,25,"TAM-05"
"1364","TAM-05","240",13.1,15.2,0.615,2008,8,25,"TAM-05"
"1365","TAM-05","241",11.5,11.3,0.782736842,2008,8,25,"TAM-05"
"1366","TAM-05","242",17.5,13.7,0.614666667,2008,8,25,"TAM-05"
"1367","TAM-05","243",13.6,11,0.5635,2008,8,25,"TAM-05"
"1368","TAM-05","244",18.6,15.6,0.825,2008,8,25,"TAM-05"
"1369","TAM-05","245",13.9,13.6,0.8164,2008,8,25,"TAM-05"
"1370","TAM-05","247",14,22.8,0.637,2008,8,25,"TAM-05"
"1371","TAM-05","248",17.65,17,0.436,2008,8,25,"TAM-05"
"1372","TAM-05","249",29.6,20,0.727,2008,8,25,"TAM-05"
"1373","TAM-05","250",28.8,17.4,0.852083333,2008,8,25,"TAM-05"
"1374","TAM-05","250.1",12.8,12.1,0.42,2008,8,25,"TAM-05"
"1375","TAM-05","252",19.3,12.4,0.575268293,2008,8,25,"TAM-05"
"1376","TAM-05","252.1",11.55,9.7,0.56,2008,8,25,"TAM-05"
"1377","TAM-05","252.2",12.5,7.1,0.63,2008,8,25,"TAM-05"
"1378","TAM-05","253",13.8,12.2,0.625,2008,8,25,"TAM-05"
"1379","TAM-05","255",20,23.9,0.622122807,2008,8,25,"TAM-05"
"1380","TAM-05","256",13.3,11,0.615,2008,8,25,"TAM-05"
"1381","TAM-05","258",28,15.9,0.657272727,2008,8,25,"TAM-05"
"1382","TAM-05","259",33.7,20.1,0.598571429,2008,8,25,"TAM-05"
"1383","TAM-05","261",10.6,7.2,0.52261165,2008,8,25,"TAM-05"
"1384","TAM-05","262",16.5,11.8,0.511153846,2008,8,25,"TAM-05"
"1385","TAM-05","263",20.3,11.7,0.625,2008,8,25,"TAM-05"
"1386","TAM-05","263.1",10.7,10.4,0.836190476,2008,8,25,"TAM-05"
"1387","TAM-05","263.2",9.4,9.8,0.63697784,2008,8,25,"TAM-05"
"1388","TAM-05","264",35.7,19.3,0.436,2008,8,25,"TAM-05"
"1389","TAM-05","266",13,13.7,0.852083333,2008,8,25,"TAM-05"
"1390","TAM-05","268",10.7,5.9,0.49,2008,8,25,"TAM-05"
"1391","TAM-05","269",50.7,28.3,0.38,2008,8,25,"TAM-05"
"1392","TAM-05","270",19.6,15.5,0.811142857,2008,8,25,"TAM-05"
"1393","TAM-05","271",13,12.5,0.8705,2008,8,25,"TAM-05"
"1394","TAM-05","272",13.7,15.8,0.8705,2008,8,25,"TAM-05"
"1395","TAM-05","273",10.4,8.1,0.618444444,2008,8,25,"TAM-05"
"1396","TAM-05","274",18.6,14.4,0.633333333,2008,8,25,"TAM-05"
"1397","TAM-05","275",39.5,28,0.657272727,2008,8,25,"TAM-05"
"1398","TAM-05","276",41.3,24.3,0.52261165,2008,8,25,"TAM-05"
"1399","TAM-05","277",10.2,6.8,0.571,2008,8,25,"TAM-05"
"1400","TAM-05","278",12.7,19.2,0.8164,2008,8,25,"TAM-05"
"1401","TAM-05","279",21.6,15.7,0.571,2008,8,25,"TAM-05"
"1402","TAM-05","279.1",11,12.3,0.436,2008,8,25,"TAM-05"
"1403","TAM-05","280",20.15,13.2,0.75,2008,8,25,"TAM-05"
"1404","TAM-05","281",22.9,17.9,0.657272727,2008,8,25,"TAM-05"
"1405","TAM-05","282",71.2,27.3,0.698916667,2008,8,25,"TAM-05"
"1406","TAM-05","283",19.2,14.1,0.625,2008,8,25,"TAM-05"
"1407","TAM-05","284",25.3,16.4,0.38,2008,8,25,"TAM-05"
"1408","TAM-05","285",52.7,22.4,0.736666667,2008,8,25,"TAM-05"
"1409","TAM-05","286",NA,NA,0.713,2008,8,25,"TAM-05"
"1410","TAM-05","287",NA,9.9,0.57,2008,8,25,"TAM-05"
"1411","TAM-05","287.1",14.4,13.8,0.436,2008,8,25,"TAM-05"
"1412","TAM-05","288",NA,NA,0.56,2008,8,25,"TAM-05"
"1413","TAM-05","289",13.9,4.8,0.691083333,2008,8,25,"TAM-05"
"1414","TAM-05","290",63.8,13.4,0.350666667,2008,8,25,"TAM-05"
"1415","TAM-05","290.1",NA,NA,0.6815,2008,8,25,"TAM-05"
"1416","TAM-05","291",12.6,22.6,0.637,2008,8,25,"TAM-05"
"1417","TAM-05","292",23.55,9.7,0.436,2008,8,25,"TAM-05"
"1418","TAM-05","293",51.2,16,0.3604,2008,8,25,"TAM-05"
"1419","TAM-05","294",NA,25.7,0.629,2008,8,25,"TAM-05"
"1420","TAM-05","295",25.8,22.2,0.629,2008,8,25,"TAM-05"
"1421","TAM-05","296",13.7,23.9,0.629,2008,8,25,"TAM-05"
"1422","TAM-05","297",NA,14.6,0.622122807,2008,8,25,"TAM-05"
"1423","TAM-05","297.1",10.2,7.7,0.510488636,2008,8,25,"TAM-05"
"1424","TAM-05","298",27.2,20.7,0.659,2008,8,25,"TAM-05"
"1425","TAM-05","298.1",14.6,12.2,0.466625,2008,8,25,"TAM-05"
"1426","TAM-05","299",21.5,17.9,0.629888889,2008,8,25,"TAM-05"
"1427","TAM-05","300",43,29.3,0.629,2008,8,25,"TAM-05"
"1428","TAM-05","300.1",11.1,7.1,0.633333333,2008,8,25,"TAM-05"
"1429","TAM-05","302",15,9.6,0.727,2008,8,25,"TAM-05"
"1430","TAM-05","304",16.7,20.5,0.647875,2008,8,25,"TAM-05"
"1431","TAM-05","306",52.1,24.6,0.589066667,2008,8,25,"TAM-05"
"1432","TAM-05","307",51.6,15.4,0.52261165,2008,8,25,"TAM-05"
"1433","TAM-05","308",20.7,22.2,0.825,2008,8,25,"TAM-05"
"1434","TAM-05","308.1",10.8,14.1,0.436,2008,8,25,"TAM-05"
"1435","TAM-05","309",15.7,14,0.66025,2008,8,25,"TAM-05"
"1436","TAM-05","310",23.9,22,0.510488636,2008,8,25,"TAM-05"
"1437","TAM-05","311",14,18.3,0.852083333,2008,8,25,"TAM-05"
"1438","TAM-05","312",30.4,16.6,0.618444444,2008,8,25,"TAM-05"
"1439","TAM-05","313",16.15,20.2,0.633333333,2008,8,25,"TAM-05"
"1440","TAM-05","314",11.5,16.3,0.56,2008,8,25,"TAM-05"
"1441","TAM-05","315",25.4,9,0.66025,2008,8,25,"TAM-05"
"1442","TAM-05","315.1",10.4,18.2,0.633264495,2008,8,25,"TAM-05"
"1443","TAM-05","316",13.8,8.7,0.436,2008,8,25,"TAM-05"
"1444","TAM-05","318",10.5,5.2,0.6,2008,8,25,"TAM-05"
"1445","TAM-05","319",56.1,14.6,0.3,2008,8,25,"TAM-05"
"1446","TAM-05","321",16.15,12.7,0.895,2008,8,25,"TAM-05"
"1447","TAM-05","322",20.7,18.1,0.615,2008,8,25,"TAM-05"
"1448","TAM-05","322.1",13.2,10.2,0.615,2008,8,25,"TAM-05"
"1449","TAM-05","323",22.5,14.6,0.54325,2008,8,25,"TAM-05"
"1450","TAM-05","324",12.8,2.7,0.88,2008,8,25,"TAM-05"
"1451","TAM-05","326",21.7,10.9,0.6,2008,8,25,"TAM-05"
"1452","TAM-05","327",15.65,13.7,0.436,2008,8,25,"TAM-05"
"1453","TAM-05","328",34.1,18.6,0.629,2008,8,25,"TAM-05"
"1454","TAM-05","329",23,7.4,0.952428571,2008,8,25,"TAM-05"
"1455","TAM-05","330",23,11.2,0.436,2008,8,25,"TAM-05"
"1456","TAM-05","331",37.3,14.6,0.5635,2008,8,25,"TAM-05"
"1457","TAM-05","332",28,19.9,0.436,2008,8,25,"TAM-05"
"1458","TAM-05","333",10.8,12,0.42,2008,8,25,"TAM-05"
"1459","TAM-05","334",16.3,13.7,0.571,2008,8,25,"TAM-05"
"1460","TAM-05","335",15.7,20.9,0.387666667,2008,8,25,"TAM-05"
"1461","TAM-05","336",25.3,11.1,0.6815,2008,8,25,"TAM-05"
"1462","TAM-05","336.1",11.4,14.6,0.37,2008,8,25,"TAM-05"
"1463","TAM-05","337",101.8,33.8,0.5038,2008,8,25,"TAM-05"
"1464","TAM-05","338",34.7,18,0.42,2008,8,25,"TAM-05"
"1465","TAM-05","339",24.2,17.2,0.629,2008,8,25,"TAM-05"
"1466","TAM-05","340",NA,NA,0.633333333,2008,8,25,"TAM-05"
"1467","TAM-05","341",12.5,16.2,0.38,2008,8,25,"TAM-05"
"1468","TAM-05","341.1",11.8,15.7,0.678144059,2008,8,25,"TAM-05"
"1469","TAM-05","342",27.6,24.5,0.37,2008,8,25,"TAM-05"
"1470","TAM-05","343",20.8,15.8,0.52261165,2008,8,25,"TAM-05"
"1471","TAM-05","345",10.8,4.5,0.597423077,2008,8,25,"TAM-05"
"1472","TAM-05","346",16.6,16.3,0.645,2008,8,25,"TAM-05"
"1473","TAM-05","347",25.6,16,0.66025,2008,8,25,"TAM-05"
"1474","TAM-05","348",17.6,10.9,0.825,2008,8,25,"TAM-05"
"1475","TAM-05","349",19.3,11.5,0.571,2008,8,25,"TAM-05"
"1476","TAM-05","350",13.9,11,0.825,2008,8,25,"TAM-05"
"1477","TAM-05","351",36.2,28.9,0.942333333,2008,8,25,"TAM-05"
"1478","TAM-05","352",31.3,25.8,0.8,2008,8,25,"TAM-05"
"1479","TAM-05","353",12.9,8,0.633333333,2008,8,25,"TAM-05"
"1480","TAM-05","354",9.5,12.3,0.713,2008,8,25,"TAM-05"
"1481","TAM-05","355",12.2,12,0.8164,2008,8,25,"TAM-05"
"1482","TAM-05","356",13.4,11.9,0.562571429,2008,8,25,"TAM-05"
"1483","TAM-05","356.1",9.8,8.7,0.571,2008,8,25,"TAM-05"
"1484","TAM-05","357",12.9,3.7,0.7115,2008,8,25,"TAM-05"
"1485","TAM-05","358",31.8,20.2,0.436,2008,8,25,"TAM-05"
"1486","TAM-05","358.1",14.1,13.6,0.387666667,2008,8,25,"TAM-05"
"1487","TAM-05","359",10.5,13.6,0.727,2008,8,25,"TAM-05"
"1488","TAM-05","360",78.7,32,0.638,2008,8,25,"TAM-05"
"1489","TAM-05","361",19.75,19.3,0.436,2008,8,25,"TAM-05"
"1490","TAM-05","362",22.8,22.2,0.8705,2008,8,25,"TAM-05"
"1491","TAM-05","363",10.9,5.5,0.633333333,2008,8,25,"TAM-05"
"1492","TAM-05","364",19.8,24,0.629,2008,8,25,"TAM-05"
"1493","TAM-05","365",23.2,17.9,0.8705,2008,8,25,"TAM-05"
"1494","TAM-05","366",22.7,19.8,0.637,2008,8,25,"TAM-05"
"1495","TAM-05","368",25.5,17,0.6,2008,8,25,"TAM-05"
"1496","TAM-05","369",NA,6.9,0.5,2008,8,25,"TAM-05"
"1497","TAM-05","370",25.9,14,0.436,2008,8,25,"TAM-05"
"1498","TAM-05","372.1",11.4,21.1,0.678144059,2008,8,25,"TAM-05"
"1499","TAM-05","373",14.9,15,0.37,2008,8,25,"TAM-05"
"1500","TAM-05","374",23.1,16.5,0.37,2008,8,25,"TAM-05"
"1501","TAM-05","376",13.1,8.8,0.57,2008,8,25,"TAM-05"
"1502","TAM-05","377",NA,NA,0.38,2008,8,25,"TAM-05"
"1503","TAM-05","380",22.2,18.2,0.571,2008,8,25,"TAM-05"
"1504","TAM-05","381",18.6,17.5,0.267,2008,8,25,"TAM-05"
"1505","TAM-05","382",10.7,10.5,0.713,2008,8,25,"TAM-05"
"1506","TAM-05","383",18.2,14,0.445375,2008,8,25,"TAM-05"
"1507","TAM-05","384",13.3,14.4,0.629,2008,8,25,"TAM-05"
"1508","TAM-05","385",47.4,19.9,0.436,2008,8,25,"TAM-05"
"1509","TAM-05","386",15.2,12,0.37,2008,8,25,"TAM-05"
"1510","TAM-05","387",10.4,10.2,0.747794521,2008,8,25,"TAM-05"
"1511","TAM-05","388",47.8,21.3,0.606714286,2008,8,25,"TAM-05"
"1512","TAM-05","389",11.84,10.3,0.691083333,2008,8,25,"TAM-05"
"1513","TAM-05","390",16.7,14.3,0.52261165,2008,8,25,"TAM-05"
"1514","TAM-05","390.1",9.2,11.5,0.799216,2008,8,25,"TAM-05"
"1515","TAM-05","392",12,10.9,0.622769231,2008,8,25,"TAM-05"
"1516","TAM-05","393",14,8.4,0.571,2008,8,25,"TAM-05"
"1517","TAM-05","395",17.1,18.6,0.425,2008,8,25,"TAM-05"
"1518","TAM-05","397",14.4,15.4,0.852083333,2008,8,25,"TAM-05"
"1519","TAM-05","398",24.4,24.3,0.825,2008,8,25,"TAM-05"
"1520","TAM-05","399",17.3,16.7,0.629,2008,8,25,"TAM-05"
"1521","TAM-05","401",37.8,30.8,0.88,2008,8,25,"TAM-05"
"1522","TAM-05","401.1",10.5,14.8,0.53,2008,8,25,"TAM-05"
"1523","TAM-05","403",10,9.4,0.61944,2008,8,25,"TAM-05"
"1524","TAM-05","404",21.1,15.3,0.9385,2008,8,25,"TAM-05"
"1525","TAM-05","405",15,17.3,0.629,2008,8,25,"TAM-05"
"1526","TAM-05","406",16.8,15.2,0.637,2008,8,25,"TAM-05"
"1527","TAM-05","407",21.8,15,0.589066667,2008,8,25,"TAM-05"
"1528","TAM-05","408",43.1,20,0.8164,2008,8,25,"TAM-05"
"1529","TAM-05","409",14.8,15.4,0.8435,2008,8,25,"TAM-05"
"1530","TAM-05","410",31.1,22.9,0.657272727,2008,8,25,"TAM-05"
"1531","TAM-05","411",11.8,7.4,0.7325,2008,8,25,"TAM-05"
"1532","TAM-05","413",13.6,15.8,0.571,2008,8,25,"TAM-05"
"1533","TAM-05","414",22.6,17.4,0.436,2008,8,25,"TAM-05"
"1534","TAM-05","415",14.8,11.4,0.579769231,2008,8,25,"TAM-05"
"1535","TAM-05","415.1",11.6,10,0.436,2008,8,25,"TAM-05"
"1536","TAM-05","416",29.55,20.5,0.589066667,2008,8,25,"TAM-05"
"1537","TAM-05","416.1",12.8,12.9,0.61,2008,8,25,"TAM-05"
"1538","TAM-05","417",18.3,11.2,0.6815,2008,8,25,"TAM-05"
"1539","TAM-05","418",12.9,14.5,0.852083333,2008,8,25,"TAM-05"
"1540","TAM-05","419",15.2,15,0.579769231,2008,8,25,"TAM-05"
"1541","TAM-05","420",NA,NA,0.355666667,2008,8,25,"TAM-05"
"1542","TAM-05","424",28.2,17.8,0.436,2008,8,25,"TAM-05"
"1543","TAM-05","425",10.1,43.8,0.6405,2008,8,25,"TAM-05"
"1544","TAM-05","426",18.6,43.8,0.6,2008,8,25,"TAM-05"
"1545","TAM-05","427",14.3,7.9,0.57,2008,8,25,"TAM-05"
"1546","TAM-05","428",NA,9.3,0.23,2008,8,25,"TAM-05"
"1547","TAM-05","429",122.5,28.9,0.638,2008,8,25,"TAM-05"
"1548","TAM-05","431",56.3,24.2,0.698916667,2008,8,25,"TAM-05"
"1549","TAM-05","432",11.4,6.8,0.69625,2008,8,25,"TAM-05"
"1550","TAM-05","432.1",10.5,8.6,0.633333333,2008,8,25,"TAM-05"
"1551","TAM-05","434",14.7,13.3,0.622122807,2008,8,25,"TAM-05"
"1552","TAM-05","435",17.8,12.3,0.836190476,2008,8,25,"TAM-05"
"1553","TAM-05","436",18.8,16.3,0.436,2008,8,25,"TAM-05"
"1554","TAM-05","438",19.4,18.2,0.615,2008,8,25,"TAM-05"
"1555","TAM-05","440",19.6,18.4,0.56,2008,8,25,"TAM-05"
"1556","TAM-05","441",14.6,13.4,0.697182292,2008,8,25,"TAM-05"
"1557","TAM-05","442",48,16.3,0.592333333,2008,8,25,"TAM-05"
"1558","TAM-05","443",26.9,15.7,0.593959184,2008,8,25,"TAM-05"
"1559","TAM-05","444",NA,12.2,0.436,2008,8,25,"TAM-05"
"1560","TAM-05","445",49.5,16,0.557333333,2008,8,25,"TAM-05"
"1561","TAM-05","445.1",14.6,12.7,0.8705,2008,8,25,"TAM-05"
"1562","TAM-05","446",27.9,14.2,0.445375,2008,8,25,"TAM-05"
"1563","TAM-05","446.1",NA,NA,0.579385555,2008,8,25,"TAM-05"
"1564","TAM-05","447",NA,4.9,0.808782609,2008,8,25,"TAM-05"
"1565","TAM-05","448",20.3,5.9,0.52239801,2008,8,25,"TAM-05"
"1566","TAM-05","448.1",NA,NA,0.444604162,2008,8,25,"TAM-05"
"1567","TAM-05","449",24.3,14.4,0.717333333,2008,8,25,"TAM-05"
"1568","TAM-05","452",17.8,9.2,0.782736842,2008,8,25,"TAM-05"
"1569","TAM-05","453",15.3,11,0.69625,2008,8,25,"TAM-05"
"1570","TAM-05","453.1",NA,NA,0.77,2008,8,25,"TAM-05"
"1571","TAM-05","453.2",NA,NA,0.578435,2008,8,25,"TAM-05"
"1572","TAM-05","454",36.5,16.7,0.37,2008,8,25,"TAM-05"
"1573","TAM-05","454.1",NA,NA,0.444604162,2008,8,25,"TAM-05"
"1574","TAM-05","456",16.7,12.5,0.808782609,2008,8,25,"TAM-05"
"1575","TAM-05","459",18,9,0.579769231,2008,8,25,"TAM-05"
"1576","TAM-05","460",17,11.3,0.616666667,2008,8,25,"TAM-05"
"1577","TAM-05","462",23.5,16,0.37,2008,8,25,"TAM-05"
"1578","TAM-05","463",18.5,12.6,0.52261165,2008,8,25,"TAM-05"
"1579","TAM-05","465",30.8,22.6,0.657272727,2008,8,25,"TAM-05"
"1580","TAM-05","467",14,19.3,0.697182292,2008,8,25,"TAM-05"
"1581","TAM-05","468",21.8,10.6,0.618444444,2008,8,25,"TAM-05"
"1582","TAM-05","469",15,13,0.625,2008,8,25,"TAM-05"
"1583","TAM-05","471",12.7,11.2,0.6405,2008,8,25,"TAM-05"
"1584","TAM-05","472",15.1,15.2,0.510488636,2008,8,25,"TAM-05"
"1585","TAM-05","473",13.3,16.2,0.791314286,2008,8,25,"TAM-05"
"1586","TAM-05","474",10.5,13,0.7,2008,8,25,"TAM-05"
"1587","TAM-05","475",17,8.3,0.727,2008,8,25,"TAM-05"
"1588","TAM-05","476",12.4,14.3,0.96,2008,8,25,"TAM-05"
"1589","TAM-05","477",26.4,20.1,0.585428571,2008,8,25,"TAM-05"
"1590","TAM-05","480",13.3,14.2,0.511153846,2008,8,25,"TAM-05"
"1591","TAM-05","481",NA,NA,0.629,2008,8,25,"TAM-05"
"1592","TAM-05","481.1",10.8,11.2,0.558533955,2008,8,25,"TAM-05"
"1593","TAM-05","482",17.3,13.9,0.571,2008,8,25,"TAM-05"
"1594","TAM-05","483",38,25.1,0.425,2008,8,25,"TAM-05"
"1595","TAM-05","485.1",13,14.8,0.564472119,2008,8,25,"TAM-05"
"1596","TAM-05","486",14.8,12.4,0.6405,2008,8,25,"TAM-05"
"1597","TAM-05","486.1",NA,NA,0.518670638,2008,8,25,"TAM-05"
"1598","TAM-05","488",14.2,12.3,0.633333333,2008,8,25,"TAM-05"
"1599","TAM-05","489",17.9,13.2,0.825,2008,8,25,"TAM-05"
"1600","TAM-05","490",15.5,17.6,0.637,2008,8,25,"TAM-05"
"1601","TAM-05","491",39.5,19.9,0.622769231,2008,8,25,"TAM-05"
"1602","TAM-05","492",118.5,14.1,0.37,2008,8,25,"TAM-05"
"1603","TAM-05","493",NA,NA,0.589066667,2008,8,25,"TAM-05"
"1604","TAM-05","493.1",11.1,8.3,0.557333333,2008,8,25,"TAM-05"
"1605","TAM-05","494",49.1,23.1,0.571,2008,8,25,"TAM-05"
"1606","TAM-05","495",42.1,22.3,0.786714286,2008,8,25,"TAM-05"
"1607","TAM-05","496",17.5,15.1,0.8164,2008,8,25,"TAM-05"
"1608","TAM-05","497",32.6,15.5,0.657272727,2008,8,25,"TAM-05"
"1609","TAM-05","498",17.3,12.9,0.436,2008,8,25,"TAM-05"
"1610","TAM-05","499",15.9,15.2,0.629,2008,8,25,"TAM-05"
"1611","TAM-05","500",19,12.3,0.618444444,2008,8,25,"TAM-05"
"1612","TAM-05","501",25.9,14.3,0.637,2008,8,25,"TAM-05"
"1613","TAM-05","502",11.9,10.7,0.629,2008,8,25,"TAM-05"
"1614","TAM-05","505",14.5,11.2,0.510488636,2008,8,25,"TAM-05"
"1615","TAM-05","507",26.6,22.1,0.267,2008,8,25,"TAM-05"
"1616","TAM-05","508",20.8,18.2,0.267,2008,8,25,"TAM-05"
"1617","TAM-05","509",13.6,13.6,0.42656962,2008,8,25,"TAM-05"
"1618","TAM-05","510",20.9,10.6,0.657272727,2008,8,25,"TAM-05"
"1619","TAM-05","512",14.6,13.2,0.436,2008,8,25,"TAM-05"
"1620","TAM-05","513",21.8,18.3,0.8164,2008,8,25,"TAM-05"
"1621","TAM-05","514",17.8,18.9,0.629,2008,8,25,"TAM-05"
"1622","TAM-05","515",24.1,19.1,0.267,2008,8,25,"TAM-05"
"1623","TAM-05","516",11.6,14.5,0.540586207,2008,8,25,"TAM-05"
"1624","TAM-05","517",32.1,23.4,0.589066667,2008,8,25,"TAM-05"
"1625","TAM-05","518",18.3,14.1,0.387666667,2008,8,25,"TAM-05"
"1626","TAM-05","519",10.7,12.2,0.579769231,2008,8,25,"TAM-05"
"1627","TAM-05","520",24.6,24.4,0.805,2008,8,25,"TAM-05"
"1628","TAM-05","520.1",9.8,6.2,0.52,2008,8,25,"TAM-05"
"1629","TAM-05","521",28.4,24,0.436,2008,8,25,"TAM-05"
"1630","TAM-05","521.1",11.4,12.5,0.511153846,2008,8,25,"TAM-05"
"1631","TAM-05","522",NA,8.3,0.42,2008,8,25,"TAM-05"
"1632","TAM-05","523",21.5,18.2,0.267,2008,8,25,"TAM-05"
"1633","TAM-05","524",23.5,24,0.552857143,2008,8,25,"TAM-05"
"1634","TAM-05","525",12.7,11.6,0.77,2008,8,25,"TAM-05"
"1635","TAM-05","526",11.45,13.2,0.5785,2008,8,25,"TAM-05"
"1636","TAM-05","527",20.45,15,0.436,2008,8,25,"TAM-05"
"1637","TAM-05","528",12.3,13.2,0.436,2008,8,25,"TAM-05"
"1638","TAM-05","529",33.9,14.5,0.575268293,2008,8,25,"TAM-05"
"1639","TAM-05","530",12.2,9.5,0.6405,2008,8,25,"TAM-05"
"1640","TAM-05","531",17.1,14.9,0.3,2008,8,25,"TAM-05"
"1641","TAM-05","531.1",11,14.4,0.436,2008,8,25,"TAM-05"
"1642","TAM-05","532",24.2,16.2,0.48275,2008,8,25,"TAM-05"
"1643","TAM-05","533",18.1,14.6,0.895,2008,8,25,"TAM-05"
"1644","TAM-05","534",15.4,20,0.540586207,2008,8,25,"TAM-05"
"1645","TAM-05","535",25.1,21.9,0.66025,2008,8,25,"TAM-05"
"1646","TAM-05","536",18.2,12.2,0.6556,2008,8,25,"TAM-05"
"1647","TAM-05","544",20.5,16.7,0.825,2008,8,25,"TAM-05"
"1648","TAM-05","544.1",10.3,7.8,0.713,2008,8,25,"TAM-05"
"1649","TAM-05","545",13.9,11.1,0.622122807,2008,8,25,"TAM-05"
"1650","TAM-05","546",27.2,13.9,0.622122807,2008,8,25,"TAM-05"
"1651","TAM-05","547",20.9,12.2,0.52239801,2008,8,25,"TAM-05"
"1652","TAM-05","549",11.9,13.5,0.758333333,2008,8,25,"TAM-05"
"1653","TAM-05","550",56.1,26,0.69,2008,8,25,"TAM-05"
"1654","TAM-05","550.1",10.5,7.1,0.51772,2008,8,25,"TAM-05"
"1655","TAM-05","551",9.2,7.6,NA,2008,8,25,"TAM-05"
"1656","TAM-05","552",10.3,7.2,0.42,2008,8,25,"TAM-05"
"1657","TAM-05","554",45.5,24.1,0.6556,2008,8,25,"TAM-05"
"1658","TAM-05","555",112.4,43.3,0.5038,2008,8,25,"TAM-05"
"1659","TAM-05","557",10.8,4.8,0.47,2008,8,25,"TAM-05"
"1660","TAM-05","558",13.2,3.9,0.694704545,2008,8,25,"TAM-05"
"1661","TAM-05","559",22.5,14.2,0.37,2008,8,25,"TAM-05"
"1662","TAM-05","560",37.8,19.2,0.8164,2008,8,25,"TAM-05"
"1663","TAM-05","560.1",10.2,10.3,0.510488636,2008,8,25,"TAM-05"
"1664","TAM-05","564",22.6,20.5,0.267,2008,8,25,"TAM-05"
"1665","TAM-05","565",24.6,17.6,0.825,2008,8,25,"TAM-05"
"1666","TAM-05","566",55.1,23.2,0.479,2008,8,25,"TAM-05"
"1667","TAM-05","568",18.5,18,0.597423077,2008,8,25,"TAM-05"
"1668","TAM-05","569",11.1,2,0.665902439,2008,8,25,"TAM-05"
"1669","TAM-05","570",41,25,0.678144059,2008,8,25,"TAM-05"
"1670","TAM-05","570.1",13.4,13.9,0.629,2008,8,25,"TAM-05"
"1671","TAM-05","570.2",15.7,14.6,0.387666667,2008,8,25,"TAM-05"
"1672","TAM-05","570.2",13,14.6,0.387666667,2008,8,25,"TAM-05"
"1673","TAM-05","571",17.9,12.1,0.628,2008,8,25,"TAM-05"
"1674","TAM-05","572.1",17.3,19.7,0.825,2008,8,25,"TAM-05"
"1675","TAM-05","572.2",10.6,13,0.825,2008,8,25,"TAM-05"
"1676","TAM-05","575.1",11.5,17.2,0.790333333,2008,8,25,"TAM-05"
"1677","TAM-05","578",28.8,20.6,0.42,2008,8,25,"TAM-05"
"1678","TAM-05","579",14.3,12.5,0.625,2008,8,25,"TAM-05"
"1679","TAM-05","579.1",NA,20.2,NA,2008,8,25,"TAM-05"
"1680","TAM-05","580.1",11.5,7.9,0.51772,2008,8,25,"TAM-05"
"1681","TAM-05","581",52.2,32,0.637,2008,8,25,"TAM-05"
"1682","TAM-05","582",31.4,14.3,0.622122807,2008,8,25,"TAM-05"
"1683","TAM-05","583",16.5,14.5,0.436,2008,8,25,"TAM-05"
"1684","TAM-05","583.1",15.6,13.6,0.61,2008,8,25,"TAM-05"
"1685","TAM-05","583.2",NA,NA,NA,2008,8,25,"TAM-05"
"1686","TAM-05","584",43.4,26.3,0.52261165,2008,8,25,"TAM-05"
"1687","TAM-05","585",24.3,21.2,0.589066667,2008,8,25,"TAM-05"
"1688","TAM-05","586",19.6,16,0.589066667,2008,8,25,"TAM-05"
"1689","TAM-05","587",16,14.8,0.54325,2008,8,25,"TAM-05"
