"","plot_code","tree_tag","dbh","year","month","agC.1","agC.2","npp_day","NPPpertree_MgC_ha_yr"
"1","TAM-05",3,21.6,2006,1,0.123086328368962,0.125397758240508,6.33268457957741e-06,0.00231142987154576
"2","TAM-05",4,14.1,2006,1,0.101732282008847,0.10319079074581,3.99591434784536e-06,0.00145850873696356
"3","TAM-05",5,12.6,2006,1,0.0698319450075012,0.0721027548737701,6.2213968938874e-06,0.0022708098662689
"4","TAM-05",6,16.1,2006,1,0.060306572654311,0.0618332609379533,4.18270762641706e-06,0.00152668828364223
"5","TAM-05",7,18,2006,1,0.0557017603232687,0.0603006125989477,1.25995952758329e-05,0.00459885227567901
"6","TAM-05",8,16.7,2006,1,0.0356940350324691,0.0393762486855951,1.00882565839069e-05,0.00368221365312604
"7","TAM-05",9,22.7,2006,1,0.125049164040172,0.129575466504977,1.24008286706996e-05,0.00452630246480537
"8","TAM-05",11,26.3,2006,1,0.104896882110016,0.140806389385932,9.83822117148384e-05,0.035909507275916
"9","TAM-05",12,11.5,2006,1,0.0251695831360158,0.0260684264213179,2.46258434329356e-06,0.00089884328530215
"10","TAM-05",12.1,15.7,2006,1,0.0317096408399298,0.0352061140067308,9.57937853918074e-06,0.00349647316680097
"11","TAM-05",13,15.2,2006,1,0.0571508251539081,0.0571508251539081,0,0
"12","TAM-05",13.1,19.1,2006,1,0.052342680001422,0.05959593362042,1.98719277232821e-05,0.00725325361899797
"13","TAM-05",15,25.8,2006,1,0.219474276153007,0.226441281509219,1.90876859074295e-05,0.00696700535621178
"14","TAM-05",16,22.3,2006,1,0.124696170097698,0.126963326770305,6.21138814412634e-06,0.00226715667260612
"15","TAM-05",17,12.2,2006,1,0.0294405449449685,0.0294405449449685,0,0
"16","TAM-05",19,13.1,2006,1,0.0356362070640375,0.0356362070640375,0,0
"17","TAM-05",20,41.1,2006,1,0.775117431248045,0.830749586659715,0.000152416864141561,0.0556321554116698
"18","TAM-05",21,21.4,2006,1,0.104391576986301,0.11487689013035,2.87268853261614e-05,0.0104853131440489
"19","TAM-05",23,16.7,2006,1,0.0254532498601697,0.0273857368678011,5.29448495241482e-06,0.00193248700763141
"20","TAM-05",25,20.7,2006,1,0.100303424867612,0.101279608166469,2.67447479139075e-06,0.000976183298857625
"21","TAM-05",26,30.1,2006,1,0.249059439730767,0.250722603322747,4.55661258076701e-06,0.00166316359197996
"22","TAM-05",27,18,2006,1,0.0800265301857136,0.081834982262881,4.95466322511601e-06,0.00180845207716734
"23","TAM-05",28,10.5,2006,1,0.0449454032919372,0.0449454032919372,0,0
"24","TAM-05",28.1,10,2006,1,0.0102247981465061,0.0108670402237285,1.75956733485577e-06,0.000642242077222356
"25","TAM-05",29,12.4,2006,1,0.0404123369199412,0.0431513953111817,7.50426956504237e-06,0.00273905839124047
"26","TAM-05",31,15.4,2006,1,0.0663642566646362,0.0672345982766676,2.38449756720934e-06,0.000870341612031408
"27","TAM-05",32,13.2,2006,1,0.0391186175285586,0.0403315261430535,3.32303729998616e-06,0.00121290861449495
"28","TAM-05",33,11.8,2006,1,0.0243197359689766,0.0256051420515713,3.52166050025942e-06,0.00128540608259469
"29","TAM-05",34,14.7,2006,1,0.0635603270588235,0.0644339982836422,2.39361979402383e-06,0.000873671224818698
"30","TAM-05",35,28.9,2006,1,0.228865358848103,0.235334732365065,1.77243110053755e-05,0.00646937351696206
"31","TAM-05",36,13.1,2006,1,0.0279363231946783,0.0288092808331154,2.39166476284152e-06,0.000872957638437154
"32","TAM-05",36.1,NA,2006,1,NA,NA,NA,NA
"33","TAM-05",37,42.7,2006,1,1.38982028989904,1.43653369408731,0.000127981929282941,0.0467134041882735
"34","TAM-05",40,16.8,2006,1,0.0519175090515618,0.0544809553640423,7.02314058213821e-06,0.00256344631248045
"35","TAM-05",43,71.3,2006,1,3.10722572503413,3.48756037835924,0.00104201274883594,0.380334653325117
"36","TAM-05",43.1,11.8,2006,1,0.0175504840612409,0.0181608903142627,1.67234589868976e-06,0.000610406253021761
"37","TAM-05",45,48.9,2006,1,1.5262800945988,1.5709337928951,0.000122338899441899,0.0446536982962931
"38","TAM-05",45.1,10.8,2006,1,0.0254683781959487,0.0259466471549957,1.31032591519726e-06,0.000478268959046999
"39","TAM-05",46,16.3,2006,1,0.0626538529501865,0.063429744666724,2.12573073023979e-06,0.000775891716537524
"40","TAM-05",47,24.6,2006,1,0.0564798916907617,0.0569418929705645,1.26575693096664e-06,0.000462001279802823
"41","TAM-05",48,15.9,2006,1,0.0575585629549646,0.0575585629549646,0,0
"42","TAM-05",51,40.4,2006,1,0.529402853519932,0.576935254559416,0.000130225756272559,0.0475324010394841
"43","TAM-05",53,13.1,2006,1,0.0368492394936067,0.0368492394936067,0,0
"44","TAM-05",55,40,2006,1,0.239650366848769,0.239650366848769,0,0
"45","TAM-05",56,15.7,2006,1,0.0639894909689853,0.0639894909689853,0,0
"46","TAM-05",59,18.8,2006,1,0.0552203011872778,0.0564142191340949,3.27100807347149e-06,0.00119391794681709
"47","TAM-05",60,18.1,2006,1,0.0686367348431866,0.0694014836480752,2.09520220517427e-06,0.00076474880488861
"48","TAM-05",61,79.3,2006,1,5.1783414725749,5.1783414725749,0,0
"49","TAM-05",62,11.7,2006,1,0.026516678267296,0.0269758329965082,1.25795816222531e-06,0.000459154729212239
"50","TAM-05",62.1,10.3,2006,1,0.0118155733772628,0.0118155733772628,0,0
"51","TAM-05",63,13.9,2006,1,0.0195200758105418,0.0195200758105418,0,0
"52","TAM-05",64,14.7,2006,1,0.0489598117647059,0.0496327909750201,1.84377865839524e-06,0.000672979210314263
"53","TAM-05",66,17.9,2006,1,0.0698520833691994,0.0698520833691994,0,0
"54","TAM-05",66.1,10.7,2006,1,0.0142042051002512,0.0147504711285965,1.49661925574044e-06,0.00054626602834526
"55","TAM-05",68,18.3,2006,1,0.0961495378489833,0.0993812306489074,8.85395287650456e-06,0.00323169279992416
"56","TAM-05",69,39.4,2006,1,0.314429029704808,0.332749591688917,5.01933205044088e-05,0.0183205619841092
"57","TAM-05",69.1,10.9,2006,1,0.00916357426411338,0.00987504996207991,1.94924848757955e-06,0.000711475697966535
"58","TAM-05",69.2,NA,2006,1,NA,NA,NA,NA
"59","TAM-05",70,24.4,2006,1,0.113121190690619,0.116923319599943,1.04167915323934e-05,0.00380212890932358
"60","TAM-05",71,24.2,2006,1,0.152484307721477,0.155036302038204,6.99176525130824e-06,0.00255199431672751
"61","TAM-05",71.1,11.2,2006,1,0.0165205238272374,0.0174424249548747,2.52575651407471e-06,0.000921901127637268
"62","TAM-05",72,22.3,2006,1,0.213567598763571,0.225541063070221,3.28040117990402e-05,0.0119734643066497
"63","TAM-05",74,53.4,2006,1,1.3402655032905,1.3402655032905,0,0
"64","TAM-05",75,10.6,2006,1,0.0152082687669335,0.0154993295115886,7.97426697685326e-07,0.000291060744655144
"65","TAM-05",76,14.8,2006,1,0.0642242997292269,0.0669093489307485,7.35629918225084e-06,0.00268504920152156
"66","TAM-05",77,24.4,2006,1,0.256495432987507,0.260752545904381,1.1663323059931e-05,0.00425711291687481
"67","TAM-05",78,16.9,2006,1,0.0524730847933371,0.0530996235396294,1.71654451038992e-06,0.000626538746292322
"68","TAM-05",79,20.8,2006,1,0.0730498638420629,0.0744751934504432,3.90501262569951e-06,0.00142532960838032
"69","TAM-05",80,14.2,2006,1,0.0495482597234678,0.0495482597234678,0,0
"70","TAM-05",81,27.4,2006,1,0.297402592458406,0.299585356457316,5.98017533947866e-06,0.00218276399890971
"71","TAM-05",83,30.2,2006,1,0.417215235706025,0.419992034937057,7.60766912611498e-06,0.00277679923103197
"72","TAM-05",83.1,11.5,2006,1,0.0269535402076124,0.0284168183391003,4.00898118215861e-06,0.00146327813148789
"73","TAM-05",85,10.6,2006,1,0.0069655823662132,0.0069655823662132,0,0
"74","TAM-05",86,NA,2006,1,0.0760920876226952,NA,NA,NA
"75","TAM-05",88,10.4,2006,1,0.0235408176986301,0.0244730376997677,2.55402740037702e-06,0.000932220001137612
"76","TAM-05",88.1,11.9,2006,1,0.0139308139308906,0.0149167679452055,2.70124387483515e-06,0.000985954014314831
"77","TAM-05",89,11.9,2006,1,0.0365124772481158,0.0377714362123288,3.44920264167928e-06,0.00125895896421294
"78","TAM-05",90,39.4,2006,1,0.521438680527397,0.529470993847182,2.20063378624239e-05,0.00803231331978471
"79","TAM-05",90.1,10.2,2006,1,0.0113618840547945,0.0113618840547945,0,0
"80","TAM-05",91,10.7,2006,1,0.0142735865846898,0.0142735865846898,0,0
"81","TAM-05",92,32.5,2006,1,0.212931757061194,0.216917912499408,1.09209738033259e-05,0.00398615543821396
"82","TAM-05",96,NA,2006,1,NA,NA,NA,NA
"83","TAM-05",96.1,12.5,2006,1,0.057501371321112,0.0613659536160354,1.05878966984204e-05,0.00386458229492344
"84","TAM-05",96.2,17.4,2006,1,0.0426624038340996,0.0452241496614684,7.01848171881868e-06,0.00256174582736882
"85","TAM-05",97,10.7,2006,1,0.0153471000785873,0.0156380338910419,7.97078938231582e-07,0.000290933812454527
"86","TAM-05",98,15.5,2006,1,0.0495743427017551,0.0502202556674678,1.76962456359641e-06,0.000645912965712689
"87","TAM-05",99,25,2006,1,0.103865820543205,0.112701628193582,2.42076921928133e-05,0.00883580765037684
"88","TAM-05",100,37,2006,1,0.379431820670697,0.40080413773008,5.85542933133789e-05,0.0213723170593833
"89","TAM-05",100.1,12.4,2006,1,0.0351709624382614,0.0375547721146324,6.53098541471519e-06,0.00238380967637104
"90","TAM-05",101,24.2,2006,1,0.138552691527255,0.142052832173845,9.58942642901192e-06,0.00350014064658935
"91","TAM-05",102,12.9,2006,1,0.0490634926013746,0.0530999987239513,1.10589208837717e-05,0.00403650612257667
"92","TAM-05",103,47.3,2006,1,0.724407045006564,0.736816361865392,3.39981283803515e-05,0.0124093168588283
"93","TAM-05",104,21.7,2006,1,0.0816459837133242,0.0871797670538939,1.51610502481363e-05,0.00553378334056975
"94","TAM-05",105,21.2,2006,1,0.0978837493291457,0.104682622958932,1.86270510405109e-05,0.00679887362978648
"95","TAM-05",105.1,NA,2006,1,NA,NA,NA,NA
"96","TAM-05",106,31.7,2006,1,0.221958271345046,0.221958271345046,0,0
"97","TAM-05",107,19.2,2006,1,0.0676673009586197,0.0698325181976584,5.93210202476364e-06,0.00216521723903873
"98","TAM-05",108,12.1,2006,1,0.0191773088121534,0.0191773088121534,0,0
"99","TAM-05",109,22.3,2006,1,0.096103525908897,0.096103525908897,0,0
"100","TAM-05",110,69.4,2006,1,0.948317731457957,0.959344589179762,3.02105691008353e-05,0.0110268577218049
"101","TAM-05",111,27.4,2006,1,0.265437979146229,0.277456306003318,3.29269228961333e-05,0.0120183268570886
"102","TAM-05",112,14.1,2006,1,0.0328825918393555,0.0343278097226542,3.95950105013342e-06,0.0014452178832987
"103","TAM-05",113,15.6,2006,1,0.0329287479776271,0.0360954015937811,8.67576333192866e-06,0.00316665361615396
"104","TAM-05",114,12.9,2006,1,0.0432300615905105,0.0460410531153718,7.70134664345577e-06,0.00281099152486135
"105","TAM-05",116,12.3,2006,1,0.0395857902649605,0.0415898208971241,5.49049488264012e-06,0.00200403063216364
"106","TAM-05",117,22.3,2006,1,0.10451698916263,0.114561161896194,2.75182814618192e-05,0.010044172733564
"107","TAM-05",119,11,2006,1,0.00602680937414934,0.00625209134321047,6.17210874140103e-07,0.000225281969061138
"108","TAM-05",119.1,11.15,2006,1,0.0258165343502127,0.0265254222459035,1.94215861833085e-06,0.000708887895690759
"109","TAM-05",120,18.9,2006,1,0.0623264552780016,0.0650507906204673,7.46393244511161e-06,0.00272433534246574
"110","TAM-05",121,23.7,2006,1,0.0831095586026449,0.0898003385109257,1.83309038583035e-05,0.00669077990828079
"111","TAM-05",122,79.1,2006,1,1.90284953612342,2.02379578848362,0.000331359595507384,0.120946252360195
"112","TAM-05",123,31.65,2006,1,0.141525595866711,0.147522761400199,1.64305905027072e-05,0.00599716553348814
"113","TAM-05",124,24.6,2006,1,0.103610116623217,0.108855378777267,1.43705812439736e-05,0.00524526215405036
"114","TAM-05",124.1,12,2006,1,0.0117972356126463,0.0124099782907522,1.67874706330381e-06,0.000612742678105892
"115","TAM-05",125,17.8,2006,1,0.0541246221464663,0.0541246221464663,0,0
"116","TAM-05",126,10.6,2006,1,0.0207852208003508,0.0211830150487747,1.08984725595602e-06,0.000397794248423948
"117","TAM-05",127,23.1,2006,1,0.077733038191212,0.08121060088733,9.52756903046008e-06,0.00347756269611793
"118","TAM-05",128,17.3,2006,1,0.0459083405026047,0.0459083405026047,0,0
"119","TAM-05",131,11.8,2006,1,0.00915037123670427,0.00930745628605963,4.30369998233862e-07,0.00015708504935536
"120","TAM-05",132,11.6,2006,1,0.0140768265051903,0.0145750829065744,1.36508603118926e-06,0.000498256401384079
"121","TAM-05",133,22.5,2006,1,0.157790072022704,0.157790072022704,0,0
"122","TAM-05",134,16,2006,1,0.0151940010428023,0.0151940010428023,0,0
"123","TAM-05",135,16.6,2006,1,0.0484753919988624,0.0490647530549367,1.61468782486119e-06,0.000589361056074336
"124","TAM-05",136,11.55,2006,1,0.0298308523368267,0.0300908149630512,7.12226373217889e-07,0.00025996262622453
"125","TAM-05",136.1,10.4,2006,1,0.0191411794049107,0.0207030996443514,4.27923353271428e-06,0.00156192023944071
"126","TAM-05",137,15.6,2006,1,0.0396830661859998,0.0472261283535866,2.0665923746813e-05,0.00754306216758675
"127","TAM-05",138,34.2,2006,1,0.366284767123288,0.370606673891074,1.18408404596902e-05,0.00432190676778693
"128","TAM-05",139,17.3,2006,1,0.0498023128013461,0.0498023128013461,0,0
"129","TAM-05",139.1,13.6,2006,1,0.0205793195760535,0.0221802397808219,4.38608275279027e-06,0.00160092020476845
"130","TAM-05",139.2,10.3,2006,1,0.0121256424995023,0.0126106206526046,1.32870726877353e-06,0.000484978153102337
"131","TAM-05",140,18.15,2006,1,0.0975347879161415,0.100278248719781,7.51633096887616e-06,0.0027434608036398
"132","TAM-05",141,15.9,2006,1,0.0562723648059717,0.0562723648059717,0,0
"133","TAM-05",142,17.4,2006,1,0.0624313834143233,0.0654038949568184,8.14386723971257e-06,0.00297251154249509
"134","TAM-05",143,15.2,2006,1,0.0343878199649239,0.0357865047731905,3.83201317333307e-06,0.00139868480826657
"135","TAM-05",144,15.8,2006,1,0.0295921699578139,0.0303558074797365,2.09215759430836e-06,0.000763637521922551
"136","TAM-05",145,18.9,2006,1,0.150733747741385,0.150733747741385,0,0
"137","TAM-05",146,26.6,2006,1,0.220482372644452,0.223835668601223,9.18711221033197e-06,0.00335329595677117
"138","TAM-05",147,24.2,2006,1,0.159123276325217,0.164516904786209,1.47770642766897e-05,0.00539362846099176
"139","TAM-05",147.1,11.2,2006,1,0.0254565141963312,0.0263906209982462,2.55919671757524e-06,0.000934106801914962
"140","TAM-05",148,13.6,2006,1,0.0440929466331706,0.0454189764383561,3.63295837037143e-06,0.00132602980518557
"141","TAM-05",149,24.8,2006,1,0.242170682430417,0.244135548069963,5.38319353300269e-06,0.00196486563954598
"142","TAM-05",150,33.85,2006,1,0.458570849751601,0.465420207526842,1.87653637677841e-05,0.0068493577752412
"143","TAM-05",151,18.3,2006,1,0.0734249539448737,0.0734249539448737,0,0
"144","TAM-05",151.1,14.9,2006,1,0.021106204567474,0.0219824942579514,2.40079367254061e-06,0.000876289690477323
"145","TAM-05",152,14.7,2006,1,0.0291592646978243,0.0291592646978243,0,0
"146","TAM-05",153,11.5,2006,1,0.0360634504017159,0.0360634504017159,0,0
"147","TAM-05",154,15.1,2006,1,0.0653397487889273,0.0698917063302839,1.24711165516619e-05,0.00455195754135659
"148","TAM-05",155,13.4,2006,1,0.02754285682999,0.02754285682999,0,0
"149","TAM-05",156,31.5,2006,1,0.295870400282031,0.295870400282031,0,0
"150","TAM-05",156.1,10.2,2006,1,0.0156725578283187,0.0159844418827397,8.54476861427409e-07,0.000311884054421004
"151","TAM-05",156.2,NA,2006,1,NA,NA,NA,NA
"152","TAM-05",157,12.7,2006,1,0.0196267002967246,0.0199394714717732,8.56907328900237e-07,0.000312771175048587
"153","TAM-05",157.1,11.5,2006,1,0.0248865726833199,0.0248865726833199,0,0
"154","TAM-05",160,24,2006,1,0.178175603204247,0.178175603204247,0,0
"155","TAM-05",162,12.6,2006,1,0.0374162988636773,0.0392637425315448,5.06148950100674e-06,0.00184744366786746
"156","TAM-05",162.1,15.5,2006,1,0.0338154017997049,0.0375961418037813,1.03581917919901e-05,0.0037807400040764
"157","TAM-05",162.2,10.3,2006,1,0.0189180657434678,0.0192908265544454,1.02126249582905e-06,0.000372760810977604
"158","TAM-05",162.3,14.8,2006,1,0.0407073141843864,0.0448495050497862,1.1348468124383e-05,0.00414219086539981
"159","TAM-05",163,10.3,2006,1,0.0137711417624307,0.0137711417624307,0,0
"160","TAM-05",163.1,10.3,2006,1,0.016495392709864,0.0174999621258947,2.75224497542662e-06,0.00100456941603072
"161","TAM-05",164,17.4,2006,1,0.0605203323919685,0.0634018541003196,7.89458002287985e-06,0.00288152170835115
"162","TAM-05",165,26.6,2006,1,0.112196735611509,0.118343379271745,1.68401196170852e-05,0.00614664366023608
"163","TAM-05",168,12.9,2006,1,0.0283098467910129,0.029208516364886,2.46210842157003e-06,0.000898669573873061
"164","TAM-05",169,65.4,2006,1,2.59892969480969,2.59892969480969,0,0
"165","TAM-05",170,21.8,2006,1,0.127536915219984,0.127536915219984,0,0
"166","TAM-05",172,10.1,2006,1,0.0117443721856188,0.0119804340665497,6.46744879262841e-07,0.000236061880930937
"167","TAM-05",172.2,10.3,2006,1,0.0145953051191525,0.0161226147448031,4.18440993328929e-06,0.00152730962565059
"168","TAM-05",172.3,10.9,2006,1,0.0127456819007415,0.0142738662138476,4.18680633727712e-06,0.00152818431310615
"169","TAM-05",173,17.9,2006,1,0.0326287951485993,0.0357531967222828,8.56000431146154e-06,0.00312440157368346
"170","TAM-05",173.1,14,2006,1,0.0248768420181068,0.0259782675451486,3.01760418367607e-06,0.00110142552704176
"171","TAM-05",174,31.9,2006,1,0.259988350343651,0.271785364473622,3.23205866574549e-05,0.011797014129971
"172","TAM-05",175,11,2006,1,0.0109083947958645,0.0109083947958645,0,0
"173","TAM-05",176,58.4,2006,1,1.28376421798905,1.31510168573622,8.58560760196385e-05,0.0313374677471681
"174","TAM-05",177,15.3,2006,1,0.0401672120547945,0.0401672120547945,0,0
"175","TAM-05",178,22.1,2006,1,0.0910829407024695,0.0919128493150685,2.27372222629849e-06,0.000829908612598948
"176","TAM-05",179,13.5,2006,1,0.0194731573114661,0.0197648859434991,7.99256526117771e-07,0.000291728632032986
"177","TAM-05",180,15.7,2006,1,0.0467134041882732,0.0485511342484713,5.03487687725512e-06,0.00183773006019812
"178","TAM-05",180.1,13.4,2006,1,0.0246013541460871,0.0273880535090297,7.63479277518522e-06,0.00278669936294261
"179","TAM-05",181,12.9,2006,1,0.0303527675214485,0.0303527675214485,0,0
"180","TAM-05",182,33.9,2006,1,0.369728545460113,0.369728545460113,0,0
"181","TAM-05",182.1,10.2,2006,1,0.0156516214240899,0.0156516214240899,0,0
"182","TAM-05",183,22.5,2006,1,0.0549906991212021,0.0585789105086031,9.83071612986589e-06,0.00358821138740105
"183","TAM-05",183.1,NA,2006,1,NA,NA,NA,NA
"184","TAM-05",184,22.2,2006,1,0.100484910956439,0.100484910956439,0,0
"185","TAM-05",184.1,17.3,2006,1,0.0172362739726027,0.0178499807517657,1.68138843606279e-06,0.000613706779162917
"186","TAM-05",184.2,NA,2006,1,NA,NA,NA,NA
"187","TAM-05",186,18.7,2006,1,0.0718688432146929,0.0750449872607303,8.7017645096914e-06,0.00317614404603736
"188","TAM-05",188,17.85,2006,1,0.0628803190306678,0.0639506031164384,2.93228516649458e-06,0.00107028408577052
"189","TAM-05",188.1,13,2006,1,0.0151744681175175,0.0151744681175175,0,0
"190","TAM-05",189,12.1,2006,1,0.010778198166564,0.0109585832886572,4.94205813953935e-07,0.000180385122093186
"191","TAM-05",191,18.6,2006,1,0.0770004810580651,0.081313410539508,1.18162451546379e-05,0.00431292948144285
"192","TAM-05",191.1,10.3,2006,1,0.0146612817727691,0.0146612817727691,0,0
"193","TAM-05",192,23.8,2006,1,0.150448132681453,0.155635620344952,1.4212294968492e-05,0.00518748766349958
"194","TAM-05",193,13.1,2006,1,0.0576295236941271,0.0585195417819477,2.43840572005626e-06,0.000890018087820535
"195","TAM-05",194,12,2006,1,0.0312417266306796,0.0312417266306796,0,0
"196","TAM-05",195,21.05,2006,1,0.168843967721003,0.172927108466845,1.1186686974909e-05,0.00408314074584179
"197","TAM-05",196,11.3,2006,1,0.0122611650945632,0.0129390757927667,1.85728958411928e-06,0.000677910698203537
"198","TAM-05",197,NA,2006,1,NA,NA,NA,NA
"199","TAM-05",198,13.5,2006,1,0.0329684742972935,0.0339674624946675,2.73695396540831e-06,0.000998988197374033
"200","TAM-05",199,86.2,2006,1,1.81997942045788,1.82845428406532,2.32188044039242e-05,0.00847486360743233
"201","TAM-05",201,13.8,2006,1,0.0231571862539698,0.0231571862539698,0,0
"202","TAM-05",202,30.2,2006,1,0.236139617007157,0.239298640328009,8.65485841329124e-06,0.0031590233208513
"203","TAM-05",203,34.4,2006,1,0.271692168578547,0.273278688819377,4.3466307967959e-06,0.0015865202408305
"204","TAM-05",204,12.8,2006,1,0.0220522356518215,0.0224008821947699,9.55196008077777e-07,0.000348646542948389
"205","TAM-05",205,20.45,2006,1,0.0755618787107638,0.076682682378942,3.07069498131005e-06,0.00112080366817817
"206","TAM-05",206,13.2,2006,1,0.0424048906109179,0.0437196931363688,3.60219869986558e-06,0.00131480252545094
"207","TAM-05",207,12.6,2006,1,0.0313242700565957,0.032342879254586,2.79071013148009e-06,0.00101860919799023
"208","TAM-05",208,28.7,2006,1,0.216250749573731,0.216250749573731,0,0
"209","TAM-05",209,20.2,2006,1,0.0438905287185382,0.0461467477603451,6.18142203234764e-06,0.00225621904180689
"210","TAM-05",210,83.9,2006,1,1.59285888028046,1.66752947035381,0.000204576959105068,0.07467059007335
"211","TAM-05",211,13.4,2006,1,0.0143135287557473,0.0143135287557473,0,0
"212","TAM-05",212,32.5,2006,1,0.397070244697404,0.409575630821907,3.4261331847954e-05,0.0125053861245032
"213","TAM-05",213,NA,2006,1,NA,NA,NA,NA
"214","TAM-05",214,11.2,2006,1,0.0230122986787253,0.0230122986787253,0,0
"215","TAM-05",215,19.4,2006,1,0.0652377876228848,0.0673032366156325,5.65876436369248e-06,0.00206544899274776
"216","TAM-05",216.1,10.55,2006,1,0.0250289265713135,0.0252678648499194,6.54625420838262e-07,0.000238938278605966
"217","TAM-05",217,25.4,2006,1,0.170648254207138,0.170648254207138,0,0
"218","TAM-05",218,20.3,2006,1,0.085016902260037,0.0867171982187041,4.65834509223862e-06,0.00170029595866709
"219","TAM-05",219,13.5,2006,1,0.0349568060624733,0.0349568060624733,0,0
"220","TAM-05",220,15.4,2006,1,0.0525860471192587,0.0561745278807413,9.83145414104842e-06,0.00358848076148267
"221","TAM-05",222,18.1,2006,1,0.0605820258804569,0.0612570293169645,1.84932448358241e-06,0.00067500343650758
"222","TAM-05",223,23.6,2006,1,0.135731963500464,0.14045272441888,1.29335915573065e-05,0.00472076091841686
"223","TAM-05",224,18.7,2006,1,0.092995502568896,0.0960526857671233,8.37584437870482e-06,0.00305718319822726
"224","TAM-05",226,12.9,2006,1,0.0402749483490569,0.0402749483490569,0,0
"225","TAM-05",227,38.1,2006,1,0.287435710833199,0.334843030762288,0.000129883068298875,0.0474073199290895
"226","TAM-05",228,19,2006,1,0.0761319510300043,0.0777603958856709,4.46149275525119e-06,0.00162844485566668
"227","TAM-05",229,21.8,2006,1,0.0997537702990946,0.0997537702990946,0,0
"228","TAM-05",230,18.45,2006,1,0.0663430923297151,0.0667041425058065,9.89178564633954e-07,0.000361050176091393
"229","TAM-05",231,11.4,2006,1,0.0290351204012419,0.0290351204012419,0,0
"230","TAM-05",232,22.8,2006,1,0.197762559086316,0.197762559086316,0,0
"231","TAM-05",232.1,10.3,2006,1,0.0127756738385376,0.0127756738385376,0,0
"232","TAM-05",232.2,11.7,2006,1,0.0237056329585824,0.0249697144944625,3.46323708460297e-06,0.00126408153588008
"233","TAM-05",233,35.9,2006,1,0.310741309008864,0.321394527252216,2.91868992968552e-05,0.0106532182433521
"234","TAM-05",235,25.8,2006,1,0.110765122264587,0.121835045251173,3.03285561276322e-05,0.0110699229865858
"235","TAM-05",237,23,2006,1,0.113259209698267,0.116272626929269,8.25593761918478e-06,0.00301341723100244
"236","TAM-05",238,16.3,2006,1,0.0537489651481015,0.0544145806668156,1.82360416086055e-06,0.000665615518714101
"237","TAM-05",239,NA,2006,1,0.169083220552557,NA,NA,NA
"238","TAM-05",240,13.1,2006,1,0.0387042248907427,0.0387042248907427,0,0
"239","TAM-05",241,11.5,2006,1,0.0282219474853713,0.0282219474853713,0,0
"240","TAM-05",242,17.5,2006,1,0.0580270801656419,0.0622204870303135,1.14887859306071e-05,0.00419340686467159
"241","TAM-05",243,13.55,2006,1,0.0268530290534199,0.0274575811248637,1.65630704505154e-06,0.00060455207144381
"242","TAM-05",244,18.6,2006,1,0.105126274105323,0.107424048291226,6.29527174220062e-06,0.00229777418590323
"243","TAM-05",245,13.7,2006,1,0.0481003881102337,0.0502782459590653,5.96673383241527e-06,0.00217785784883157
"244","TAM-05",247,13.8,2006,1,0.0657676756105607,0.0667312917218562,2.64004414053547e-06,0.000963616111295446
"245","TAM-05",248,17.35,2006,1,0.0504720626591458,0.0538308761402095,9.20222871524293e-06,0.00335881348106367
"246","TAM-05",249,29.6,2006,1,0.301159610437503,0.307358273574442,1.69826387313396e-05,0.00619866313693895
"247","TAM-05",250,28.8,2006,1,0.29259066396337,0.296697149393341,1.12506450136205e-05,0.0041064854299715
"248","TAM-05",250.1,12.6,2006,1,0.0188527674494004,0.0194658257041285,1.67961165678947e-06,0.000613058254728155
"249","TAM-05",252,18.7,2006,1,0.0545292101426754,0.0601828036068431,1.54892971621033e-05,0.00565359346416769
"250","TAM-05",252.1,11.5,2006,1,0.0173321532919372,0.0173321532919372,0,0
"251","TAM-05",252.2,12.5,2006,1,0.0142722241669432,0.016862268628241,7.09601222273374e-06,0.00259004446129781
"252","TAM-05",253,13.8,2006,1,0.0350344335687539,0.0350344335687539,0,0
"253","TAM-05",255,19.9,2006,1,0.140637612074948,0.14206178134323,3.90183361173336e-06,0.00142416926828268
"254","TAM-05",256,13.1,2006,1,0.0271609090320899,0.0280096364340901,2.32528055342543e-06,0.000848727402000281
"255","TAM-05",258,27.95,2006,1,0.182450213431299,0.196971521756283,3.97844063698208e-05,0.0145213083249846
"256","TAM-05",259,31.6,2006,1,0.284379178448252,0.289856661220678,1.5006802116237e-05,0.00547748277242649
"257","TAM-05",261,10.55,2006,1,0.00981918271030702,0.0101044710023479,7.81611759016065e-07,0.000285288292040864
"258","TAM-05",262,16.5,2006,1,0.0396185528546881,0.0396185528546881,0,0
"259","TAM-05",263,20.2,2006,1,0.0719889265061383,0.0719889265061383,0,0
"260","TAM-05",263.1,10.7,2006,1,0.0231320559268538,0.0240216696876688,2.43729797483577e-06,0.000889613760815058
"261","TAM-05",263.2,9.4,2006,1,0.0130260690520025,0.0133077056472996,7.71607110402961e-07,0.000281636595297081
"262","TAM-05",264,35.7,2006,1,0.250123853331374,0.258748183726027,2.36283024511048e-05,0.00862433039465327
"263","TAM-05",266,12.9,2006,1,0.0461444693820211,0.0468682931510139,1.98307881915858e-06,0.000723823768992882
"264","TAM-05",268,10.7,2006,1,0.0079856951372233,0.0079856951372233,0,0
"265","TAM-05",269,50.7,2006,1,0.640884678425369,0.666934264357018,7.13687285798605e-05,0.0260495859316491
"266","TAM-05",270,19.6,2006,1,0.116530140060057,0.116530140060057,0,0
"267","TAM-05",271,13,2006,1,0.0443672563042139,0.0443672563042139,0,0
"268","TAM-05",272,13.7,2006,1,0.0613763077260274,0.062282218842442,2.48194826414971e-06,0.000905911116414644
"269","TAM-05",273,10.4,2006,1,0.0130722236402241,0.0130722236402241,0,0
"270","TAM-05",274,18.6,2006,1,0.0761233348795919,0.0761233348795919,0,0
"271","TAM-05",275,39.5,2006,1,0.68927601494063,0.692779318142131,9.59809096301567e-06,0.00350330320150072
"272","TAM-05",276,41.1,2006,1,0.517566410761948,0.517566410761948,0,0
"273","TAM-05",277,10.2,2006,1,0.00974635989041095,0.00974635989041095,0,0
"274","TAM-05",278,12.7,2006,1,0.0609970379749159,0.0609970379749159,0,0
"275","TAM-05",279,21.3,2006,1,0.0953830992226383,0.0981277965676162,7.51971875336429e-06,0.00274469734497797
"276","TAM-05",279.1,11,2006,1,0.0153723999816088,0.0156557562307437,7.76318490780677e-07,0.000283356249134947
"277","TAM-05",280,20.1,2006,1,0.0964993501919704,0.0964993501919704,0,0
"278","TAM-05",281,22.85,2006,1,0.146267364701941,0.148206800300005,5.31352218647475e-06,0.00193943559806328
"279","TAM-05",282,65.9,2006,1,1.96296016418543,1.99919866387111,9.92835607826641e-05,0.0362384996856724
"280","TAM-05",283,19.2,2006,1,0.077564490478504,0.0783788102573826,2.23101309281784e-06,0.000814319778878511
"281","TAM-05",284,24.95,2006,1,0.092475755013509,0.09359779637958,3.07408593444101e-06,0.00112204136607097
"282","TAM-05",285,52.25,2006,1,1.0641361651659,1.08689779205775,6.23606216214972e-05,0.0227616268918465
"283","TAM-05",286,NA,2006,1,NA,NA,NA,NA
"284","TAM-05",287,11.6,2006,1,0.0183199003991089,0.0183199003991089,0,0
"285","TAM-05",287.1,14.2,2006,1,0.0268497639452055,0.0292711202525478,6.63385289682816e-06,0.00242135630734228
"286","TAM-05",288,11.4,2006,1,0.0222003515123708,0.0226405298325543,1.20596800050274e-06,0.000440178320183501
"287","TAM-05",289,13.7,2006,1,0.0148028913901203,0.0150213812987223,5.98602489320585e-07,0.000218489908602014
"288","TAM-05",290,63.8,2006,1,0.445688517208793,0.461463887931789,4.32201937616306e-05,0.0157753707229952
"289","TAM-05",290.1,NA,2006,1,NA,NA,NA,NA
"290","TAM-05",291,12.45,2006,1,0.0534057872402711,0.0538373474031616,1.18235661065874e-06,0.000431560162890442
"291","TAM-05",292,23,2006,1,0.0516559483575864,0.0539772773948903,6.35980558165446e-06,0.00232132903730388
"292","TAM-05",293,51.15,2006,1,0.361861347945205,0.363993074398066,5.84034644619338e-06,0.00213172645286058
"293","TAM-05",294,23.7,2006,1,0.217222523268332,0.219067292255439,5.05416160851272e-06,0.00184476898710714
"294","TAM-05",295,25.4,2006,1,0.213944822485093,0.217354248038678,9.34089192763243e-06,0.00340942555358584
"295","TAM-05",296,13.3,2006,1,0.0612960276390008,0.0641577179234488,7.84024735465217e-06,0.00286169028444804
"296","TAM-05",297,41.4,2006,1,0.371980770930565,0.375601000414831,9.91843694319495e-06,0.00362022948426616
"297","TAM-05",297.1,10.2,2006,1,0.00986675232858806,0.00986675232858806,0,0
"298","TAM-05",298,27.2,2006,1,0.236386367815708,0.243495336328767,1.94766260631744e-05,0.00710896851305867
"299","TAM-05",298.1,14.2,2006,1,0.0265371643166919,0.0276950148171304,3.17219315188615e-06,0.00115785050043845
"300","TAM-05",299,21.5,2006,1,0.118824673678505,0.12574507316199,1.8959998584891e-05,0.00692039948348522
"301","TAM-05",300,43,2006,1,0.806927550236906,0.822152262771958,4.17115411919241e-05,0.0152247125350523
"302","TAM-05",300.1,10.9,2006,1,0.0124209647578051,0.0128896394696028,1.28404030629506e-06,0.000468674711797698
"303","TAM-05",302,15,2006,1,0.0334765695960563,0.0378865658624449,1.20821815517495e-05,0.00440999626638858
"304","TAM-05",304,16.65,2006,1,0.0861846373356401,0.0888322450318988,7.25371971577707e-06,0.00264760769625863
"305","TAM-05",306,52.1,2006,1,0.941740722886296,0.949012825022847,1.99235674974004e-05,0.00727210213655116
"306","TAM-05",307,51.2,2006,1,0.509022300027803,0.509022300027803,0,0
"307","TAM-05",308,20.7,2006,1,0.189341011714936,0.189341011714936,0,0
"308","TAM-05",308.1,10.7,2006,1,0.0163523916244016,0.0169812727172584,1.72296189823781e-06,0.0006288810928568
"309","TAM-05",309,15.6,2006,1,0.052890170457411,0.0542728617073518,3.7881952053171e-06,0.00138269124994074
"310","TAM-05",310,23.85,2006,1,0.153482814000259,0.154128377174391,1.76866623050008e-06,0.00064556317413253
"311","TAM-05",311,13.5,2006,1,0.0685642573987004,0.0685642573987004,0,0
"312","TAM-05",312,30.4,2006,1,0.227400343696085,0.228903812948811,4.11909384308497e-06,0.00150346925272601
"313","TAM-05",313,15.8,2006,1,0.0760816810172953,0.0770539610091996,2.6637807997377e-06,0.00097227999190426
"314","TAM-05",314,11.45,2006,1,0.0286208424856615,0.0288724530776888,6.89344087746013e-07,0.000251610592027295
"315","TAM-05",315,25.4,2006,1,0.0924943984021425,0.0924943984021425,0,0
"316","TAM-05",315.1,10.15,2006,1,0.0283658860734678,0.0286474316047822,7.71357620039575e-07,0.000281545531314445
"317","TAM-05",316,13.7,2006,1,0.0169270250958904,0.0171768671077404,6.84498662602816e-07,0.000249842011850028
"318","TAM-05",318,10.5,2006,1,0.0081417610465943,0.00829908612598947,4.31027614781295e-07,0.000157325079395173
"319","TAM-05",319,56,2006,1,0.329033098961938,0.331395986159169,6.47366355405979e-06,0.00236288719723182
"320","TAM-05",321,16.1,2006,1,0.071084610451012,0.071084610451012,0,0
"321","TAM-05",322,20.7,2006,1,0.115077776243779,0.115077776243779,0,0
"322","TAM-05",322.1,13.15,2006,1,0.0255775576148267,0.0261712142405318,1.62645650878103e-06,0.000593656625705076
"323","TAM-05",323,22.5,2006,1,0.0960164637231834,0.0968756671712803,2.35398204958057e-06,0.00085920344809691
"324","TAM-05",324,12,2006,1,0.0082547895909371,0.0082547895909371,0,0
"325","TAM-05",326,21.7,2006,1,0.0743009378300232,0.0743009378300232,0,0
"326","TAM-05",327,15.5,2006,1,0.0346232261316775,0.0346232261316775,0,0
"327","TAM-05",328,33.8,2006,1,0.311126380428687,0.32247352850282,3.10880769154347e-05,0.0113471480741337
"328","TAM-05",329,23,2006,1,0.0899532556275598,0.0899532556275598,0,0
"329","TAM-05",330,23,2006,1,0.0601753284868939,0.0623242790538939,5.88753580000009e-06,0.00214895056700003
"330","TAM-05",331,37.3,2006,1,0.26011236433218,0.276160473865052,4.39674233777311e-05,0.0160481095328718
"331","TAM-05",332,27.55,2006,1,0.152603387230412,0.158883885344788,1.72068441489766e-05,0.00628049811437648
"332","TAM-05",333,10.8,2006,1,0.0134062160496753,0.0141832293880647,2.12880366682012e-06,0.000777013338389344
"333","TAM-05",334,16.3,2006,1,0.0495317627383988,0.0501451533377731,1.68052219006661e-06,0.000613390599374312
"334","TAM-05",335,15.7,2006,1,0.0481838092377934,0.0481838092377934,0,0
"335","TAM-05",336,25.3,2006,1,0.116822625046997,0.116822625046997,0,0
"336","TAM-05",336.1,11.1,2006,1,0.0149217312802768,0.0160582278892734,3.11368933971656e-06,0.00113649660899654
"337","TAM-05",337,99.9,2006,1,3.93765195363244,4.10017996660945,0.000445282227334278,0.162528012977011
"338","TAM-05",338,34.7,2006,1,0.218358987837133,0.219623002493245,3.46305385236219e-06,0.0012640146561122
"339","TAM-05",339,24,2006,1,0.14661312944722,0.150348346172442,1.02334704800591e-05,0.00373521672522156
"340","TAM-05",340,NA,2006,1,0.0331890542888991,NA,NA,NA
"341","TAM-05",341,12.2,2006,1,0.0221062639882448,0.0221062639882448,0,0
"342","TAM-05",341.1,11.6,2006,1,0.0316493394865805,0.03456484961703,7.987698987533e-06,0.00291551013044954
"343","TAM-05",342,27,2006,1,0.159438212305067,0.159438212305067,0,0
"344","TAM-05",343,20.8,2006,1,0.0726775013147244,0.0861906037904727,3.70221985636941e-05,0.0135131024757483
"345","TAM-05",345,10.8,2006,1,0.00728791532455347,0.00756552548465572,7.60575781102058e-07,0.000277610160102251
"346","TAM-05",346,16.6,2006,1,0.0698973280817178,0.0698973280817178,0,0
"347","TAM-05",347,25.6,2006,1,0.167034200472105,0.167034200472105,0,0
"348","TAM-05",348,17.6,2006,1,0.0672051974783144,0.0672051974783144,0,0
"349","TAM-05",349,19.3,2006,1,0.0584027753254017,0.059012721845049,1.67108635519821e-06,0.000609946519647346
"350","TAM-05",350,13.8,2006,1,0.0410946085106887,0.0416967192965824,1.6496185914897e-06,0.000602110785893742
"351","TAM-05",351,36.2,2006,1,0.85153887093166,0.86102669600593,2.59940412993685e-05,0.00948782507426948
"352","TAM-05",352,31.15,2006,1,0.481645548163246,0.483195492610324,4.24642314267857e-06,0.00154994444707768
"353","TAM-05",353,12.6,2006,1,0.0194070936997919,0.0194070936997919,0,0
"354","TAM-05",354,9.5,2006,1,0.0190958472187989,0.0190958472187989,0,0
"355","TAM-05",355,12.2,2006,1,0.0334715053150685,0.0351804169980566,4.68194981640575e-06,0.0017089116829881
"356","TAM-05",356,13.3,2006,1,0.0272965913181356,0.0285709706406214,3.49145019859106e-06,0.00127437932248574
"357","TAM-05",356.1,9.8,2006,1,0.0115107757108594,0.0115107757108594,0,0
"358","TAM-05",357,12.9,2006,1,0.0105694680077499,0.0105694680077499,0,0
"359","TAM-05",358,31.65,2006,1,0.202885914570223,0.212854270020287,2.73105628768876e-05,0.00996835545006397
"360","TAM-05",358.1,14.1,2006,1,0.0238745713296877,0.0252890592256125,3.8753093039036e-06,0.00141448789592481
"361","TAM-05",359,10.5,2006,1,0.0262995911361805,0.0262995911361805,0,0
"362","TAM-05",360,78.7,2006,1,3.03533793733706,3.05082433025359,4.24284737439132e-05,0.0154863929165283
"363","TAM-05",361,19.35,2006,1,0.0725211172380907,0.0760156155177039,9.57396788935136e-06,0.00349449827961325
"364","TAM-05",362,22.7,2006,1,0.236039054101294,0.24025395395132,1.15476708219892e-05,0.00421489985002607
"365","TAM-05",363,10.9,2006,1,0.00998493198349515,0.00998493198349515,0,0
"366","TAM-05",364,19.75,2006,1,0.135666801031426,0.142066985898469,1.75347530603909e-05,0.00640018486704269
"367","TAM-05",365,23.2,2006,1,0.198872419725553,0.202346108115467,9.51695449291299e-06,0.00347368838991324
"368","TAM-05",366,22.4,2006,1,0.148623077342466,0.152685480001138,1.11298702977309e-05,0.00406240265867178
"369","TAM-05",368,25.5,2006,1,0.155040333601934,0.160021232876712,1.36462993829545e-05,0.00498089927477841
"370","TAM-05",369,NA,2006,1,0.0119861212494667,NA,NA,NA
"371","TAM-05",370,25.8,2006,1,0.0942654720690145,0.0980281973285301,1.03088363274399e-05,0.00376272525951557
"372","TAM-05",372.1,11.1,2006,1,0.0417721536185119,0.0425350995647674,2.09026286645333e-06,0.000762945946255464
"373","TAM-05",373,14.6,2006,1,0.0273818090486799,0.0285427474048443,3.18065303058735e-06,0.00116093835616438
"374","TAM-05",374,22.5,2006,1,0.0674544016779637,0.0745671911290705,1.9487094386594e-05,0.0071127894511068
"375","TAM-05",376,13.05,2006,1,0.0198278007754657,0.0206098879489975,2.14270458501857e-06,0.000782087173531777
"376","TAM-05",377,15,2006,1,0.0285232642966985,0.0285232642966985,0,0
"377","TAM-05",380,22.2,2006,1,0.12245855290411,0.123569282392378,3.04309448840677e-06,0.00111072948826847
"378","TAM-05",381,18.6,2006,1,0.0390006888609755,0.0390006888609755,0,0
"379","TAM-05",382,10.65,2006,1,0.0202949337943783,0.0204868469944186,5.25789589151494e-07,0.000191913200040295
"380","TAM-05",383,18.1,2006,1,0.0492842441353036,0.0492842441353036,0,0
"381","TAM-05",384,13.1,2006,1,0.0363655062304593,0.0375018600096696,3.11329802523372e-06,0.00113635377921031
"382","TAM-05",385,47.1,2006,1,0.450684483637294,0.464385295289188,3.75364702791608e-05,0.0137008116518937
"383","TAM-05",386,15.2,2006,1,0.0244249646679623,0.0247495453571598,8.89262162184977e-07,0.000324580689197516
"384","TAM-05",387,10.4,2006,1,0.0199042679101703,0.0199042679101703,0,0
"385","TAM-05",388,47.8,2006,1,0.70941058163183,0.712388167370168,8.15776914613168e-06,0.00297758573833806
"386","TAM-05",389,11.84,2006,1,0.0239127067459987,0.0240751015714729,4.44917330066071e-07,0.000162394825474116
"387","TAM-05",390,16.6,2006,1,0.0479057244880412,0.0496853530050985,4.87569456728042e-06,0.00177962851705735
"388","TAM-05",390.1,9.2,2006,1,0.0187687238399697,0.0187687238399697,0,0
"389","TAM-05",392,12,2006,1,0.0224193206381601,0.0235837692446129,3.1902701546651e-06,0.00116444860645276
"390","TAM-05",393,14,2006,1,0.0226813314499692,0.0226813314499692,0,0
"391","TAM-05",395,16.85,2006,1,0.0519238446817083,0.0541500378021757,6.09915923415723e-06,0.00222619312046739
"392","TAM-05",397,14.35,2006,1,0.0647398882907457,0.0651934062621697,1.24251499020269e-06,0.000453517971423983
"393","TAM-05",398,24.4,2006,1,0.280925645057354,0.287963175636346,1.92809056958689e-05,0.00703753057899215
"394","TAM-05",399,17,2006,1,0.0723831710483481,0.0732423109589041,2.35380797412603e-06,0.000859139910556001
"395","TAM-05",401,37.7,2006,1,0.924498387418116,0.929422471320093,1.34906408273329e-05,0.00492408390197652
"396","TAM-05",401.1,10.5,2006,1,0.0196895145205479,0.0208647537090582,3.21983339317868e-06,0.00117523918851022
"397","TAM-05",403,10,2006,1,0.0140483131440489,0.0140483131440489,0,0
"398","TAM-05",404,21.1,2006,1,0.141359671131346,0.154236690482272,3.5279505071032e-05,0.0128770193509267
"399","TAM-05",405,15,2006,1,0.058286283568896,0.0590712751813054,2.1506619518064e-06,0.000784991612409337
"400","TAM-05",406,16.8,2006,1,0.0659323663641276,0.0659323663641276,0,0
"401","TAM-05",407,21.8,2006,1,0.0994627102729011,0.101313139639261,5.06966949687583e-06,0.00185042936635968
"402","TAM-05",408,43.1,2006,1,0.704872887333744,0.731786867550837,7.37369321016241e-05,0.0269139802170928
"403","TAM-05",409,14.6,2006,1,0.0658929409762051,0.0668049431557093,2.49863610823068e-06,0.000912002179504198
"404","TAM-05",410,31,2006,1,0.329011565721746,0.348980822130658,5.4710291531267e-05,0.0199692564089125
"405","TAM-05",411,11.8,2006,1,0.0182096015442954,0.0182096015442954,0,0
"406","TAM-05",413,13.6,2006,1,0.0402594735342466,0.0402594735342466,0,0
"407","TAM-05",414,22.1,2006,1,0.0861890878828269,0.0893958512876712,8.78565316395698e-06,0.0032067634048443
"408","TAM-05",415,14.7,2006,1,0.0330660317275941,0.0344581346258478,3.8139805431609e-06,0.00139210289825373
"409","TAM-05",415.1,11.5,2006,1,0.0131953104991231,0.0139116694316727,1.9626272124648e-06,0.000716358932549652
"410","TAM-05",416,28.9,2006,1,0.231693369514053,0.243338638840894,3.19048474707961e-05,0.0116452693268406
"411","TAM-05",416.1,12.4,2006,1,0.0273387791629142,0.0291917408617339,5.0766073940267e-06,0.00185296169881975
"412","TAM-05",417,18.3,2006,1,0.0609991436719913,0.0616713054712992,1.84153917618622e-06,0.000672161799307971
"413","TAM-05",418,12.7,2006,1,0.0480789078832828,0.0480789078832828,0,0
"414","TAM-05",419,15.1,2006,1,0.046581775553342,0.0478406857525225,3.44906903885053e-06,0.00125891019918044
"415","TAM-05",420,NA,2006,1,NA,NA,NA,NA
"416","TAM-05",424,27.5,2006,1,0.136499512196047,0.141601860217092,1.39790356740977e-05,0.00510234802104564
"417","TAM-05",425,10.1,2006,1,0.0690451331730104,0.0690451331730104,0,0
"418","TAM-05",426,18.6,2006,1,0.217003079584775,0.219355399307958,6.44471157036554e-06,0.00235231972318342
"419","TAM-05",427,14.3,2006,1,0.0222162677740911,0.0222162677740911,0,0
"420","TAM-05",428,NA,2006,1,NA,NA,NA,NA
"421","TAM-05",429,121.8,2006,1,6.59948699736986,6.59948699736986,0,0
"422","TAM-05",431,56.3,2006,1,1.24341470189235,1.29346485324812,0.000137123702344585,0.0500501513557734
"423","TAM-05",432,11.4,2006,1,0.0148450239645447,0.0148450239645447,0,0
"424","TAM-05",432.1,10.3,2006,1,0.0134051174756831,0.0139412696107757,1.46890995915758e-06,0.000536152135092515
"425","TAM-05",434,14.5,2006,1,0.040253303897555,0.041972114384353,4.70906982684385e-06,0.00171881048679801
"426","TAM-05",435,17.8,2006,1,0.078622601934704,0.078622601934704,0,0
"427","TAM-05",436,18.5,2006,1,0.0586833137744703,0.0586833137744703,0,0
"428","TAM-05",438,19.3,2006,1,0.100590785899891,0.100590785899891,0,0
"429","TAM-05",440,19.3,2006,1,0.0926013989022136,0.0926013989022136,0,0
"430","TAM-05",441,14.4,2006,1,0.0460914425312272,0.0467383320615936,1.77230008319558e-06,0.000646889530366387
"431","TAM-05",442,47.3,2006,1,0.516764499447212,0.521162475362198,1.20492490821517e-05,0.00439797591498536
"432","TAM-05",443,26.9,2006,1,0.162801309488043,0.162801309488043,0,0
"433","TAM-05",444,25.1,2006,1,0.0770327794567948,0.0808520139701379,1.04636562009401e-05,0.00381923451334314
"434","TAM-05",445,46.2,2006,1,0.383139547654751,0.459214963779007,0.000208425797600701,0.0760754161242559
"435","TAM-05",445.1,14.1,2006,1,0.0471816210126321,0.053028311795587,1.60183309122053e-05,0.00584669078295492
"436","TAM-05",446,27.6,2006,1,0.115392251393859,0.116232993615585,2.30340334719408e-06,0.000840742221725837
"437","TAM-05",446.1,NA,2006,1,NA,NA,NA,NA
"438","TAM-05",447,NA,2006,1,NA,NA,NA,NA
"439","TAM-05",448,19.3,2006,1,0.0276990722445091,0.0276990722445091,0,0
"440","TAM-05",448.1,NA,2006,1,NA,NA,NA,NA
"441","TAM-05",449,24.3,2006,1,0.142356199646794,0.147161135710922,1.31642083948695e-05,0.00480493606412738
"442","TAM-05",452,17.6,2006,1,0.0532079810228239,0.0538178096379753,1.6707633291819e-06,0.000609828615151395
"443","TAM-05",453,15.3,2006,1,0.0432551511986301,0.0432551511986301,0,0
"444","TAM-05",453.1,NA,2006,1,NA,NA,NA,NA
"445","TAM-05",453.2,NA,2006,1,NA,NA,NA,NA
"446","TAM-05",454,36,2006,1,0.184714335376594,0.193205851827274,2.32644286320004e-05,0.00849151645068014
"447","TAM-05",454.1,NA,2006,1,NA,NA,NA,NA
"448","TAM-05",456,16.7,2006,1,0.0680255150900727,0.0680255150900727,0,0
"449","TAM-05",459,18,2006,1,0.0407886904534466,0.0407886904534466,0,0
"450","TAM-05",460,16.9,2006,1,0.0480174846359315,0.0480174846359315,0,0
"451","TAM-05",462,22.6,2006,1,0.0666386650613831,0.0729517416125515,1.72961001401874e-05,0.00631307655116842
"452","TAM-05",463,17.9,2006,1,0.0459139391247945,0.0509041011590845,1.36716768062738e-05,0.00499016203428995
"453","TAM-05",465,30.3,2006,1,0.326862438588017,0.329030674359976,5.94037197797006e-06,0.00216823577195907
"454","TAM-05",467,14,2006,1,0.0636292504932644,0.0636292504932644,0,0
"455","TAM-05",468,21.8,2006,1,0.0751651665633321,0.0751651665633321,0,0
"456","TAM-05",469,15,2006,1,0.0441065376593828,0.0441065376593828,0,0
"457","TAM-05",471,12.7,2006,1,0.0274773804154145,0.0279152600604825,1.19967026046032e-06,0.000437879645068018
"458","TAM-05",472,15,2006,1,0.042122027197046,0.042122027197046,0,0
"459","TAM-05",473,13.3,2006,1,0.0522694349137459,0.0547097061650444,6.68567466109192e-06,0.00244027125129855
"460","TAM-05",474,10.5,2006,1,0.0242056678674693,0.0242056678674693,0,0
"461","TAM-05",475,17,2006,1,0.0420733821917808,0.0420733821917808,0,0
"462","TAM-05",476,12.4,2006,1,0.0492973996151111,0.0509269562269517,4.4645386625769e-06,0.00162955661184057
"463","TAM-05",477,26,2006,1,0.188975917487373,0.191917132716579,8.05812391563496e-06,0.00294121522920676
"464","TAM-05",480,13.1,2006,1,0.0300524337198117,0.0300524337198117,0,0
"465","TAM-05",481,NA,2006,1,NA,NA,NA,NA
"466","TAM-05",481.1,10.5,2006,1,0.0163241794800691,0.0166396152706881,8.64207645531336e-07,0.000315435790618938
"467","TAM-05",482,16.9,2006,1,0.0521333792351993,0.0546916967616723,7.00908911362453e-06,0.00255831752647295
"468","TAM-05",483,38,2006,1,0.360000360273973,0.371643827558421,3.18999103683506e-05,0.011643467284448
"469","TAM-05",485.1,12.3,2006,1,0.0275913540459879,0.0304937976011214,7.95190015105073e-06,0.00290244355513352
"470","TAM-05",486,14.6,2006,1,0.0408454429619377,0.0408454429619377,0,0
"471","TAM-05",486.1,NA,2006,1,NA,NA,NA,NA
"472","TAM-05",488,13.9,2006,1,0.0357925557189444,0.0363131678767972,1.42633467904859e-06,0.000520612157852735
"473","TAM-05",489,17.5,2006,1,0.0786352307389676,0.080463895933071,5.01004162768061e-06,0.00182866519410342
"474","TAM-05",490,15.4,2006,1,0.0608599649239228,0.0641491079171446,9.01135066636107e-06,0.00328914299322179
"475","TAM-05",491,37.7,2006,1,0.402725780365536,0.424971693587251,6.09477074567538e-05,0.0222459132217152
"476","TAM-05",492,118.5,2006,1,1.76748044220742,1.76748044220742,0,0
"477","TAM-05",493,NA,2006,1,0.0605348804796659,NA,NA,NA
"478","TAM-05",493.1,10.9,2006,1,0.012777848814718,0.0132599896731299,1.32093385866281e-06,0.000482140858411927
"479","TAM-05",494,49.1,2006,1,0.74547981864265,0.767199218624876,5.95052054307536e-05,0.0217193999822251
"480","TAM-05",495,42.1,2006,1,0.739556813718543,0.750210556193129,2.91883355468114e-05,0.0106537424745862
"481","TAM-05",496,17.5,2006,1,0.0879901213422951,0.0910863124022373,8.48271523271829e-06,0.00309619105994217
"482","TAM-05",497,32.5,2006,1,0.256436259980768,0.259621773049379,8.72743306468685e-06,0.0031855130686107
"483","TAM-05",498,17,2006,1,0.0382993887237048,0.0392167068493151,2.51320034413775e-06,0.00091731812561028
"484","TAM-05",499,15.9,2006,1,0.0575844849508461,0.058315709182917,2.00335406046824e-06,0.000731224232070907
"485","TAM-05",500,19,2006,1,0.0662536920950296,0.0662536920950296,0,0
"486","TAM-05",501,24.9,2006,1,0.120338408644073,0.136260896967294,4.36232556800584e-05,0.0159224883232213
"487","TAM-05",502,11.7,2006,1,0.0214747038477035,0.0222281452530218,2.06422302826929e-06,0.00075344140531829
"488","TAM-05",505,14.1,2006,1,0.0266520599406731,0.0274245434335967,2.11639313129755e-06,0.000772483492923606
"489","TAM-05",507,26.6,2006,1,0.0999752185938759,0.100731172186946,2.07110573443866e-06,0.000755953593070111
"490","TAM-05",508,20.8,2006,1,0.0507231713202825,0.0507231713202825,0,0
"491","TAM-05",509,13.1,2006,1,0.0229322067811553,0.0240197510114384,2.97957323365221e-06,0.00108754423028306
"492","TAM-05",510,20.4,2006,1,0.0658990171258057,0.0699534102823062,1.11079264561656e-05,0.00405439315650044
"493","TAM-05",512,14.5,2006,1,0.0283941959345879,0.0291939933260653,2.19122573007523e-06,0.000799797391477459
"494","TAM-05",513,21.8,2006,1,0.171302678013898,0.171302678013898,0,0
"495","TAM-05",514,17.3,2006,1,0.082890998630137,0.085842377093473,8.08596839270148e-06,0.00295137846333604
"496","TAM-05",515,24.05,2006,1,0.0691096033055411,0.0711658874573755,5.63365521050516e-06,0.00205628415183438
"497","TAM-05",516,11.6,2006,1,0.0254475525971814,0.0254475525971814,0,0
"498","TAM-05",517,32,2006,1,0.321660818940248,0.340547222004336,5.17435700385976e-05,0.0188864030640881
"499","TAM-05",518,18.3,2006,1,0.0441648573428524,0.0441648573428524,0,0
"500","TAM-05",519,10.6,2006,1,0.0191744892194997,0.0191744892194997,0,0
"501","TAM-05",520,24.5,2006,1,0.277532289326444,0.284455905792293,1.89688122352006e-05,0.00692361646584821
"502","TAM-05",520.1,9.8,2006,1,0.00731872756505664,0.00747040700763142,4.15560116643221e-07,0.000151679442574775
"503","TAM-05",521,28.1,2006,1,0.188156880648433,0.199345965367588,3.06550266278202e-05,0.0111890847191544
"504","TAM-05",521.1,11.4,2006,1,0.0200340349916549,0.0200340349916549,0,0
"505","TAM-05",522,NA,2006,1,0.0151019858482249,NA,NA,NA
"506","TAM-05",523,21.4,2006,1,0.0536917149080912,0.0536917149080912,0,0
"507","TAM-05",524,22.4,2006,1,0.147978345097454,0.160626532041316,3.46525669694859e-05,0.0126481869438624
"508","TAM-05",525,12.7,2006,1,0.0347578764999763,0.0347578764999763,0,0
"509","TAM-05",526,11.4,2006,1,0.0239433038331516,0.0239433038331516,0,0
"510","TAM-05",527,20.4,2006,1,0.0637480555813623,0.0656651835616438,5.25240542542892e-06,0.00191712798028155
"511","TAM-05",528,12.3,2006,1,0.0210071783605252,0.0210071783605252,0,0
"512","TAM-05",529,33.6,2006,1,0.225852620279991,0.227203006630696,3.69968863206873e-06,0.00135038635070509
"513","TAM-05",530,12.1,2006,1,0.0214936691462056,0.0214936691462056,0,0
"514","TAM-05",531,17.1,2006,1,0.0315352895814571,0.0315352895814571,0,0
"515","TAM-05",531.1,11,2006,1,0.0160701714511068,0.0183286902213585,6.18772265822381e-06,0.00225851877025169
"516","TAM-05",532,24.2,2006,1,0.10868180931886,0.110500720155377,4.98331736032063e-06,0.00181891083651703
"517","TAM-05",533,18.1,2006,1,0.10328330349481,0.10328330349481,0,0
"518","TAM-05",534,15.3,2006,1,0.0586914114392331,0.0610625444613781,6.49625485519185e-06,0.00237113302214503
"519","TAM-05",535,25.1,2006,1,0.212835226871107,0.21978449291263,1.90390850452674e-05,0.0069492660415226
"520","TAM-05",536,17.7,2006,1,0.0604564146302886,0.0604564146302886,0,0
"521","TAM-05",544,20.5,2006,1,0.126396987101247,0.139693185612883,3.64279411277718e-05,0.0132961985116367
"522","TAM-05",544.1,10.3,2006,1,0.0139598758356164,0.0142349406709011,7.53602288451074e-07,0.000275064835284642
"523","TAM-05",545,13.7,2006,1,0.0303643310762113,0.0312706792850156,2.4831457775461e-06,0.000906348208804326
"524","TAM-05",546,26.9,2006,1,0.146514210915085,0.150970663097565,1.22094580341903e-05,0.00445645218247948
"525","TAM-05",547,20.9,2006,1,0.0652518553480424,0.0671662337038797,5.24487220777338e-06,0.00191437835583728
"526","TAM-05",549,11.8,2006,1,0.0338113660502182,0.0343918080855605,1.59025215162285e-06,0.000580442035342341
"527","TAM-05",550,55.1,2006,1,1.29507276633645,1.3140827546381,5.20821597305599e-05,0.0190099883016543
"528","TAM-05",550.1,10.5,2006,1,0.0094085959897483,0.00977752575991847,1.01076649361689e-06,0.000368929770170164
"529","TAM-05",551,9.2,2006,1,NA,NA,NA,NA
"530","TAM-05",552,10.3,2006,1,0.00774022019434043,0.00774022019434043,0,0
"531","TAM-05",554,45.2,2006,1,0.778807161762601,0.778807161762601,0,0
"532","TAM-05",555,112.4,2006,1,6.64929745466339,6.64929745466339,0,0
"533","TAM-05",557,10.8,2006,1,0.00634868363084799,0.00634868363084799,0,0
"534","TAM-05",558,13.2,2006,1,0.0113896319180348,0.0113896319180348,0,0
"535","TAM-05",559,22.1,2006,1,0.0585954734559416,0.0619115526027397,9.08514834739215e-06,0.00331607914679814
"536","TAM-05",560,37.6,2006,1,0.528986402367123,0.534659138244262,1.5541742129148e-05,0.00567273587713901
"537","TAM-05",560.1,10.2,2006,1,0.012940859749128,0.0131983829849944,7.05543111962697e-07,0.000257523235866385
"538","TAM-05",564,21.6,2006,1,0.0610434571680808,0.0616126238536285,1.55936078232254e-06,0.000569166685547726
"539","TAM-05",565,24.6,2006,1,0.206859867905389,0.211999047675025,1.40799445743439e-05,0.00513917976963552
"540","TAM-05",566,55.1,2006,1,0.808100297528179,0.813998820275489,1.61603362940005e-05,0.00589852274731018
"541","TAM-05",568,18.1,2006,1,0.0840613942739525,0.0849980042533629,2.56605473811074e-06,0.000936609979410419
"542","TAM-05",569,11.1,2006,1,0.00395898301276747,0.00395898301276747,0,0
"543","TAM-05",570,40.5,2006,1,0.64792568072018,0.6709174628174,6.29911838280014e-05,0.0229917820972205
"544","TAM-05",570.1,13,2006,1,0.0334891107268332,0.0356491541498791,5.91792718642721e-06,0.00216004342304593
"545","TAM-05",570.2,13,2006,1,0.0216795111881912,0.0230778369287246,3.83102942611882e-06,0.00139832574053337
"546","TAM-05",570.2,13.2,2006,1,0.0216795111881912,0.0237933864287631,5.79143901526556e-06,0.00211387524057193
"547","TAM-05",570.2,13,2006,1,0.0230778369287246,0.0230778369287246,0,0
"548","TAM-05",570.2,13.2,2006,1,0.0230778369287246,0.0237933864287631,1.96040958914674e-06,0.000715549500038559
"549","TAM-05",571,17.9,2006,1,0.0580874214403944,0.0587419224331421,1.79315340478844e-06,0.000654500992747782
"550","TAM-05",572.1,16.7,2006,1,0.102907560548893,0.109357908708584,1.76721867388793e-05,0.00645034815969095
"551","TAM-05",572.2,10.6,2006,1,0.0279873035976679,0.0290740886855951,2.97749339158135e-06,0.00108678508792719
"552","TAM-05",575.1,11.4,2006,1,0.0426231485934845,0.0426231485934845,0,0
"553","TAM-05",578,28.8,2006,1,0.169552153528938,0.173140459492819,9.83097524350994e-06,0.00358830596388113
"554","TAM-05",579,13.2,2006,1,0.0328424065032943,0.0328424065032943,0,0
"555","TAM-05",579.1,NA,2006,1,NA,NA,NA,NA
"556","TAM-05",580.1,11.5,2006,1,0.0117239000999441,0.0130501286778689,3.63350295321869e-06,0.00132622857792482
"557","TAM-05",581,51.5,2006,1,1.30437044015737,1.30437044015737,0,0
"558","TAM-05",582,29.7,2006,1,0.188058367560146,0.189331178598805,3.48715353057315e-06,0.0012728110386592
"559","TAM-05",583,15.9,2006,1,0.0343189576717069,0.0385607808399298,1.16214333375972e-05,0.00424182316822298
"560","TAM-05",583.1,14.2,2006,1,0.0327933483319903,0.0403591965189363,2.07283511971123e-05,0.007565848186946
"561","TAM-05",583.2,NA,2006,1,NA,NA,NA,NA
"562","TAM-05",584,42.7,2006,1,0.584965826496517,0.604627177887094,5.38667161385684e-05,0.0196613513905775
"563","TAM-05",585,24,2006,1,0.16497916591007,0.173548103521441,2.34765414010168e-05,0.00856893761137115
"564","TAM-05",586,19.3,2006,1,0.08208970829565,0.0847024804516528,7.15827987945978e-06,0.00261277215600282
"565","TAM-05",587,16,2006,1,0.0448173017175902,0.0496590600748922,1.32650913898685e-05,0.00484175835730199
