Date,Day,Month,Year,doy,RH,Temperature,Light,VPD,Rainfall
14/6/2007,14,6,2007,165,83.85,14.055,362.4643678,0.145776491,1.8
15/6/2007,15,6,2007,166,81.65,13.208,229.4465278,0.172626662,0.4
16/6/2007,16,6,2007,167,82.5,11.952,190.1930556,0.119521486,4.4
17/6/2007,17,6,2007,168,81.8,13.909,246.7729167,0.158283179,3.6
18/6/2007,18,6,2007,169,86.35,10.516,167.2069444,0.083324971,0.6
19/6/2007,19,6,2007,170,89.6,11.0795,164.3423611,0.066060319,0.2
20/6/2007,20,6,2007,171,84.3,12.2885,229.8979167,0.128397495,0
21/6/2007,21,6,2007,172,83.65,13.3515,325.0715278,0.192034548,0
22/6/2007,22,6,2007,173,88.25,12.387,162.3111111,0.115164055,5.2
23/6/2007,23,6,2007,174,90.65,12.195,183.85625,0.061600888,0.4
24/6/2007,24,6,2007,175,87.7,13.206,260.9048611,0.094748507,12
25/6/2007,25,6,2007,176,93.3,10.8685,144.1340278,0.044767632,11.2
26/6/2007,26,6,2007,177,94.9,10.752,149.0298611,0.028420978,0.6
27/6/2007,27,6,2007,178,96.35,10.8665,179.3423611,0.019659789,3.6
28/6/2007,28,6,2007,179,96.65,9.57,179.3944444,0.016145682,3.6
29/6/2007,29,6,2007,180,95.9,9.376,155.3840278,0.018511986,1.4
30/6/2007,30,6,2007,181,84.55,8.434,182.6236111,0.054819615,0
1/7/2007,1,7,2007,182,79.1,11.2785,302.2243056,0.225670304,0
2/7/2007,2,7,2007,183,87.05,9.3965,189.4986111,0.078295911,0
3/7/2007,3,7,2007,184,85.05,8.9755,178.4743056,0.116328852,0
4/7/2007,4,7,2007,185,84.9,10.67,176.98125,0.154927903,0
5/7/2007,5,7,2007,186,73,13.321,286.7208333,0.299050783,0
6/7/2007,6,7,2007,187,81.8,12.042,173.4048611,0.177754332,0
7/7/2007,7,7,2007,188,82.5,12.3565,228.5090278,0.156839571,0
8/7/2007,8,7,2007,189,83.2,14.1205,217.4326389,0.165481019,2.4
9/7/2007,9,7,2007,190,78.85,12.064,191.5298611,0.146832465,0.6
10/7/2007,10,7,2007,191,85.4,10.6025,175.5576389,0.108786529,3.4
11/7/2007,11,7,2007,192,91.35,10.1025,135.9916667,0.055005108,5.2
12/7/2007,12,7,2007,193,76.4,14.7895,464.7069444,0.324663454,0
13/7/2007,13,7,2007,194,56.75,16.6115,398.0229167,0.695961834,0
14/7/2007,14,7,2007,195,75,14.099,423.8388889,0.437104341,0.6
15/7/2007,15,7,2007,196,87.35,12.5025,252.8666667,0.119212317,0.2
16/7/2007,16,7,2007,197,84.8,11.671,167.3979167,0.118059407,1.4
17/7/2007,17,7,2007,198,78.5,13.2365,214.3944444,0.205559783,3.6
18/7/2007,18,7,2007,199,86,14.5145,266.8944444,0.128080188,11.8
19/7/2007,19,7,2007,200,88.25,12.033,207.8145833,0.092891349,8.4
20/7/2007,20,7,2007,201,79.75,14.3465,415.4534722,0.280840888,0
21/7/2007,21,7,2007,202,87.85,12.693,158.1270833,0.105444499,1.4
22/7/2007,22,7,2007,203,85.6,13.875,204.1166667,0.126119577,0
23/7/2007,23,7,2007,204,82.3,14.6995,275.4708333,0.165351872,0
24/7/2007,24,7,2007,205,78.3,12.9155,196.5819444,0.157977071,0.8
25/7/2007,25,7,2007,206,84.5,12.8205,231.2694444,0.146925619,15.8
26/7/2007,26,7,2007,207,96.3,7.71,175.73125,0.020646432,11.2
27/7/2007,27,7,2007,208,85.6,9.2745,247.5194444,0.121266087,0.4
28/7/2007,28,7,2007,209,84.25,10.593,296.7208333,0.11906828,0.2
29/7/2007,29,7,2007,210,93.25,7.9455,167.5715278,0.033940839,0.4
30/7/2007,30,7,2007,211,80.35,11.5785,459.8979167,0.214863348,0
31/7/2007,31,7,2007,212,81.55,11.8155,195.41875,0.157498944,0.2
1/8/2007,1,8,2007,213,80.3,11.713,159.7069444,0.123742563,1
2/8/2007,2,8,2007,214,85.45,11.961,193.9083333,0.119921242,0
3/8/2007,3,8,2007,215,83.9,10.8315,170.3840278,0.155072616,0.2
4/8/2007,4,8,2007,216,87.9,11.4325,182.1201389,0.120430222,0
5/8/2007,5,8,2007,217,81.1,11.851,318.85625,0.150412934,0
6/8/2007,6,8,2007,218,79.2,12.9495,302.0333333,0.2357153,0
7/8/2007,7,8,2007,219,80.05,13.06,239.3770833,0.157757149,0
8/8/2007,8,8,2007,220,80.6,11.908,176.5819444,0.159446895,0
9/8/2007,9,8,2007,221,84.35,12.677,172.2069444,0.15973265,0.4
10/8/2007,10,8,2007,222,82.35,13.4785,254.5680556,0.154434657,6
11/8/2007,11,8,2007,223,92.45,10.203,101.5645833,0.038030015,29
12/8/2007,12,8,2007,224,83.2,12.0765,178.5958333,0.119221368,0
13/8/2007,13,8,2007,225,70.05,12.8115,394.0298611,0.236563686,0
14/8/2007,14,8,2007,226,67.6,12.461,357.5194444,0.253028619,0
15/8/2007,15,8,2007,227,75.55,14.05,336.1652778,0.275525955,0
16/8/2007,16,8,2007,228,83.05,13.567,195.0715278,0.135844931,2
17/8/2007,17,8,2007,229,85.5,12.128,183.8909722,0.113221388,22.2
18/8/2007,18,8,2007,230,86.6,8.6095,144.8805556,0.090491112,0.6
19/8/2007,19,8,2007,231,84.25,9.018,104.9326389,0.151853501,0.6
20/8/2007,20,8,2007,232,79.85,11.021,344.6895833,0.208655489,0
21/8/2007,21,8,2007,233,87.3,9.8575,172.9708333,0.114675507,0
22/8/2007,22,8,2007,234,79.95,12.581,426.0958333,0.223306533,0.4
23/8/2007,23,8,2007,235,79.15,13.599,371.7729167,0.219067044,0
24/8/2007,24,8,2007,236,82.9,13.2095,208.9777778,0.152214486,0
25/8/2007,25,8,2007,237,82.7,14.5475,226.1131944,0.145198595,2
26/8/2007,26,8,2007,238,92.6,11.6705,67.7625,0.048512184,4.4
27/8/2007,27,8,2007,239,93.05,11.7435,99.325,0.039057337,8.6
28/8/2007,28,8,2007,240,91,11.7815,206.2868056,0.063489481,0
29/8/2007,29,8,2007,241,96.5,10.804,143.7347222,0.021672688,20.4
30/8/2007,30,8,2007,242,84.95,13.049,370.7659722,0.131378905,34.8
31/8/2007,31,8,2007,243,71.45,13.7355,255.1236111,0.4146755,0
1/9/2007,1,9,2007,244,73,12.707,229.1861111,0.383307105,0
2/9/2007,2,9,2007,245,80.6,12.8855,383.7347222,0.242077275,0
3/9/2007,3,9,2007,246,84.55,12.4145,202.5715278,0.132364358,0
4/9/2007,4,9,2007,247,85.45,12.853,205.3493056,0.132893428,0
5/9/2007,5,9,2007,248,80.15,12.6995,144.7763889,0.176202503,16.4
6/9/2007,6,9,2007,249,77.85,14.0245,374.0645833,0.332831054,0.4
7/9/2007,7,9,2007,250,80.75,12.889,144.95,0.23840112,2
8/9/2007,8,9,2007,251,81.35,13.3885,239.2729167,0.220635092,2.2
9/9/2007,9,9,2007,252,81.15,13.1265,230.4013889,0.218983784,2.6
10/9/2007,10,9,2007,253,81.15,14.0555,298.6652778,0.239637108,0.8
11/9/2007,11,9,2007,254,78.5,12.8255,211.6166667,0.195851509,2
12/9/2007,12,9,2007,255,74.65,15.9875,453.0923611,0.319095762,0
13/9/2007,13,9,2007,256,73.65,14.908,497.9881944,0.406702878,0
14/9/2007,14,9,2007,257,71,14.3445,433.1791667,0.359371582,0
15/9/2007,15,9,2007,258,76.05,15.029,507.60625,0.383560697,0
16/9/2007,16,9,2007,259,73.25,13.7645,427.91875,0.353408632,17.2
17/9/2007,17,9,2007,260,82.8,12.997,242.4326389,0.216279254,0
18/9/2007,18,9,2007,261,83.8,13.6585,221.2694444,0.18685242,0
19/9/2007,19,9,2007,262,77.05,14.1335,309.325,0.239256684,0.6
20/9/2007,20,9,2007,263,81.4,12.7325,117.1722222,0.195294551,5
21/9/2007,21,9,2007,264,77.45,13.484,312.0854167,0.312747236,1.8
22/9/2007,22,9,2007,265,79.25,14.2605,394.5854167,0.303989121,0.2
23/9/2007,23,9,2007,266,80.05,15.114,352.7277778,0.250066395,10.2
24/9/2007,24,9,2007,267,85.55,11.775,193.4569444,0.134839229,39.8
25/9/2007,25,9,2007,268,83.25,12.527,498.7520833,0.186584738,0.8
26/9/2007,26,9,2007,269,82.85,13.4265,235.6444444,0.185360382,0.2
27/9/2007,27,9,2007,270,89,13.2605,242.7798611,0.087196736,0.4
28/9/2007,28,9,2007,271,80.6,14.425,212.5368056,0.180068566,19.8
29/9/2007,29,9,2007,272,67.35,14.2675,509.1861111,0.549350391,0
30/9/2007,30,9,2007,273,79.65,12.9595,237.8666667,0.255010114,30.4
1/10/2007,1,10,2007,274,57.5,14.193,480.575,0.603510645,0
2/10/2007,2,10,2007,275,73,14.2525,442.7277778,0.476186183,0
3/10/2007,3,10,2007,276,68.3,14.5505,391.1305556,0.454934493,0
4/10/2007,4,10,2007,277,81.65,14.757,517.91875,0.275495446,0.4
5/10/2007,5,10,2007,278,85.1,13.6515,138.1270833,0.181336857,0.4
6/10/2007,6,10,2007,279,74.5,12.8625,350.9048611,0.316852237,5.4
7/10/2007,7,10,2007,280,78.8,14.4745,292.9013889,0.259441067,0
8/10/2007,8,10,2007,281,80.95,13.412,216.5819444,0.147726194,2.2
9/10/2007,9,10,2007,282,74.95,14.4505,430.9222222,0.297773187,0.4
10/10/2007,10,10,2007,283,83.3,14.228,322.1375,0.167384219,0.6
11/10/2007,11,10,2007,284,82.7,15.1085,281.3909722,0.149740236,1.8
12/10/2007,12,10,2007,285,78.95,11.548,125.2798611,0.19223487,15
13/10/2007,13,10,2007,286,79.75,13.927,275.2451389,0.210657957,6
14/10/2007,14,10,2007,287,95.3,11.572,144.1861111,0.034464016,29
15/10/2007,15,10,2007,288,90.6,12.3775,206.3388889,0.056599829,5.4
16/10/2007,16,10,2007,289,82.6,14.074,424.95,0.185661633,13
17/10/2007,17,10,2007,290,87.95,13.5955,299.9673611,0.100892704,23.2
18/10/2007,18,10,2007,291,77,14.4635,362.3111111,0.239877083,13.8
19/10/2007,19,10,2007,292,84.7,13.236,289.7763889,0.132464866,4.4
20/10/2007,20,10,2007,293,77.5,13.9225,338.1618056,0.181433703,31.6
21/10/2007,21,10,2007,294,75,14.3535,627.7277778,0.381372683,0
22/10/2007,22,10,2007,295,86.15,12.9165,243.8909722,0.160474651,0
23/10/2007,23,10,2007,296,83.7,14.149,288.5611111,0.145966012,10.8
24/10/2007,24,10,2007,297,89.3,12.1305,165.1583333,0.083247729,15
25/10/2007,25,10,2007,298,85.7,12.8845,541.7639098,0.150278258,0.2
26/10/2007,26,10,2007,299,85.4,13.313,257.3805556,0.120855297,0.6
27/10/2007,27,10,2007,300,87.75,11.5015,174.4291667,0.087959223,15.4
28/10/2007,28,10,2007,301,87.65,12.7865,316.4777778,0.102245828,10.8
29/10/2007,29,10,2007,302,82.75,11.9425,282.0333333,0.098615092,24.2
30/10/2007,30,10,2007,303,83.1,14.002,344.6027778,0.17860974,1.6
31/10/2007,31,10,2007,304,87,14.397,247.6583333,0.138431394,8.6
1/11/2007,1,11,2007,305,87.1,14.053,290.4708333,0.120447021,0
2/11/2007,2,11,2007,306,88.65,14.564,217.45,0.072496457,9.4
3/11/2007,3,11,2007,307,93,13.589,207.8840278,0.044969462,5.4
4/11/2007,4,11,2007,308,92,13.6805,242.5715278,0.050286623,41.2
5/11/2007,5,11,2007,309,96.85,12.041,107.5368056,0.019206937,27.6
6/11/2007,6,11,2007,310,94.85,11.009,246.3736111,0.027122553,2.4
7/11/2007,7,11,2007,311,92.9,12.802,194.0819444,0.051058202,17.2
8/11/2007,8,11,2007,312,88.05,12.9565,217.0159722,0.112172025,20.8
9/11/2007,9,11,2007,313,80.7,13.9355,367.29375,0.183896849,6.2
10/11/2007,10,11,2007,314,92.05,13.1505,300.2451389,0.07848057,7.4
11/11/2007,11,11,2007,315,90.05,14.0935,254.1340278,0.086849205,0.6
12/11/2007,12,11,2007,316,88.4,11.3315,171.2868056,0.082887464,2
13/11/2007,13,11,2007,317,90.55,10.3705,273.3354167,0.083847366,0
14/11/2007,14,11,2007,318,90.65,12.314,202.0159722,0.057723739,20.6
15/11/2007,15,11,2007,319,83.55,12.422,347.7104167,0.07567515,74.4
16/11/2007,16,11,2007,320,78.6,11.9505,285.2451389,0.18828928,2.6
17/11/2007,17,11,2007,321,86.15,13.8685,310.2798611,0.169264476,0
18/11/2007,18,11,2007,322,83.05,13.981,431.0263889,0.173380583,9.4
19/11/2007,19,11,2007,323,84.45,14.0175,223.3354167,0.142319788,4.4
20/11/2007,20,11,2007,324,87.2,14.279,306.0263889,0.129026172,0.4
21/11/2007,21,11,2007,325,87,11.337,116.9291667,0.092743377,8.4
22/11/2007,22,11,2007,326,87.75,13.9495,276.6340278,0.125906902,1.6
23/11/2007,23,11,2007,327,88.25,13.388,169.2555556,0.092022396,4.6
24/11/2007,24,11,2007,328,78.85,14.3015,163.1618056,0.145325401,18
25/11/2007,25,11,2007,329,89.75,12.6745,205.9048611,0.106358853,2
26/11/2007,26,11,2007,330,89.15,14.1365,255.5576389,0.103504712,5
27/11/2007,27,11,2007,331,87.7,13.86,303.6652778,0.118667111,2.6
28/11/2007,28,11,2007,332,82.65,12.9265,209.5506944,0.16302384,2.8
29/11/2007,29,11,2007,333,83.5,12.3025,127.6409722,0.173221791,14.6
30/11/2007,30,11,2007,334,80.45,14.641,397.8840278,0.246702911,0.8
1/12/2007,1,12,2007,335,85.35,13.8765,267.9361111,0.140890229,6.2
2/12/2007,2,12,2007,336,76.95,12.394,295.73125,0.279594219,6.4
3/12/2007,3,12,2007,337,82.35,13.506,197.0680556,0.167637252,10.2
4/12/2007,4,12,2007,338,88.4,13.6815,339.9326389,0.082558888,2.8
5/12/2007,5,12,2007,339,87.45,14.4425,295.9916667,0.087702292,0.4
6/12/2007,6,12,2007,340,81.85,13.0305,147.8840278,0.093818392,33
7/12/2007,7,12,2007,341,81.1,13.3975,310.1236111,0.214970335,2
8/12/2007,8,12,2007,342,85.3,13.8655,274.1861111,0.107675768,9
9/12/2007,9,12,2007,343,82.95,13.722,224.0298611,0.118374606,0.8
10/12/2007,10,12,2007,344,86.7,14.7995,343.0229167,0.128513039,0
11/12/2007,11,12,2007,345,82.1,15.6385,313.5784722,0.084686359,12.8
12/12/2007,12,12,2007,346,87.45,12.782,169.7590278,0.115801643,28
13/12/2007,13,12,2007,347,87.9,13.5165,354.4638889,0.123608165,1.2
14/12/2007,14,12,2007,348,81,13.6755,370.7833333,0.106457351,4.8
15/12/2007,15,12,2007,349,91.2,13.04,285.0888889,0.077250915,31.8
16/12/2007,16,12,2007,350,88.65,12.3645,265.8527778,0.072304733,6.4
17/12/2007,17,12,2007,351,90.65,12.6355,273.0923611,0.047459376,14.2
18/12/2007,18,12,2007,352,92.35,12.7105,241.9291667,0.043738903,20.4
19/12/2007,19,12,2007,353,95.45,11.5455,194.5680556,0.02210812,35
20/12/2007,20,12,2007,354,90.65,12.053,233.1097222,0.095772323,0.4
21/12/2007,21,12,2007,355,88.9,13.396,402.1548611,0.132490867,0
22/12/2007,22,12,2007,356,89.2,14.1375,216.3388889,0.104228013,15.2
23/12/2007,23,12,2007,357,89.85,12.934,225.4881944,0.103748051,2.6
24/12/2007,24,12,2007,358,81.75,15.9535,416.0263889,0.174484621,0.2
25/12/2007,25,12,2007,359,89.05,12.813,190.0020833,0.038850186,31.4
26/12/2007,26,12,2007,360,85.55,12.3865,261.2,0.126027292,3.8
27/12/2007,27,12,2007,361,87.7,14.0015,377.7451389,0.118946295,29.4
28/12/2007,28,12,2007,362,83.45,12.784,216.2868056,0.06239142,37.4
29/12/2007,29,12,2007,363,78.9,13.9745,410.4013889,0.238012864,0.6
30/12/2007,30,12,2007,364,90.65,14.126,268.1965278,0.062886942,11.6
31/12/2007,31,12,2007,365,85.5,13.758,273.9777778,0.141922937,11.2
1/1/2008,1,1,2008,1,87.8,14.5195,289.6027778,0.13480404,14
2/1/2008,2,1,2008,2,87.5,13.854,213.3180556,0.121636612,11
3/1/2008,3,1,2008,3,91,13.2035,283.1270833,0.089864696,33.8
4/1/2008,4,1,2008,4,84.6,13.4525,208.3875,0.134354368,4.6
5/1/2008,5,1,2008,5,91.85,13.0715,236.7555556,0.068253057,16
6/1/2008,6,1,2008,6,89.75,12.487,235.8354167,0.077057533,10.6
7/1/2008,7,1,2008,7,87.3,13.6225,306.2520833,0.142113316,5.8
8/1/2008,8,1,2008,8,91.45,13.5975,255.1236111,0.074878556,1.4
9/1/2008,9,1,2008,9,84.8,14.0855,166.7555556,0.096724094,4.8
10/1/2008,10,1,2008,10,93.25,12.3065,112.3284722,0.033698311,18.6
11/1/2008,11,1,2008,11,85.3,11.2735,131.4951389,0.115083154,18.8
12/1/2008,12,1,2008,12,87.25,12.7335,309.7416667,0.126709741,29.6
13/1/2008,13,1,2008,13,91.65,13.175,292.9708333,0.04921807,13.4
14/1/2008,14,1,2008,14,86.25,13.02,164.4986111,0.082405517,15.4
15/1/2008,15,1,2008,15,89.25,12.066,149.2729167,0.094372693,13.2
16/1/2008,16,1,2008,16,87.2,13.7585,226.7729167,0.096992677,13.8
17/1/2008,17,1,2008,17,86.9,14.0825,237.0333333,0.115111014,5.2
18/1/2008,18,1,2008,18,88.7,13.5435,254.1340278,0.096316022,4
19/1/2008,19,1,2008,19,93,13.002,159.1340278,0.033701121,25
20/1/2008,20,1,2008,20,92.3,12.681,168.3701389,0.052906362,16
21/1/2008,21,1,2008,21,95.8,12.323,151.5298611,0.0203953,20
22/1/2008,22,1,2008,22,96.85,12.8645,147.91875,0.017140955,25
23/1/2008,23,1,2008,23,92.7,13.7455,164.8979167,0.042056981,29.8
24/1/2008,24,1,2008,24,95,12.4965,177.3284722,0.027719488,26.8
25/1/2008,25,1,2008,25,95.8,13.293,181.4083333,0.021504063,17.8
26/1/2008,26,1,2008,26,78.5,14.7475,250.2277778,0.145309232,4.8
27/1/2008,27,1,2008,27,92.05,13.502,202.6236111,0.055749637,31.2
28/1/2008,28,1,2008,28,90.75,14.1445,236.5645833,0.084169054,4.4
29/1/2008,29,1,2008,29,91.45,13.214,297.6236111,0.065811016,14.8
30/1/2008,30,1,2008,30,95.5,12.2345,155.6270833,0.025793644,23.8
31/1/2008,31,1,2008,31,95.25,11.9455,142.8840278,0.018070452,24
1/2/2008,1,2,2008,32,93.85,13.252,235.1236111,0.035863963,11.4
2/2/2008,2,2,2008,33,92.25,13.516,179.8805556,0.048513255,6.2
3/2/2008,3,2,2008,34,96,10.166,107.3631944,0.017236159,49.6
4/2/2008,4,2,2008,35,88.9,11.7895,223.2659722,0.085372758,26.6
5/2/2008,5,2,2008,36,89.8,12.7935,310.6965278,0.084577708,33.6
6/2/2008,6,2,2008,37,89,12.6755,323.4569444,0.094974924,6.8
7/2/2008,7,2,2008,38,89.75,14.024,322.2243056,0.097827721,0.4
8/2/2008,8,2,2008,39,89,14.437,334.0819444,0.074704569,6.6
9/2/2008,9,2,2008,40,78.25,13.329,235.5576389,0.149725726,48.8
10/2/2008,10,2,2008,41,86.05,14.294,386.7034722,0.151607487,3.8
11/2/2008,11,2,2008,42,91.1,13.0495,280.8875,0.077365446,32
12/2/2008,12,2,2008,43,93.25,9.972,279.0993056,0.036072031,19.4
13/2/2008,13,2,2008,44,89.55,12.2555,287.3979167,0.114598977,0
14/2/2008,14,2,2008,45,86.8,13.7745,402.1027778,0.136635986,0.2
15/2/2008,15,2,2008,46,91.25,14.1605,288.3701389,0.066195581,2.8
16/2/2008,16,2,2008,47,85.55,13.934,212.7625,0.131712613,0.8
17/2/2008,17,2,2008,48,78.2,15.1525,410.2451389,0.262139635,10.6
18/2/2008,18,2,2008,49,86.75,13.678,230.1583333,0.144764689,19.4
19/2/2008,19,2,2008,50,85.15,12.986,225.0368056,0.1414492,16.8
20/2/2008,20,2,2008,51,84.55,15.536,408.3875,0.163205913,1.6
21/2/2008,21,2,2008,52,90.75,13.153,219.4986111,0.084185035,11.8
22/2/2008,22,2,2008,53,86.25,12.567,293.5958333,0.12233658,39
23/2/2008,23,2,2008,54,93.2,13.032,252.5020833,0.038873847,25.2
24/2/2008,24,2,2008,55,87.75,13.717,154.4465278,0.061696662,29
25/2/2008,25,2,2008,56,88.1,13.764,157.29375,0.082734817,43.4
26/2/2008,26,2,2008,57,89.6,12.6175,212.7277778,0.081616234,15
27/2/2008,27,2,2008,58,92.3,12.056,146.9118056,0.028714152,36.8
28/2/2008,28,2,2008,59,94.25,13.257,245.8875,0.03702033,18.6
29/2/2008,29,2,2008,60,89,13.626,151.2347222,0.059928105,25.8
1/3/2008,1,3,2008,61,93.35,12.8555,182.1201389,0.03324785,12.2
2/3/2008,2,3,2008,62,92.85,11.9715,105.1236111,0.039472856,6.4
3/3/2008,3,3,2008,63,93.4,12.8525,213.8041667,0.040545468,11.8
4/3/2008,4,3,2008,64,92.45,12.884,300.4013889,0.030288873,19.2
5/3/2008,5,3,2008,65,92.55,11.491,136.1826389,0.035845633,24
6/3/2008,6,3,2008,66,92.2,11.9835,225.3319444,0.059186852,14.2
7/3/2008,7,3,2008,67,87,11.7485,126.6166667,0.079658067,69.6
8/3/2008,8,3,2008,68,86.1,13.539,403.3354167,0.105264824,3.6
9/3/2008,9,3,2008,69,92.35,12.9315,263.3527778,0.03629405,24
10/3/2008,10,3,2008,70,86.55,14.162,353.5784722,0.148062936,7.6
11/3/2008,11,3,2008,71,89.5,11.5045,150.0715278,0.072613646,4.4
12/3/2008,12,3,2008,72,87,13.383,209.6895833,0.096637336,23.6
13/3/2008,13,3,2008,73,86.2,12.88,210.2104167,0.146254908,10.6
14/3/2008,14,3,2008,74,92.1,12.767,251.2694444,0.062603493,14.4
15/3/2008,15,3,2008,75,97.1,9.8665,205.2972222,0.014994618,12.8
16/3/2008,16,3,2008,76,91.15,11.884,283.9951389,0.053802154,6.6
17/3/2008,17,3,2008,77,91.25,13.0075,250.0888889,0.054852509,14.8
18/3/2008,18,3,2008,78,89.4,11.5515,235.2277778,0.082531294,13.6
19/3/2008,19,3,2008,79,89.45,12.9115,218.9256944,0.079649455,15.6
20/3/2008,20,3,2008,80,83.55,14.7555,495.5923611,0.189340453,1.8
21/3/2008,21,3,2008,81,78,13.707,320.6618056,0.2426208,20
22/3/2008,22,3,2008,82,82.85,13.973,336.3736111,0.244705239,2.6
23/3/2008,23,3,2008,83,85.2,14.7615,249.2381944,0.156417895,7.8
24/3/2008,24,3,2008,84,87.5,12.997,206.5125,0.136555449,0.8
25/3/2008,25,3,2008,85,85.05,14.7215,298.9256944,0.154618018,0.2
26/3/2008,26,3,2008,86,85.5,14.572,375.7659722,0.177693319,0
27/3/2008,27,3,2008,87,84.7,15.0395,301.0263889,0.183622474,0
28/3/2008,28,3,2008,88,71.35,14.4545,400.0888889,0.294584419,0
29/3/2008,29,3,2008,89,85.3,13.263,110.1756944,0.170705886,8.4
30/3/2008,30,3,2008,90,84.45,13.687,338.4569444,0.165598469,13.4
31/3/2008,31,3,2008,91,79.75,14.1345,296.2,0.126397393,0.8
1/4/2008,1,4,2008,92,84.1,12.4325,158.2138889,0.127112568,13.2
2/4/2008,2,4,2008,93,87.05,13.2315,225.9048611,0.108588421,42
3/4/2008,3,4,2008,94,97.2,9.751,155.7138889,0.014567741,54.8
4/4/2008,4,4,2008,95,95.85,10.196,280.7833333,0.016458853,8
5/4/2008,5,4,2008,96,96.2,10.934,231.6861111,0.015966312,3
6/4/2008,6,4,2008,97,95.75,10.966,219.4638889,0.015584778,4.2
7/4/2008,7,4,2008,98,89.65,13.403,290.0541667,0.069829511,3.8
8/4/2008,8,4,2008,99,90.55,14.0055,256.2,0.074033698,16
9/4/2008,9,4,2008,100,86.2,12.197,146.66875,0.081653786,22.8
10/4/2008,10,4,2008,101,84.35,14.0765,347.2590278,0.182444189,9.2
11/4/2008,11,4,2008,102,77.35,16.531,425.9916667,0.294414537,0.4
12/4/2008,12,4,2008,103,83.05,13.752,267.2243056,0.137695226,0.2
13/4/2008,13,4,2008,104,87.4,13.944,267.9013889,0.134462648,0
14/4/2008,14,4,2008,105,83,14.2635,279.5680556,0.179359069,0.8
15/4/2008,15,4,2008,106,89.45,10.8835,205.4361111,0.078498008,66.8
16/4/2008,16,4,2008,107,85.8,13.79,419.9673611,0.113295836,0
17/4/2008,17,4,2008,108,83.9,14.2945,487.6409722,0.228394429,0
18/4/2008,18,4,2008,109,80.55,13.6515,447.9013889,0.265606539,0
19/4/2008,19,4,2008,110,82.9,13.9835,226.98125,0.215935756,0
20/4/2008,20,4,2008,111,92.4,12.041,177.8319444,0.061497474,0.8
21/4/2008,21,4,2008,112,92.7,10.985,107.5541667,0.032786403,11
22/4/2008,22,4,2008,113,86.35,12.884,208.0229167,0.116854606,1.6
23/4/2008,23,4,2008,114,86.55,14.129,229.6201389,0.135816388,2.4
24/4/2008,24,4,2008,115,84.3,12.977,218.0055556,0.11985641,1
25/4/2008,25,4,2008,116,89.95,12.752,136.8597222,0.055989784,1
26/4/2008,26,4,2008,117,86.9,13.247,247.3458333,0.123580031,8.8
27/4/2008,27,4,2008,118,80.1,16.265,321.1131944,0.290900389,1.4
28/4/2008,28,4,2008,119,85.3,15.0815,156.0263889,0.142094821,0.4
29/4/2008,29,4,2008,120,80.9,15.884,291.0611111,0.157471776,1.4
30/4/2008,30,4,2008,121,85.75,14.452,158.8215278,0.14873773,21.8
1/5/2008,1,5,2008,122,91.05,11.2,191.6861111,0.062094899,0
2/5/2008,2,5,2008,123,91.05,11.2155,256.7555556,0.064826016,0.4
3/5/2008,3,5,2008,124,94.15,6.523,137.0159722,0.023735904,3.2
4/5/2008,4,5,2008,125,93.65,8.255,185.6444444,0.036582528,1.8
5/5/2008,5,5,2008,126,75.85,10.33,366.0784722,0.193767042,0
6/5/2008,6,5,2008,127,52.45,13.7845,454.0125,0.767977185,0
7/5/2008,7,5,2008,128,52,16.027,444.6375,0.848906416,0
8/5/2008,8,5,2008,129,72.8,13.494,322.1201389,0.359220703,0
9/5/2008,9,5,2008,130,86.2,10.4365,119.48125,0.067352348,2.4
10/5/2008,10,5,2008,131,81.85,12.986,170.1756944,0.172642037,8.2
11/5/2008,11,5,2008,132,74.65,11.6505,165.4534722,0.203687353,3.8
12/5/2008,12,5,2008,133,90.5,10.8285,140.7138889,0.057494932,17
13/5/2008,13,5,2008,134,87.05,12.7175,197.5020833,0.128279896,0.4
14/5/2008,14,5,2008,135,83.15,13.2205,328.23125,0.16002259,2
15/5/2008,15,5,2008,136,91.45,10.5615,134.3423611,0.055898796,0.6
16/5/2008,16,5,2008,137,86.9,12.932,178.7694444,0.115725685,0.8
17/5/2008,17,5,2008,138,85.7,12.6525,165.2625,0.146149613,0
18/5/2008,18,5,2008,139,82.7,13.2295,171.5298611,0.110417256,1.6
19/5/2008,19,5,2008,140,88.35,13.7065,214.4291667,0.131015721,0
20/5/2008,20,5,2008,141,82.5,14.75,314.1513889,0.160716189,0
21/5/2008,21,5,2008,142,88.85,13.955,148.8909722,0.080372345,0.8
22/5/2008,22,5,2008,143,82,14.9295,263.1230769,0.174419959,0
23/5/2008,23,5,2008,144,81.05,13.4035,225.575,0.225178816,0
24/5/2008,24,5,2008,145,87.2,12.663,172.29375,0.108299081,6
25/5/2008,25,5,2008,146,94.25,10.8745,126.8944444,0.034278602,14.6
26/5/2008,26,5,2008,147,96.6,10.856,152.5020833,0.018822119,3.6
27/5/2008,27,5,2008,148,90.8,11.3315,164.1340278,0.050605767,1.2
28/5/2008,28,5,2008,149,84.6,13.2765,222.5541667,0.128517042,0.8
29/5/2008,29,5,2008,150,87.85,13.1115,194.2034722,0.11019619,3.6
30/5/2008,30,5,2008,151,94.5,11.243,130.1930556,0.030170453,6
31/5/2008,31,5,2008,152,87.05,11.2515,183.9777778,0.096754716,0.2
1/6/2008,1,6,2008,153,87.65,12.673,263.0576389,0.131357722,0
2/6/2008,2,6,2008,154,76.6,13.4655,281.2694444,0.296187807,0
3/6/2008,3,6,2008,155,78.75,12.8855,349.325,0.290694159,0
4/6/2008,4,6,2008,156,65.55,13.167,385.8006944,0.424265587,0
5/6/2008,5,6,2008,157,45.85,13.7895,402.4847222,0.812371748,0
6/6/2008,6,6,2008,158,49.35,13.253,402.3111111,0.86287331,0
7/6/2008,7,6,2008,159,63.5,12.0815,293.7694444,0.399019374,0
8/6/2008,8,6,2008,160,85.3,11.3665,199.2034722,0.110141778,0
9/6/2008,9,6,2008,161,83.45,12.403,150.5576389,0.137248875,0.2
10/6/2008,10,6,2008,162,86.75,12.248,162.1548611,0.097951531,5
11/6/2008,11,6,2008,163,85.85,12.667,165.8527778,0.071535748,3
12/6/2008,12,6,2008,164,86.6,12.954,214.8111111,0.09633733,6.8
13/6/2008,13,6,2008,165,82.6,12.6425,238.4916667,0.147991045,0
14/6/2008,14,6,2008,166,86.2,12.718,185.2798611,0.136352853,0
15/6/2008,15,6,2008,167,81.45,13.6275,223.4569444,0.156944649,14.2
16/6/2008,16,6,2008,168,90,9.88,213.85625,0.063524207,28.2
17/6/2008,17,6,2008,169,79.4,11.772,167.6236111,0.174774074,0
18/6/2008,18,6,2008,170,70.55,14.2735,371.1131944,0.434274713,0
19/6/2008,19,6,2008,171,69.85,13.62,310.5055556,0.329639004,0
20/6/2008,20,6,2008,172,74.75,13.193,293.3006944,0.252460718,0
21/6/2008,21,6,2008,173,81,13.427,282.45,0.192833426,2.6
22/6/2008,22,6,2008,174,92.25,12.741,207.8666667,0.042391337,1.6
23/6/2008,23,6,2008,175,94.45,10.965,191.8944444,0.035946561,0
24/6/2008,24,6,2008,176,90.4,10.976,150.41875,0.063926451,0
25/6/2008,25,6,2008,177,93.3,9.427,133.0923611,0.048441671,0.8
26/6/2008,26,6,2008,178,94.3,8.999,105.7833333,0.033127974,0.2
27/6/2008,27,6,2008,179,94.2,9.347,115.2625,0.039083434,1.6
28/6/2008,28,6,2008,180,92.25,11.1995,188.6479167,0.037170354,1.8
29/6/2008,29,6,2008,181,95.15,8.9995,130.7486111,0.018593262,1.8
30/6/2008,30,6,2008,182,92.45,9.95,152.2763889,0.033619915,0
1/7/2008,1,7,2008,183,87.4,11.6435,183.3180556,0.077076772,0.6
2/7/2008,2,7,2008,184,86.75,11.9015,193.3354167,0.071612475,0.6
3/7/2008,3,7,2008,185,84.65,10.7265,167.7104167,0.100277809,0
4/7/2008,4,7,2008,186,82.35,11.429,206.04375,0.124437323,0
5/7/2008,5,7,2008,187,88.7,10.1295,141.5298611,0.080368289,0
6/7/2008,6,7,2008,188,82.3,12.179,271.98125,0.118748724,0.8
7/7/2008,7,7,2008,189,83.35,12.785,165.2625,0.11852289,0
8/7/2008,8,7,2008,190,86.7,12.3575,166.3041667,0.090912009,9.6
9/7/2008,9,7,2008,191,94.55,11.133,112.5541667,0.020783372,43.4
10/7/2008,10,7,2008,192,95.05,11.0435,180.3493056,0.024688829,10.6
11/7/2008,11,7,2008,193,96.55,9.763,106.98125,0.015122048,19.6
12/7/2008,12,7,2008,194,96.55,10.7265,97.48472222,0.016756542,6.2
13/7/2008,13,7,2008,195,86.35,13.1065,223.3006944,0.130918841,0
14/7/2008,14,7,2008,196,83.9,12.236,248.6826389,0.162669439,0.2
15/7/2008,15,7,2008,197,87.3,11.325,146.1652778,0.109095912,0
16/7/2008,16,7,2008,198,86.3,12.053,149.79375,0.113939297,0
17/7/2008,17,7,2008,199,82.15,10.7965,141.5125,0.172014095,0
18/7/2008,18,7,2008,200,77.95,12.1615,261.0958333,0.228063048,0
19/7/2008,19,7,2008,201,80.95,11.653,204.3770833,0.171089304,0
20/7/2008,20,7,2008,202,80.05,12.308,211.4951389,0.1833379,0
21/7/2008,21,7,2008,203,83.8,12.8635,228.365493,0.180593004,0.2
22/7/2008,22,7,2008,204,85,12.9695,337.1027778,0.180304822,0
23/7/2008,23,7,2008,205,84.6,12.7585,242.45,0.141462038,0
24/7/2008,24,7,2008,206,81.7,12.3225,143.5784722,0.09946168,13.8
25/7/2008,25,7,2008,207,87.3,11.934,176.35625,0.097104475,4.2
26/7/2008,26,7,2008,208,89,11.1525,185.1236111,0.060449631,0.2
27/7/2008,27,7,2008,209,94.65,10.942,179.3944444,0.030398849,0.6
28/7/2008,28,7,2008,210,88.65,11.683,224.6895833,0.090399866,0.6
29/7/2008,29,7,2008,211,86.1,13.316,250.6791667,0.132377477,0
30/7/2008,30,7,2008,212,92,11.3425,135.4013889,0.061016122,2.8
31/7/2008,31,7,2008,213,87.55,11.8045,209.8805556,0.102987633,0.4
1/8/2008,1,8,2008,214,85.7,11.44,171.3215278,0.152022004,0
2/8/2008,2,8,2008,215,85.05,12.975,166.7902778,0.132713466,0
3/8/2008,3,8,2008,216,82.05,12.9785,231.98125,0.142271266,9.2
4/8/2008,4,8,2008,217,86.35,11.2565,144.6722222,0.115712396,3.2
5/8/2008,5,8,2008,218,84.9,13.5945,307.6583333,0.185857775,1.8
6/8/2008,6,8,2008,219,83.3,13.568,231.8423611,0.153015547,0.2
7/8/2008,7,8,2008,220,83.05,12.546,220.8006944,0.177150593,14
8/8/2008,8,8,2008,221,84.1,12.8775,189.4118056,0.153282217,8.8
9/8/2008,9,8,2008,222,88.85,11.914,173.0229167,0.046370811,11.8
10/8/2008,10,8,2008,223,84.8,14.5865,269.9673611,0.133331087,0
11/8/2008,11,8,2008,224,85.95,14.074,302.5888889,0.139286876,0
12/8/2008,12,8,2008,225,78.5,13.0605,234.95,0.195364673,0.8
13/8/2008,13,8,2008,226,86.95,12.3785,200.8701389,0.09395658,4.2
14/8/2008,14,8,2008,227,84.1,13.3905,273.3354167,0.152143626,0
15/8/2008,15,8,2008,228,83.9,13.3235,272.2069444,0.206235495,0
16/8/2008,16,8,2008,229,86.45,13.446,182.8319444,0.133957052,0
17/8/2008,17,8,2008,230,84,14.3765,280.5055556,0.137875037,8.2
18/8/2008,18,8,2008,231,84,12.7545,94.74166667,0.142870441,2.6
19/8/2008,19,8,2008,232,87.85,12.921,213.2138889,0.109616384,0.6
20/8/2008,20,8,2008,233,89.45,13.439,157.7451389,0.055224193,2
21/8/2008,21,8,2008,234,88.15,13.6645,201.04375,0.075053372,1.6
22/8/2008,22,8,2008,235,89.4,11.7135,163.6131944,0.067054261,2
23/8/2008,23,8,2008,236,96.2,8.6825,69.09930556,0.016039021,3.8
24/8/2008,24,8,2008,237,85.85,9.9745,158.5784722,0.128628047,0
25/8/2008,25,8,2008,238,70.6,12.101,473.85625,0.371303109,0
26/8/2008,26,8,2008,239,66.9,12.4155,380.1756944,0.334869241,0
27/8/2008,27,8,2008,240,87.05,12.606,236.7555556,0.151702921,0
28/8/2008,28,8,2008,241,83.6,13.6325,299.5680556,0.185125609,0
29/8/2008,29,8,2008,242,81.45,12.7735,295.4013889,0.154651673,4.8
30/8/2008,30,8,2008,243,95.2,10.9145,165.8701389,0.023666476,0.4
31/8/2008,31,8,2008,244,87.55,10.62,146.5819444,0.08239674,0
1/9/2008,1,9,2008,245,82.05,12.7295,358.4048611,0.222255325,0.2
2/9/2008,2,9,2008,246,85.7,13.065,297.5541667,0.159079895,0
3/9/2008,3,9,2008,247,81.4,14.129,331.0611111,0.173124563,0
4/9/2008,4,9,2008,248,85.95,12.4805,141.6340278,0.155211738,10.4
5/9/2008,5,9,2008,249,86.75,12.0135,168.7520833,0.115973515,10.2
6/9/2008,6,9,2008,250,86.65,12.135,227.7625,0.082577205,6.8
7/9/2008,7,9,2008,251,94.55,11.7,191.3388889,0.025559232,1.6
8/9/2008,8,9,2008,252,84.05,13.202,316.1826389,0.18602398,0
9/9/2008,9,9,2008,253,79.7,14.094,398.4743056,0.278740543,0
10/9/2008,10,9,2008,254,81.4,13.4435,321.1131944,0.207529959,18.4
11/9/2008,11,9,2008,255,79.3,13.2405,270.0194444,0.295989475,0
12/9/2008,12,9,2008,256,85.5,12.7085,292.45,0.183349252,0
13/9/2008,13,9,2008,257,79.15,11.0325,171.7902778,0.129493756,17.6
14/9/2008,14,9,2008,258,80.7,12.463,298.6652778,0.197191205,0
15/9/2008,15,9,2008,259,85.5,11.244,221.1305556,0.084427296,0.8
16/9/2008,16,9,2008,260,92.25,10.161,155.0541667,0.036929741,3
17/9/2008,17,9,2008,261,89.1,10.7155,145.575,0.074168534,2.2
18/9/2008,18,9,2008,262,85.65,11.208,198.5611111,0.157744086,4.4
19/9/2008,19,9,2008,263,82.35,13.014,256.4777778,0.170350508,0
20/9/2008,20,9,2008,264,83.85,13.2395,320.9743056,0.159545345,2.4
21/9/2008,21,9,2008,265,91.2,9.198,265.1930556,0.05440011,6
22/9/2008,22,9,2008,266,89.05,11.593,292.5541667,0.07773368,0
23/9/2008,23,9,2008,267,90.3,11.497,140.6618056,0.050718215,3.2
24/9/2008,24,9,2008,268,93.1,11.722,133.7520833,0.044006446,4
25/9/2008,25,9,2008,269,89.4,12.5885,234.8111111,0.103625601,2.2
26/9/2008,26,9,2008,270,91.55,11.9665,207.1375,0.074313785,0.6
27/9/2008,27,9,2008,271,88.75,13.483,205.8527778,0.119364191,0.8
28/9/2008,28,9,2008,272,83.45,13.906,304.9326389,0.143125022,4.8
29/9/2008,29,9,2008,273,83.6,13.313,217.6930556,0.13201712,15.8
30/9/2008,30,9,2008,274,83.2,15.253,456.9638889,0.23709089,0
1/10/2008,1,10,2008,275,83.1,14.429,243.5263889,0.204581354,1.2
2/10/2008,2,10,2008,276,76.6,15.4635,303.7,0.282077588,3
3/10/2008,3,10,2008,277,86.95,14.735,237.8319444,0.120364247,0.6
4/10/2008,4,10,2008,278,91.55,12.754,115.3319444,0.053544224,3.6
5/10/2008,5,10,2008,279,89.85,12.75,261.8770833,0.096343805,4.2
6/10/2008,6,10,2008,280,96.15,10.872,280.7138889,0.020037116,2.8
7/10/2008,7,10,2008,281,96.9,10.8685,257.3284722,0.013792235,19.6
8/10/2008,8,10,2008,282,94.8,8.1335,91.77291667,0.017267391,24.4
9/10/2008,9,10,2008,283,84.1,11.852,332.2416667,0.142172153,0
10/10/2008,10,10,2008,284,86.4,12.881,154.1166667,0.156530843,1
11/10/2008,11,10,2008,285,87.7,13.4145,297.6409722,0.15333582,0
12/10/2008,12,10,2008,286,82.7,15.0985,374.7763889,0.215133675,0
13/10/2008,13,10,2008,287,82.3,13.9415,288.3875,0.209094974,0.2
14/10/2008,14,10,2008,288,81.3,13.076,314.0125,0.21043287,9
15/10/2008,15,10,2008,289,82.6,13.5855,204.8805556,0.200721208,7
16/10/2008,16,10,2008,290,76.4,14.045,341.3909722,0.323587506,0
17/10/2008,17,10,2008,291,85.4,11.6415,146.9291667,0.177875287,19.6
18/10/2008,18,10,2008,292,86.55,12.137,139.2902778,0.101536032,26.2
19/10/2008,19,10,2008,293,96.5,11.3845,193.3180556,0.018139365,9.8
20/10/2008,20,10,2008,294,94.05,11.227,202.60625,0.031930299,5
21/10/2008,21,10,2008,295,91.65,12.307,167.7104167,0.065042697,0.4
22/10/2008,22,10,2008,296,84.5,14.452,250.4708333,0.1116462,0.2
23/10/2008,23,10,2008,297,85.65,12.9235,208.8909722,0.114953074,7.6
24/10/2008,24,10,2008,298,87.95,13.684,339.6722222,0.140813977,24
25/10/2008,25,10,2008,299,86.8,14.411,376.6340278,0.093659856,10.2
26/10/2008,26,10,2008,300,89.3,13.5195,218.8388889,0.094468696,4.6
27/10/2008,27,10,2008,301,89.5,13.547,264.4638889,0.104033927,14.2
28/10/2008,28,10,2008,302,89.95,13.114,201.5645833,0.117734083,3.4
29/10/2008,29,10,2008,303,84.85,13.9705,246.7208333,0.175684544,10.6
30/10/2008,30,10,2008,304,86.85,14.238,290.9743056,0.149279278,4
31/10/2008,31,10,2008,305,92.05,11.438,182.6756944,0.050964847,9.8
1/11/2008,1,11,2008,306,89.9,13.3345,347.9534722,0.091416236,0.4
2/11/2008,2,11,2008,307,78.7,12.0135,95.81805556,0.187801214,59.2
3/11/2008,3,11,2008,308,83.6,13.7665,325.3145833,0.138644522,12.6
4/11/2008,4,11,2008,309,86.05,13.8005,422.9708333,0.122419096,4.2
5/11/2008,5,11,2008,310,90.1,14.8095,343.5263889,0.104298023,5.8
6/11/2008,6,11,2008,311,78.4,14.248,183.1791667,0.127820331,7.4
7/11/2008,7,11,2008,312,90.85,14.473,228.4916667,0.065987009,0.4
8/11/2008,8,11,2008,313,89.35,15.0045,322.8666667,0.123546371,0
9/11/2008,9,11,2008,314,86.6,15.2925,449.48125,0.181077291,0
10/11/2008,10,11,2008,315,82.75,14.6075,228.8909722,0.149742209,0.6
11/11/2008,11,11,2008,316,78.3,14.8405,281.9986111,0.24621719,0
12/11/2008,12,11,2008,317,81.85,14.639,294.4986111,0.16642498,2.6
13/11/2008,13,11,2008,318,90.75,10.8745,127.7625,0.047811624,16.8
14/11/2008,14,11,2008,319,88.05,11.9555,211.3909722,0.065525761,0.4
15/11/2008,15,11,2008,320,89.6,14.0335,326.9118056,0.128336023,0
16/11/2008,16,11,2008,321,84.6,14.565,327.6756944,0.160595868,3.4
17/11/2008,17,11,2008,322,96.85,11.2675,231.6513889,0.015951257,3.4
18/11/2008,18,11,2008,323,95.75,11.833,222.3805556,0.013240327,1.4
19/11/2008,19,11,2008,324,95,11.6955,159.79375,0.017094899,14.4
20/11/2008,20,11,2008,325,93.15,12.179,201.5298611,0.029868297,10.2
21/11/2008,21,11,2008,326,90.1,12.534,115.7138889,0.073382039,14.6
22/11/2008,22,11,2008,327,75.9,13.3,200.0194444,0.157177645,0.4
23/11/2008,23,11,2008,328,82.7,14.3385,438.6131944,0.205823907,0
24/11/2008,24,11,2008,329,81.6,16.0975,285.5229167,0.208453551,0.8
25/11/2008,25,11,2008,330,78.45,15.449,271.3215278,0.280452278,5.2
26/11/2008,26,11,2008,331,83.6,14.3395,241.8076389,0.141179602,16
27/11/2008,27,11,2008,332,81.95,15.2155,239.9673611,0.204064407,4.6
28/11/2008,28,11,2008,333,80.1,15.409,431.5472222,0.214903622,0.4
29/11/2008,29,11,2008,334,88.2,14.431,216.9118056,0.138365856,2.8
30/11/2008,30,11,2008,335,87.7,14.225,271.7381944,0.126941325,62.4
1/12/2008,1,12,2008,336,84.45,12.953,249.5680556,0.168728594,5.6
2/12/2008,2,12,2008,337,85,12.6205,144.7590278,0.087088731,6.4
3/12/2008,3,12,2008,338,84.25,10.1605,163.5090278,0.058561039,11
4/12/2008,4,12,2008,339,97.45,8.981,164.0298611,0.010709702,0.2
5/12/2008,5,12,2008,340,94,9.6545,150.7138889,0.023585998,0.8
6/12/2008,6,12,2008,341,90.75,11.1675,131.7555556,0.041175411,2.2
7/12/2008,7,12,2008,342,87.1,12.3555,189.3944444,0.150732121,0.2
8/12/2008,8,12,2008,343,72.9,13.8665,291.1131944,0.276428468,3.2
9/12/2008,9,12,2008,344,86.5,13.1185,226.9986111,0.160783111,1.2
10/12/2008,10,12,2008,345,81.55,13.4585,191.9118056,0.139900746,3.8
11/12/2008,11,12,2008,346,82.35,14.2915,297.1722222,0.140470062,22.6
12/12/2008,12,12,2008,347,83.45,12.1205,262.7798611,0.10086813,3.2
13/12/2008,13,12,2008,348,87.75,14.2135,266.7729167,0.121530845,16.6
14/12/2008,14,12,2008,349,85.55,13.953,299.9673611,0.137722734,65
15/12/2008,15,12,2008,350,79.55,13.9355,174.2902778,0.13853664,5.4
16/12/2008,16,12,2008,351,87.3,14.7435,290.9222222,0.123153644,26.2
17/12/2008,17,12,2008,352,85.5,13.554,259.7763889,0.136219482,7.8
18/12/2008,18,12,2008,353,87.6,13.249,155.1583333,0.101276351,24.8
19/12/2008,19,12,2008,354,87.85,12.921,153.1791667,0.111090528,15.4
20/12/2008,20,12,2008,355,82,14.009,264.2902778,0.216983327,36.2
21/12/2008,21,12,2008,356,85.2,14.9995,425.8875,0.200645212,8.6
22/12/2008,22,12,2008,357,86.9,14.011,278.1097222,0.142244514,8.4
23/12/2008,23,12,2008,358,85.7,14.6805,260.3666667,0.14321883,3.4
24/12/2008,24,12,2008,359,95.6,12.748,139.6895833,0.018245689,32.8
25/12/2008,25,12,2008,360,92.65,12.5205,215.2798611,0.027470808,2.6
26/12/2008,26,12,2008,361,94.35,11.9865,87.27638889,0.022098387,27.8
27/12/2008,27,12,2008,362,95.6,11.8925,221.3388889,0.018279632,27.8
28/12/2008,28,12,2008,363,96.65,11.924,160.5229167,0.011999507,4.4
29/12/2008,29,12,2008,364,91.15,12.6435,171.4777778,0.057005135,3.6
30/12/2008,30,12,2008,365,93.2,11.5355,149.3944444,0.048749344,9.4
31/12/2008,31,12,2008,366,92.3,13.416,281.7729167,0.068803712,22.6
1/1/2009,1,1,2009,1,90.7,12.8515,234.7590278,0.080735852,15.6
2/1/2009,2,1,2009,2,90.3,14.789,332.5888889,0.063253954,15
3/1/2009,3,1,2009,3,89.6,13.701,197.91875,0.096730261,17.8
4/1/2009,4,1,2009,4,92.45,10.233,196.0263889,0.025965473,23.6
5/1/2009,5,1,2009,5,96.25,8.3035,122.6930556,0.009694636,1.4
6/1/2009,6,1,2009,6,93.3,11.76,178.1097222,0.038485562,0.4
7/1/2009,7,1,2009,7,91.45,12.1165,170.8006944,0.033258728,3.2
8/1/2009,8,1,2009,8,89.4,13.7305,223.0402778,0.046978296,4.4
9/1/2009,9,1,2009,9,83.05,13.6225,335.3840278,0.152218754,19.2
10/1/2009,10,1,2009,10,95.55,12.0155,119.0819444,0.021777464,40
11/1/2009,11,1,2009,11,87.2,11.841,114.9326389,0.11833491,28.6
12/1/2009,12,1,2009,12,85.35,12.8015,212.3458333,0.140964679,3.6
13/1/2009,13,1,2009,13,88.45,13.5685,330.2451389,0.116026094,4.2
14/1/2009,14,1,2009,14,85.5,13.917,292.4152778,0.132999326,10.6
15/1/2009,15,1,2009,15,87.6,14.6115,221.4604167,0.132874417,0.2
16/1/2009,16,1,2009,16,89.05,14.479,183.8909722,0.075854778,19.2
17/1/2009,17,1,2009,17,88.8,13.1725,149.2555556,0.075726951,39.8
18/1/2009,18,1,2009,18,88.25,13.9415,206.4777778,0.093149708,7.6
19/1/2009,19,1,2009,19,90.15,12.934,152.5368056,0.076873164,12.8
20/1/2009,20,1,2009,20,96.1,10.4875,159.6201389,0.016994967,18.8
21/1/2009,21,1,2009,21,84.5,11.4935,181.5819444,0.06410987,1
22/1/2009,22,1,2009,22,78.35,12.6895,299.16875,0.243403026,0
23/1/2009,23,1,2009,23,90.55,13.177,298.4569444,0.095275976,4.8
24/1/2009,24,1,2009,24,88.25,14.5965,248.9604167,0.085058589,0.2
25/1/2009,25,1,2009,25,84.7,13.953,447.0333333,0.161201834,4.4
26/1/2009,26,1,2009,26,79.65,14.362,456.1652778,0.288132248,11.6
27/1/2009,27,1,2009,27,83.35,13.4165,194.2208333,0.134508198,4.8
28/1/2009,28,1,2009,28,88.6,13.0475,185.2451389,0.127745832,17.6
29/1/2009,29,1,2009,29,81.35,13.415,248.5958333,0.246545326,4.6
30/1/2009,30,1,2009,30,84,15.0645,238.1444444,0.207189039,6.2
31/1/2009,31,1,2009,31,81.5,14.5535,416.2520833,0.251317572,3.6
1/2/2009,1,2,2009,32,83.55,13.935,314.5680556,0.211629683,16.2
2/2/2009,2,2,2009,33,83.05,13.139,213.2486111,0.218611286,2.8
3/2/2009,3,2,2009,34,89.85,13.807,285.6097222,0.101318665,0.6
4/2/2009,4,2,2009,35,84.95,14.652,285.4361111,0.167729569,14.2
5/2/2009,5,2,2009,36,82.1,15.0145,248.1965278,0.221057753,0.6
6/2/2009,6,2,2009,37,87.6,13.728,222.8666667,0.125584302,0.8
7/2/2009,7,2,2009,38,88.95,14.3845,304.2729167,0.103522042,13.8
8/2/2009,8,2,2009,39,93.7,13.6475,205.1583333,0.046703968,4.2
9/2/2009,9,2,2009,40,84.8,13.4625,,0.06872014,0
10/2/2009,10,2,2009,41,92.45,13.114,,0.068404328,0
11/2/2009,11,2,2009,42,92.4,12.3705,,0.041343759,0
12/2/2009,12,2,2009,43,96.65,13.1715,,0.016570688,0
13/2/2009,13,2,2009,44,86.1,13.538,,0.113738236,0
14/2/2009,14,2,2009,45,86.45,13.8175,,0.095952459,0
15/2/2009,15,2,2009,46,93.5,10.716,,0.030317966,0
16/2/2009,16,2,2009,47,96.2,11.4665,,0.013765361,0
17/2/2009,17,2,2009,48,87.2,10.9475,,0.095838614,0
18/2/2009,18,2,2009,49,89.5,12.251,,0.116941686,0
19/2/2009,19,2,2009,50,90.4,13.3995,,0.091027031,0
20/2/2009,20,2,2009,51,85.85,12.1215,,0.131031355,0
21/2/2009,21,2,2009,52,90.1,12.323,,0.083513317,0
22/2/2009,22,2,2009,53,90.4,13.767,,0.104958085,0
23/2/2009,23,2,2009,54,91.35,12.696,,0.060325059,0
24/2/2009,24,2,2009,55,92.7,12.0765,,0.065820346,0
25/2/2009,25,2,2009,56,97.45,11.9555,,0.008416327,0
26/2/2009,26,2,2009,57,97.4,11.0755,,0.006777322,0
27/2/2009,27,2,2009,58,98.25,11.5445,,0.002120045,0
28/2/2009,28,2,2009,59,95.9,12.276,,0.015811173,0
1/3/2009,1,3,2009,60,92.85,12.8625,,0.052253293,0
2/3/2009,2,3,2009,61,80.8,13.2485,,0.165214663,0
3/3/2009,3,3,2009,62,83.1,12.36,,0.146909336,0
4/3/2009,4,3,2009,63,81.1,14.8105,,0.232094314,0
5/3/2009,5,3,2009,64,85.5,13.132,,0.113155736,0
6/3/2009,6,3,2009,65,84.3,14.326,,0.213097099,0
7/3/2009,7,3,2009,66,79.25,14.931,,0.231485662,0
8/3/2009,8,3,2009,67,76.85,13.7165,,0.215797011,0
9/3/2009,9,3,2009,68,80.5,13.8555,,0.310050139,0
10/3/2009,10,3,2009,69,84.8,12.8365,,0.125943397,0
11/3/2009,11,3,2009,70,94.45,12.1595,,0.026714911,0
12/3/2009,12,3,2009,71,97.3,11.6785,,0.009022359,0
13/3/2009,13,3,2009,72,85.2,12.545,,0.088455664,0
14/3/2009,14,3,2009,73,83.2,12.202,,0.124477971,0
15/3/2009,15,3,2009,74,80.7,13.584,,0.24241844,0
16/3/2009,16,3,2009,75,87.25,11.752,,0.142727103,0
17/3/2009,17,3,2009,76,87.25,13.468,,0.133825103,0
18/3/2009,18,3,2009,77,83.95,11.745,,0.110798749,0
19/3/2009,19,3,2009,78,88.1,12.475,,0.09898889,0
20/3/2009,20,3,2009,79,87.3,12.7835,,0.105546278,0
21/3/2009,21,3,2009,80,91.35,13.9915,,0.045273336,0
22/3/2009,22,3,2009,81,90.35,13.516,,0.045404727,0
23/3/2009,23,3,2009,82,91.2,13.8555,,0.04645346,0
24/3/2009,24,3,2009,83,84.15,13.024,,0.091178441,0
25/3/2009,25,3,2009,84,89.3,12.359,,0.055507426,0
26/3/2009,26,3,2009,85,88.95,13.3345,,0.045645879,0
27/3/2009,27,3,2009,86,91,13.0675,,0.044315911,0
28/3/2009,28,3,2009,87,92.8,13.113,,0.054165025,0
29/3/2009,29,3,2009,88,93.5,12.8755,,0.035416919,0
30/3/2009,30,3,2009,89,92.9,13.5835,,0.050694275,0
31/3/2009,31,3,2009,90,87.35,14.656,,0.092674622,0
1/4/2009,1,4,2009,91,84.45,13.811,,0.186625993,0
2/4/2009,2,4,2009,92,89.35,12.639,,0.063436187,0
3/4/2009,3,4,2009,93,94,12.0185,,0.021301337,0
4/4/2009,4,4,2009,94,90.45,13.6645,,0.104785506,0
5/4/2009,5,4,2009,95,80.1,12.7095,,0.209510572,0
6/4/2009,6,4,2009,96,85.35,13.86,,0.192087058,0
7/4/2009,7,4,2009,97,88.55,12.5115,,0.0837978,0
8/4/2009,8,4,2009,98,89.45,11.5715,,0.073936547,0
9/4/2009,9,4,2009,99,89.75,11.57,,0.070259117,0
10/4/2009,10,4,2009,100,96.6,11.1385,,0.009471734,0
11/4/2009,11,4,2009,101,91.65,12.121,,0.06204843,0
12/4/2009,12,4,2009,102,89.85,12.5655,,0.078591727,0
13/4/2009,13,4,2009,103,95.5,12.0485,,0.019219117,0
14/4/2009,14,4,2009,104,94.05,12.1055,,0.030073994,0
15/4/2009,15,4,2009,105,89.75,11.083,,0.086303068,0
16/4/2009,16,4,2009,106,81.25,12.294,,0.117360168,0
17/4/2009,17,4,2009,107,85.75,13.558,,0.161603286,0
18/4/2009,18,4,2009,108,83.1,12.8745,,0.171130002,0
19/4/2009,19,4,2009,109,83.3,13.54,,0.188278418,0
20/4/2009,20,4,2009,110,83.15,13.379,,0.115484448,0
21/4/2009,21,4,2009,111,86.8,12.016,,0.09716878,0
22/4/2009,22,4,2009,112,92.2,12.179,,0.02806064,0
23/4/2009,23,4,2009,113,90.65,13.5055,,0.069441381,0
24/4/2009,24,4,2009,114,87.35,12.397,,0.088440788,0
25/4/2009,25,4,2009,115,88.3,13.515,,0.064258947,0
26/4/2009,26,4,2009,116,91.55,10.9045,,0.041398837,0
27/4/2009,27,4,2009,117,90.3,10.3985,,0.031324286,0
28/4/2009,28,4,2009,118,90.4,10.8925,,0.066778187,0
29/4/2009,29,4,2009,119,95.75,11.3475,,0.019332632,0
30/4/2009,30,4,2009,120,94.35,11.81,,0.020322376,0
1/5/2009,1,5,2009,121,84.45,12.1055,,0.11556258,0
2/5/2009,2,5,2009,122,90.85,11.9095,,0.072906023,0
3/5/2009,3,5,2009,123,90.25,11.7475,,0.082053768,0
4/5/2009,4,5,2009,124,91.5,11.235,,0.067269498,0
5/5/2009,5,5,2009,125,92.55,11.7155,,0.040414561,0
6/5/2009,6,5,2009,126,93.65,11.5,,0.036589004,0
7/5/2009,7,5,2009,127,83.1,11.4835,,0.087301234,0
8/5/2009,8,5,2009,128,85.05,12.9165,,0.136454809,0
9/5/2009,9,5,2009,129,92.3,12.48,,0.039198265,0
10/5/2009,10,5,2009,130,84.05,13.306,,0.132867236,0
11/5/2009,11,5,2009,131,79.5,15.2295,,0.287939065,0
12/5/2009,12,5,2009,132,76.35,12.9975,,0.281932286,0
13/5/2009,13,5,2009,133,76.15,15.574,,0.388775913,0
14/5/2009,14,5,2009,134,81.05,13.573,,0.2205109,0
15/5/2009,15,5,2009,135,86.9,12.174,,0.084071065,0
16/5/2009,16,5,2009,136,91.9,11.8975,,0.038528965,0
17/5/2009,17,5,2009,137,82.3,13.4965,,0.207315268,0
18/5/2009,18,5,2009,138,89,12.6705,,0.101583838,0
19/5/2009,19,5,2009,139,86.85,12.2185,,0.092338284,0
20/5/2009,20,5,2009,140,94.1,11.311,,0.025764784,0
21/5/2009,21,5,2009,141,88.6,13.503,,0.091987069,0
22/5/2009,22,5,2009,142,91.55,12.87,,0.044539623,0
23/5/2009,23,5,2009,143,81.75,11.485,,0.158041541,0
24/5/2009,24,5,2009,144,81.75,13.7135,,0.206276204,0
25/5/2009,25,5,2009,145,86.65,12.897,,0.1023,0
26/5/2009,26,5,2009,146,87,14.9035,,0.133525282,0
27/5/2009,27,5,2009,147,80.4,14.303,,0.130190651,0
28/5/2009,28,5,2009,148,93.5,12.5275,,0.019404905,0
29/5/2009,29,5,2009,149,95.55,11.1275,,0.010743671,0
30/5/2009,30,5,2009,150,93.5,11.6275,,0.021840042,0
31/5/2009,31,5,2009,151,89.7,12.2455,,0.055881854,0
1/6/2009,1,6,2009,152,92.4,10.4415,,0.04418745,0
2/6/2009,2,6,2009,153,94.15,8.68,,0.021887622,0
3/6/2009,3,6,2009,154,85.4,8.5605,,0.054602632,0
4/6/2009,4,6,2009,155,72.15,12.19,,0.352940038,0
5/6/2009,5,6,2009,156,71.15,12.9695,,0.41495329,0
6/6/2009,6,6,2009,157,87.3,11.2035,,0.059996754,0
7/6/2009,7,6,2009,158,91.3,9.982,,0.068208868,0
8/6/2009,8,6,2009,159,86.45,11.815,,0.087565713,0
9/6/2009,9,6,2009,160,91.7,11.165,,0.071075532,0
