plot,tree,pom_m,height,density,2005,2006,2007,2008,2009
TAM-05,3,1.3,16,0.69625,21.6,21.4,21.4,21.6,21.6
TAM-05,4,1.3,24,0.896384615,14,13.9,14,14.1,14.05
TAM-05,5,1.3,21,0.896384615,12.5,12.4,12.4,12.6,12.6
TAM-05,6,1.3,13.6,0.727,15.2,15.5,15.9,16.1,16.2
TAM-05,7,1.3,20.3,0.38,16.4,16.9,17.3,18,18.2
TAM-05,8,1.3,22,0.266,15.3,15.4,15.9,16.7,16.7
TAM-05,9,1.3,14.9,0.6995,22.3,22.3,22.3,22.7,22.7
TAM-05,11,1.3,13.5,0.625,25.8,22.6,22.7,26.3,22.7
TAM-05,12,1.3,12.9,0.633333333,11.2,11.2,11.3,11.5,11.5
TAM-05,12.1,1.3,16,0.37,13.4,14.1,14.9,15.7,16.2
TAM-05,13,1.3,16.3,0.629,15.3,15.1,15.2,15,15.6
TAM-05,13.1,1.3,18.3,0.37,15.5,16.9,17.9,19.1,20.1
TAM-05,15,1.3,23.5,0.6,25.3,25.1,25.4,25.8,25.8
TAM-05,16,1.3,16.1,0.657272727,21.8,22,22.1,22.3,22.3
TAM-05,17,1.3,12.8,0.6405,12.2,12.1,12.2,12.2,12.3
TAM-05,19,1.3,15.1,0.57,12.9,13,13.1,13.1,13.15
TAM-05,20,1.3,32,0.637,36.9,38.4,39.7,41.1,42.15
TAM-05,21,1.3,28.1,0.37,19.7,19.9,20.4,21.4,22
TAM-05,23,1.3,11,0.37,14.8,15.2,16.1,16.7,18.2
TAM-05,25,1.3,12,0.8164,20.7,20.5,20.6,20.7,20.9
TAM-05,26,1.3,31,0.37,29.1,29.7,30,30.1,30.3
TAM-05,27,1.3,14.4,0.727,17.6,17.7,17.8,18,18
TAM-05,28,1.3,27.7,0.61,10.5,10.5,10.5,10.5,10.5
TAM-05,28.1,1.3,8.7,0.51772,10,9.8,9.7,10,10
TAM-05,29,1.3,16,0.727,12.4,12,12,12.4,12.4
TAM-05,31,1.3,19,0.618444444,15.3,15.3,15.3,15.4,15.4
TAM-05,32,1.3,15.6,0.615,13,13,13,13.2,13.2
TAM-05,33,1.3,11.9,0.6405,11.5,11.5,11.5,11.8,12.9
TAM-05,34,1.3,17,0.727,14.4,14.5,14.6,14.7,14.7
TAM-05,35,1.3,19,0.614666667,28.5,28.4,28.5,28.9,28.9
TAM-05,36,1.3,9.7,0.717333333,12.6,12.7,12.9,13.1,13.2
TAM-05,36.1,1.3,NaN,0.436,11,15.5,NaN,NaN,NaN
TAM-05,37,1.3,40,0.8164,42.1,42,42,42.7,42.7
TAM-05,40,1.3,9.8,0.8164,15.6,16.1,16.4,16.8,16.9
TAM-05,43,2.02,37,0.7685,65.3,65.3,67.3,71.3,78.4
TAM-05,43.1,1.3,10.2,0.53,10.5,11.2,11.6,11.8,11.8
TAM-05,45,1.3,33,0.825142857,46.3,48.2,48.2,48.9,48.9
TAM-05,45.1,1.3,11.4,0.808782609,10.5,10.7,10.7,10.8,10.8
TAM-05,46,1.3,16,0.618444444,16.1,16.1,16.2,16.3,16.4
TAM-05,47,1.3,6.5,0.6,24.5,24.8,24.5,24.6,24.6
TAM-05,48,1.3,14.9,0.633333333,15.9,15.9,15.9,15.9,15.9
TAM-05,51,1.3,23,0.637,34.9,36.8,38.7,40.4,42.4
TAM-05,53,1.3,11.8,0.754235294,13.1,13.1,13.1,13.1,13.1
TAM-05,55,1.3,10.1,0.614666667,40.1,40,40,40,40
TAM-05,56,1.3,15,0.717333333,15.6,15.5,15.7,15.7,15.7
TAM-05,59,1.3,9.1,0.727,18.6,18.6,18.6,18.8,18.8
TAM-05,60,1.3,17.2,0.510488636,17.9,17.9,18,18.1,18
TAM-05,61,1.3,38.9,0.8774,78.6,79.2,79.3,79.3,79.3
TAM-05,62,1.3,16,0.510488636,11.7,11.6,11.6,11.7,11.7
TAM-05,62.1,1.3,5.7,0.809857143,10.2,10.2,10.3,10.3,10.3
TAM-05,63,1.3,6.7,0.625,13.5,13.7,13.9,13.9,13.9
TAM-05,64,1.3,17,0.56,14.5,14.6,14.6,14.7,14.6
TAM-05,66,1.65,12,0.753,16.9,17,17.9,16.4,17.8
TAM-05,66.1,1.35,8.9,0.6,10.4,10.4,10.5,10.7,10.7
TAM-05,68,1.3,20,0.615,17.6,17.8,18,18.3,18.4
TAM-05,69,1.3,17,0.52261165,35.1,37.8,38.3,39.4,39.8
TAM-05,69.1,1.3,6.5,0.53,10.2,10.2,10.5,10.9,11.2
TAM-05,69.2,NaN,14.9,0.825,NaN,NaN,NaN,10.3,10.7
TAM-05,70,1.3,22,0.37,23.4,23.7,24,24.4,24.7
TAM-05,71,1.3,13.3,0.825,23.7,23.9,24,24.2,24.2
TAM-05,71.1,1.3,9.1,0.633333333,10.5,10.8,10.9,11.2,11.2
TAM-05,72,1.3,22.7,0.828119403,21.1,21.3,21.7,22.3,22.3
TAM-05,74,1.3,31.5,0.618444444,21.2,53.1,53.4,53.4,53.4
TAM-05,75,1.3,11.2,0.510488636,10.5,10.5,10.5,10.6,10.6
TAM-05,76,1.3,18.1,0.6995,15.3,14.6,14.5,14.8,14.8
TAM-05,77,1.3,22,0.825142857,24.1,24.2,24.2,24.4,24.5
TAM-05,78,1.3,9.5,0.811142857,17.5,16.7,16.8,16.9,16.9
TAM-05,79,1.3,10.2,0.6995,21.3,20.6,20.6,20.8,20.8
TAM-05,80,1.3,11.7,0.8705,14.2,14.1,14.2,14.2,14.2
TAM-05,81,1.3,19,0.8705,27,27.1,27.3,27.4,27.5
TAM-05,83,1.3,22.4,0.852083333,30.4,30.1,30.1,30.2,30.2
TAM-05,83.1,1.3,14.6,0.61,10.4,19,11.2,11.5,11.8
TAM-05,85,1.3,4.5,0.571,10.2,10.4,10.6,10.5,10.5
TAM-05,86,1.3,21.6,0.436,18.4,18.3,18.3,NaN,NaN
TAM-05,88,1.3,12.9,0.727,10.2,10.1,10.2,10.4,10.4
TAM-05,88.1,1.3,11.8,0.37,10.7,11.1,11.5,11.9,11.9
TAM-05,89,1.3,12.7,0.8705,11.3,11.5,11.7,11.9,11.9
TAM-05,90,1.3,18.2,0.77675,38.8,38.6,39.1,39.4,39.4
TAM-05,90.1,1.3,9.2,0.492,10,10.2,10.2,10.2,10.2
TAM-05,91,1.3,7.3,0.707857143,10.7,10.7,10.7,10.6,10.7
TAM-05,92,1.3,32,0.266,32.2,32,32.2,32.5,32.5
TAM-05,96,1.3,NaN,0.622769231,19.6,20.3,NaN,NaN,NaN
TAM-05,96.1,1.3,18.7,0.8705,11.2,11.6,12.1,12.5,12.9
TAM-05,96.2,1.3,14.2,0.436,15.3,17.5,16.9,17.4,17.4
TAM-05,97,1.3,9.1,0.622122807,10.6,10.6,10.6,10.7,10.8
TAM-05,98,1.3,10.5,0.825142857,15.4,15.4,15.4,15.5,15.5
TAM-05,99,1.3,20.2,0.37,22.1,23,24,25,25.2
TAM-05,100,1.3,20.6,0.589066667,11.9,35.2,36,37,37.6
TAM-05,100.1,1.3,12.4,0.8164,11,11.5,12,12.4,12.9
TAM-05,101,1.3,18,0.558533955,23.9,23.7,23.9,24.2,NaN
TAM-05,102,1.3,16.2,0.8164,11.6,12,12.4,12.9,13.4
TAM-05,103,1.3,32,0.42656962,46.2,46.7,46.9,47.3,47.3
TAM-05,104,1.3,17.6,0.436,20.1,20.7,21,21.7,22
TAM-05,105,1.3,23.3,0.414333333,19.6,20,20.5,21.2,21.6
TAM-05,105.1,NaN,NaN,0.660158304,NaN,NaN,NaN,NaN,10.7
TAM-05,106,1.3,13.5,0.678144059,31.6,31.5,31.7,31.7,31.7
TAM-05,107,1.3,10.8,0.727,18,18.4,18.9,19.2,19.3
TAM-05,108,1.3,8.9,0.61,12.2,12,12.1,12,12
TAM-05,109,1.3,30,0.267,22.2,22.3,22.3,22.2,22.2
TAM-05,110,1.6,20,0.412789474,68.2,68.9,69,69.4,69.5
TAM-05,111,1.3,23.2,0.66025,26.2,26.6,26.8,27.4,27.4
TAM-05,112,1.3,11.3,0.633333333,13.6,13.8,13.8,14.1,14.1
TAM-05,113,1.3,14.1,0.436,13.5,14.3,14.9,15.6,16.15
TAM-05,114,1.3,13.9,0.825,12.2,12.2,12.5,12.9,12.9
TAM-05,116,1.3,20.4,0.558533955,11.5,11.9,12,12.3,12.3
TAM-05,117,1.3,21.9,0.436,19.1,23,21.3,22.3,23.3
TAM-05,119,1.3,3.4,0.629888889,11,10.8,10.8,11,10.8
TAM-05,119.1,1.3,14.2,0.622769231,10.9,10.9,11,11.15,11.2
TAM-05,120,1.3,12,0.629,18.7,18.5,18.5,18.9,18.9
TAM-05,121,1.3,14.5,0.457,20.7,21.8,22.8,23.7,24.3
TAM-05,122,3.95,24.8,0.540586207,72,74.1,76.7,79.1,81.3
TAM-05,123,1.3,14,0.436,30,30.4,31,31.65,32.2
TAM-05,124,1.3,17.1,0.436,11.5,23.4,24,24.6,25.2
TAM-05,124.1,1.3,9.4,0.38,23,11.5,11.7,12,11.9
TAM-05,125,1.4,12.4,0.571,17.1,16.8,17.8,17.6,17.3
TAM-05,126,1.3,12.2,0.6405,10.4,10.4,10.5,10.6,10.6
TAM-05,127,2.1,16.6,0.38,21,21.8,22.6,23.1,23.7
TAM-05,128,1.3,16.4,0.387666667,17.5,17.4,17.3,16.65,17.3
TAM-05,131,1.3,5.1,0.54325,11.7,11.6,11.7,11.8,11.8
TAM-05,132,1.3,7.3,0.615,11.3,11.3,11.4,11.6,11.6
TAM-05,133,1.3,15.6,0.828119403,22.2,22.1,22.5,22.5,22.7
TAM-05,134,1.3,4,0.615,16,16,16,16,16
TAM-05,135,1.3,12.3,0.6,16.1,16.5,16.5,16.6,16.7
TAM-05,136,1.3,13,0.719166667,12.6,11.5,11.5,11.55,11.6
TAM-05,136.1,NaN,11.3,0.70209062,NaN,NaN,10,10.4,10.2
TAM-05,137,1.3,12.7,0.633333333,13.7,14,14.3,15.6,14.5
TAM-05,138,1.7,23,0.571,34,34,34,34.2,34.2
TAM-05,139,1.3,12.1,0.57,17.1,16.9,17.3,16.8,17.1
TAM-05,139.1,1.3,11.4,0.436,12.4,12.7,13.1,13.6,14
TAM-05,139.2,1.3,11.3,0.436,NaN,10,10.1,10.3,10.3
TAM-05,140,1.3,15.6,0.808782609,17.7,17.7,17.9,18.15,18.2
TAM-05,141,1.3,14.5,0.63626178,15.8,15.7,15.9,15.9,15.9
TAM-05,142,1.3,15.2,0.589066667,16.8,16.8,17,17.4,17.4
TAM-05,143,1.3,10.7,0.6,14.7,14.7,14.9,15.2,15.2
TAM-05,144,1.3,8.4,0.6,15.5,15.5,15.6,15.8,15.8
TAM-05,145,1.3,21.2,0.825,19,18.8,18.9,18.9,18.9
TAM-05,146,1.3,20,0.6556,26.6,26.4,26.4,26.6,26.6
TAM-05,147,1.3,13.7,0.849888889,23.4,23.6,23.8,24.2,24.2
TAM-05,147.1,1.3,20,0.436,10.5,10.8,11,11.2,11.2
TAM-05,148,1.3,14,0.727,13.2,13.2,13.4,13.6,13.7
TAM-05,149,1.3,18.9,0.8705,24.3,24.4,24.7,24.8,24.9
TAM-05,150,1.3,21.4,0.786714286,33.1,33.1,33.6,33.85,33.9
TAM-05,151,1.3,12.5,0.727,18.2,18.1,18.3,18.2,18.2
TAM-05,151.1,1.3,10.8,0.38,15.4,14.4,14.6,14.9,14.9
TAM-05,152,1.3,11.9,0.47,14.5,14.4,14.7,14.6,14.6
TAM-05,153,1.3,13.7,0.825,11.5,11.4,11.5,11.5,11.7
TAM-05,154,1.3,15.4,0.825,14.2,14.3,14.6,15.1,15.4
TAM-05,155,1.3,16.4,0.387666667,13.3,13.8,13.4,13.4,13.4
TAM-05,156,1.3,17,0.727,31.2,31.5,31.5,31.5,31.5
TAM-05,156.1,1.3,12.3,0.51772,10.1,10,10.1,10.2,10.2
TAM-05,156.2,NaN,NaN,0.444604162,NaN,NaN,NaN,NaN,10.2
TAM-05,157,1.3,12.2,0.42,12.5,12.6,12.6,12.7,12.75
TAM-05,157.1,1.3,12.4,0.629,10.7,11,11.5,11.5,12
TAM-05,160,1.3,15.2,0.8435,24.9,23.8,24,24,24
TAM-05,162,1.3,14.1,0.727,12.5,12.3,12.3,12.6,12.6
TAM-05,162.1,1.3,13.9,0.466625,13.6,14.2,14.7,15.5,16
TAM-05,162.2,1.3,11.9,0.633333333,10.3,10.2,10.2,10.3,10.3
TAM-05,162.3,1.3,13.4,0.633333333,11.9,12.3,14.1,14.8,15.2
TAM-05,163,1.3,8.4,0.6405,10.4,10.3,10.3,10.25,10.4
TAM-05,163.1,1.3,12.9,0.53,10,10,10,10.3,10.3
TAM-05,164,1.3,12.1,0.717333333,16.9,16.8,17,17.4,17.4
TAM-05,165,1.3,15.9,0.436,25.5,25.5,25.9,26.6,26.75
TAM-05,168,1.3,9.7,0.75,12.8,12.7,12.7,12.9,13
TAM-05,169,1.3,36.5,0.69,65.2,65.2,65.4,64.55,65.45
TAM-05,170,1.3,15.3,0.727,21.2,21.4,21.8,21.3,22.1
TAM-05,172,1.3,7.6,0.6405,NaN,9.9,10,10.1,10.1
TAM-05,172.2,1.3,10,0.629888889,10.2,9.8,9.8,10.3,10.3
TAM-05,172.3,1.3,11.2,0.444604162,NaN,10,10.3,10.9,11.1
TAM-05,173,1.3,12.5,0.37,16.2,17.5,17.1,17.9,18.1
TAM-05,173.1,1.3,12.6,0.436,12.1,13,13.7,14,14.55
TAM-05,174,1.3,20.5,0.54,30.4,31.2,31.2,31.9,32.7
TAM-05,175,1.3,6,0.622769231,11,11.1,11,11,NaN
TAM-05,176,1.3,27.3,0.585428571,57.6,57.6,57.7,58.4,58.4
TAM-05,177,1.3,12.7,0.56,14,14.1,15.3,15.3,15.3
TAM-05,178,1.3,13,0.6,21.9,22,22,22.1,22.1
TAM-05,179,1.3,6.2,0.725,13.4,12.5,13.4,13.5,13.5
TAM-05,180,1.3,10,0.8164,14.9,15.3,15.4,15.7,15.9
TAM-05,180.1,1.3,14.5,0.436,11.5,12.2,12.7,13.4,13.7
TAM-05,181,1.3,12,0.63,12.8,12.8,12.9,12.9,12.9
TAM-05,182,1.3,21.2,0.629,33.6,33.7,33.9,33.9,34.1
TAM-05,182.1,1.3,9.8,0.63626178,10.2,10.2,10.2,10.2,10.2
TAM-05,183,1.3,11,0.436,20,21,21.8,22.5,22.5
TAM-05,183.1,NaN,12.3,0.56,NaN,NaN,NaN,10,10
TAM-05,184,1.3,14.8,0.571,21.8,22.1,22.2,22,22
TAM-05,184.1,1.3,6.4,0.38625,15.7,16.6,17,17.3,17.6
TAM-05,184.2,NaN,8.2,NaN,NaN,NaN,NaN,10.4,10.5
TAM-05,186,1.59,15.1,0.589066667,17.4,17.9,18.3,18.7,18.8
TAM-05,188,1.3,14.1,0.59,17.6,17.6,17.7,17.85,17.9
TAM-05,188.1,1.3,9.6,0.387666667,12.3,12.6,13,13,13
TAM-05,189,1.3,3.8,0.8164,12.2,12,12,12.1,12.1
TAM-05,191,1.3,13.4,0.727,17.5,17.7,18.1,18.6,18.7
TAM-05,191.1,NaN,16.2,0.353578132,NaN,NaN,10.3,10.3,NaN
TAM-05,192,1.3,21.8,0.52239801,22.2,22.7,23.4,23.8,23.8
TAM-05,193,1.3,20.3,0.69625,13,13,13,13.1,13.1
TAM-05,194,1.3,16.1,0.558533955,11.9,11.8,12,11.9,11.9
TAM-05,195,1.3,20,0.808782609,20.7,20.8,20.8,21.05,21.1
TAM-05,196,1.3,7.5,0.56,10.8,10.9,11,11.3,11.3
TAM-05,197,NaN,NaN,0.570966942,NaN,NaN,NaN,NaN,NaN
TAM-05,198,1.3,10.3,0.75,13,13.1,13.3,13.5,13.5
TAM-05,199,7.8,18.1,0.5635,85.4,98.2,86,86.2,88
TAM-05,201,1.3,9,0.56,13.6,13.5,13.8,13.8,13.8
TAM-05,202,1.3,17.4,0.625,29.6,29.6,30,30.2,30.2
TAM-05,203,1.3,14.6,0.6556,33.7,33.8,34.3,34.4,34.4
TAM-05,204,1.3,7.9,0.717333333,12.7,12.7,12.7,12.8,12.7
TAM-05,205,1.3,12,0.633333333,28.2,20.2,20.3,20.45,20.4
TAM-05,206,1.3,19.9,0.52261165,12.7,12.9,13,13.2,13.35
TAM-05,207,1.3,9.7,0.8705,12.4,12.3,12.4,12.6,12.6
TAM-05,208,1.3,17.3,0.629,28.6,28.5,28.7,28.7,28.7
TAM-05,209,1.3,7.5,0.625,19.8,1.95,19.7,20.2,20.2
TAM-05,210,1.3,28,0.350666667,80,80.9,82,83.9,83.9
TAM-05,211,1.3,5.9,0.56,13.3,13.2,13.4,13.3,13.3
TAM-05,212,1.3,23.7,0.678144059,31,31.3,32,32.5,32.5
TAM-05,213,1.3,NaN,0.579769231,18.3,18.1,NaN,NaN,NaN
TAM-05,214,1.3,10.6,0.717333333,11.1,11,11.2,11.2,11.3
TAM-05,215,1.3,17,0.436,12.4,18.7,19.1,19.4,19.65
TAM-05,216.1,1.3,15.3,0.615,10.3,10.4,10.5,10.55,10.6
TAM-05,217,1.3,19.2,0.571,25,25.2,25.4,25,25.5
TAM-05,218,1.3,17.8,0.49,19.6,19.9,20.1,20.3,20.5
TAM-05,219,1.3,10.6,0.75,13.5,13.5,13.5,13.5,13.5
TAM-05,220,1.3,11.9,0.825,15.3,15.4,14.9,15.4,15.4
TAM-05,222,1.3,12.4,0.625,18.2,18,18,18.1,18
TAM-05,223,1.3,20,0.52261165,22.2,22.7,23.2,23.6,23.8
TAM-05,224,1.3,18.1,0.629,18.1,18.2,18.4,18.7,18.9
TAM-05,226,1.3,13.3,0.754235294,12.9,12.7,12.9,12.9,12.9
TAM-05,227,1.3,15.2,0.629,35.4,35.2,35.3,38.1,NaN
TAM-05,228,1.3,14.4,0.62,18.2,18.4,18.8,19,19.2
TAM-05,229,1.3,11.6,0.75,21.7,21.7,21.8,21.7,21.7
TAM-05,230,1.3,13.1,0.62,18.1,18.2,18.4,18.45,18.6
TAM-05,231,1.3,13.3,0.69625,11.4,11.2,11.4,11.3,11.3
TAM-05,232,1.3,20.3,0.77675,22.9,22.7,22.8,22.8,22.8
TAM-05,232.1,1.3,9.1,0.548492754,10.2,10.1,10.3,10.3,10.5
TAM-05,232.2,1.3,12.3,0.614666667,10.9,11.2,11.4,11.7,12
TAM-05,233,1.3,27.2,0.38,34.9,34.9,35.3,35.9,36
TAM-05,235,1.3,17.4,0.436,21.6,23.3,24.6,25.8,26.5
TAM-05,237,1.3,12.7,0.717333333,22.3,22.7,22.7,23,23.1
TAM-05,238,1.3,19.9,0.42656962,16.1,16.1,16.2,16.3,16.3
TAM-05,239,1.82,NaN,0.436,30.1,30.1,30.1,NaN,NaN
TAM-05,240,1.3,15.2,0.615,13,13.1,13.1,13,13
TAM-05,241,1.3,11.3,0.782736842,11.4,11.5,11.5,11.5,11.5
TAM-05,242,1.3,13.7,0.614666667,16.7,17.4,16.9,17.5,17.5
TAM-05,243,1.3,11,0.5635,13.4,13.4,13.4,13.55,13.6
TAM-05,244,1.2,15.6,0.825,18.2,18.2,18.4,18.6,18.6
TAM-05,245,1.3,13.6,0.8164,13,13.1,13.4,13.7,13.9
TAM-05,247,1.3,22.8,0.637,13,13.5,13.7,13.8,14
TAM-05,248,1.3,17,0.436,16.5,16.6,16.8,17.35,17.65
TAM-05,249,1.3,20,0.727,29,29.1,29.3,29.6,29.5
TAM-05,250,1.3,17.4,0.852083333,28,28.4,28.6,28.8,28.8
TAM-05,250.1,1.3,12.1,0.42,11.2,12,12.4,12.6,12.8
TAM-05,252,1.3,12.4,0.575268293,17,17.4,17.8,18.7,19.3
TAM-05,252.1,1.3,9.7,0.56,11.4,11.5,11.5,11.5,11.55
TAM-05,252.2,1.3,7.1,0.63,11.5,11.4,11.5,12.5,12.5
TAM-05,253,1.3,12.2,0.625,13.6,13.8,13.8,13.8,13.7
TAM-05,255,1.3,23.9,0.622122807,19.6,19.7,19.8,19.9,20
TAM-05,256,1.3,11,0.615,12.6,12.7,12.9,13.1,13.3
TAM-05,258,1.3,15.9,0.657272727,26.9,26.9,26.9,27.95,28
TAM-05,259,2.15,20.1,0.598571429,31.5,31.3,31.3,31.6,33.7
TAM-05,261,1.3,7.2,0.52261165,12.4,10.4,10.4,10.55,10.6
TAM-05,262,1.3,11.8,0.511153846,16.5,16.6,16.5,16.5,16.5
TAM-05,263,1.3,11.7,0.625,20.3,20.2,20.2,20.2,20.3
TAM-05,263.1,1.3,10.4,0.836190476,10.3,10.3,10.5,10.7,10.7
TAM-05,263.2,1.3,9.8,0.63697784,NaN,9.2,9.3,9.4,9.4
TAM-05,264,3.5,19.3,0.436,34.3,34.7,35.1,35.7,35.7
TAM-05,266,1.3,13.7,0.852083333,12.9,12.8,12.8,12.9,13
TAM-05,268,1.3,5.9,0.49,10.8,10.7,10.7,10.7,10.7
TAM-05,269,1.3,28.3,0.38,48.5,49.3,49.7,50.7,50.7
TAM-05,270,1.3,15.5,0.811142857,19.8,19.4,19.6,19.6,19.6
TAM-05,271,1.3,12.5,0.8705,12.9,12.8,13,13,13
TAM-05,272,1.3,15.8,0.8705,13.5,13.4,13.6,13.7,13.5
TAM-05,273,1.3,8.1,0.618444444,10.5,10.3,10.4,10.4,10.4
TAM-05,274,1.3,14.4,0.633333333,19.9,18.6,18.6,18.6,18.6
TAM-05,275,1.3,28,0.657272727,39.2,39.2,39.4,39.5,39.5
TAM-05,276,3.4,24.3,0.52261165,40.8,41.1,41.1,41.1,41.3
TAM-05,277,1.3,6.8,0.571,10.4,10.2,10.2,10.2,10.2
TAM-05,278,1.3,19.2,0.8164,12.6,12.7,12.7,12.6,12.7
TAM-05,279,1.3,15.7,0.571,20.6,20.9,21,21.3,21.6
TAM-05,279.1,1.3,12.3,0.436,10.8,10.9,10.9,11,11
TAM-05,280,1.3,13.2,0.75,19.8,20,20.1,19.9,20.15
TAM-05,281,1.3,17.9,0.657272727,22.5,22.7,22.7,22.85,22.9
TAM-05,282,2,27.3,0.698916667,64,64.1,65.3,65.9,71.2
TAM-05,283,1.3,14.1,0.625,19.1,19.1,19.1,19.2,19.1
TAM-05,284,1.3,16.4,0.38,23.7,24.2,24.8,24.95,25.3
TAM-05,285,1.83,22.4,0.736666667,50.7,51.3,51.7,52.25,52.7
TAM-05,286,1.3,NaN,0.713,10,10.1,NaN,NaN,NaN
TAM-05,287,1.3,9.9,0.57,12.5,11.5,11.6,11.45,NaN
TAM-05,287.1,1.3,13.8,0.436,12.6,13.3,13.6,14.2,14.4
TAM-05,288,1.3,NaN,0.56,11.2,11.2,11.3,11.4,NaN
TAM-05,289,1.3,4.8,0.691083333,13.5,13.4,13.6,13.7,13.9
TAM-05,290,1.6,13.4,0.350666667,62.6,62.6,62.7,63.8,62.8
TAM-05,290.1,NaN,NaN,0.6815,NaN,NaN,NaN,NaN,17.2
TAM-05,291,1.3,22.6,0.637,11.9,12.1,12.4,12.45,12.6
TAM-05,292,1.3,9.7,0.436,21.3,21.9,22.5,23,23.55
TAM-05,293,1.6,16,0.3604,50.5,51,51,51.15,51.2
TAM-05,294,1.3,25.7,0.629,23.6,23.6,23.6,23.7,NaN
TAM-05,295,1.3,22.2,0.629,25.1,25.1,25.2,25.4,25.8
TAM-05,296,1.3,23.9,0.629,12.5,12.5,13,13.3,13.7
TAM-05,297,1.87,14.6,0.622122807,39.9,41.2,41.2,41.4,NaN
TAM-05,297.1,1.3,7.7,0.510488636,10.2,10.1,10.2,10.2,10.2
TAM-05,298,1.3,20.7,0.659,25.9,26.2,26.8,27.2,27.2
TAM-05,298.1,1.3,12.2,0.466625,13.5,13.6,13.9,14.2,14.6
TAM-05,299,1.3,17.9,0.629888889,20.8,20.7,20.9,21.5,21.5
TAM-05,300,1.3,29.3,0.629,42.5,42.4,42.6,43,43
TAM-05,300.1,1.3,7.1,0.633333333,10.3,10.5,10.7,10.9,11.1
TAM-05,302,1.3,9.6,0.727,14.2,14,14.1,15,15
TAM-05,304,1.3,20.5,0.647875,16.3,16.3,16.4,16.65,16.7
TAM-05,306,1.3,24.6,0.589066667,51.3,51.4,51.9,52.1,52.1
TAM-05,307,4.25,15.4,0.52261165,50.8,51,51.2,51.1,51.6
TAM-05,308,1.3,22.2,0.825,20.7,20.7,20.7,20.7,20.7
TAM-05,308.1,1.3,14.1,0.436,10.2,10.3,10.5,10.7,10.8
TAM-05,309,1.3,14,0.66025,15.3,15.2,15.4,15.6,15.7
TAM-05,310,1.3,22,0.510488636,23.9,23.8,23.8,23.85,23.9
TAM-05,311,1.3,18.3,0.852083333,13.5,13.4,13.5,13.5,14
TAM-05,312,1.3,16.6,0.618444444,30.1,30.2,30.3,30.4,30.4
TAM-05,313,1.3,20.2,0.633333333,15.4,15.5,15.7,15.8,16.15
TAM-05,314,1.3,16.3,0.56,11.4,11.4,11.4,11.45,11.5
TAM-05,315,1.3,9,0.66025,25,25.1,25.4,25.4,25.4
TAM-05,315.1,1.3,18.2,0.633264495,NaN,9.9,10.1,10.15,10.4
TAM-05,316,1.3,8.7,0.436,13.3,13.5,13.6,13.7,13.8
TAM-05,318,1.3,5.2,0.6,10.4,10.3,10.4,10.5,10.5
TAM-05,319,3.85,14.6,0.3,55.8,55.8,55.8,56,56.1
TAM-05,321,1.3,12.7,0.895,16.1,16.1,16.1,16.1,16.15
TAM-05,322,1.3,18.1,0.615,23.6,20.5,20.7,20.7,20.7
TAM-05,322.1,1.3,10.2,0.615,12.7,20.6,13,13.15,13.2
TAM-05,323,1.3,14.6,0.54325,22.3,22.4,22.4,22.5,22.5
TAM-05,324,1.3,2.7,0.88,11.9,12,12,11.9,12.8
TAM-05,326,1.3,10.9,0.6,21.8,21.7,21.7,21.7,21.7
TAM-05,327,1.3,13.7,0.436,14.3,15,15.5,15.5,15.65
TAM-05,328,1.3,18.6,0.629,32.2,32.8,33.2,33.8,34.1
TAM-05,329,1.3,7.4,0.952428571,22.9,22.9,23,22.95,23
TAM-05,330,1.3,11.2,0.436,22,22.2,22.6,23,23
TAM-05,331,1.3,14.6,0.5635,35.8,36.2,36.2,37.3,37.3
TAM-05,332,1.55,19.9,0.436,25.9,26.4,27,27.55,28
TAM-05,333,1.3,12,0.42,10.6,10.6,10.5,10.8,10.8
TAM-05,334,1.3,13.7,0.571,16.1,16.1,16.2,16.3,16.3
TAM-05,335,1.3,20.9,0.387666667,15.6,15.6,15.7,15.6,15.6
TAM-05,336,1.3,11.1,0.6815,25.2,25.3,25.3,25.2,25.2
TAM-05,336.1,1.3,14.6,0.37,10.2,10.4,10.7,11.1,11.4
TAM-05,337,1.77,33.8,0.5038,94.6,96.1,97.9,99.9,101.8
TAM-05,338,1.85,18,0.42,34.5,34.5,34.6,34.7,34.7
TAM-05,339,1.3,17.2,0.629,22.5,23,23.7,24,24.2
TAM-05,340,1.3,NaN,0.633333333,12.9,12.8,12.8,NaN,NaN
TAM-05,341,1.65,16.2,0.38,12,12,12.2,12.15,12.5
TAM-05,341.1,1.3,15.7,0.678144059,10.9,11,11.1,11.6,11.8
TAM-05,342,1.3,24.5,0.37,26.4,26.6,27,26.65,27.6
TAM-05,343,1.3,15.8,0.52261165,17.6,18.2,19.1,20.8,20.8
TAM-05,345,1.3,4.5,0.597423077,10.6,10.5,10.6,10.8,10.8
TAM-05,346,1.3,16.3,0.645,15.9,15.9,16.6,16.4,16.4
TAM-05,347,1.3,16,0.66025,25.5,25.6,25.6,25.45,25.5
TAM-05,348,1.3,10.9,0.825,17.5,17.5,17.6,16.2,17.5
TAM-05,349,1.3,11.5,0.571,19.1,19.1,19.2,19.3,19.3
TAM-05,350,1.3,11,0.825,13.5,13.6,13.7,13.8,13.9
TAM-05,351,1.3,28.9,0.942333333,35.5,35.7,36,36.2,36.2
TAM-05,352,1.3,25.8,0.8,30.8,31,31.1,31.15,31.3
TAM-05,353,1.3,8,0.633333333,12,12.2,12.6,12.55,12.9
TAM-05,354,1.3,12.3,0.713,9.4,9.6,9.5,9.5,9.5
TAM-05,355,1.3,12,0.8164,11.9,11.8,11.9,12.2,12.2
TAM-05,356,1.3,11.9,0.562571429,12.6,12.8,13,13.3,13.4
TAM-05,356.1,1.3,8.7,0.571,10,9.7,9.8,9.7,9.7
TAM-05,357,1.3,3.7,0.7115,12.7,12.9,12.9,12.8,12.9
TAM-05,358,1.69,20.2,0.436,29.9,30.5,30.9,31.65,31.8
TAM-05,358.1,1.58,13.6,0.387666667,13.6,13.7,13.7,14.1,14.1
TAM-05,359,1.3,13.6,0.727,10.4,10.4,10.5,10.5,10.5
TAM-05,360,1.7,32,0.638,78,77.9,78.5,78.7,78.7
TAM-05,361,1.3,19.3,0.436,17.6,18.3,18.9,19.35,19.75
TAM-05,362,1.3,22.2,0.8705,22.1,22.3,22.5,22.7,22.8
TAM-05,363,1.3,5.5,0.633333333,10.8,10.8,10.9,10.8,10.8
TAM-05,364,1.3,24,0.629,19.1,19.2,19.3,19.75,19.8
TAM-05,365,1.3,17.9,0.8705,22.8,22.9,23,23.2,23.2
TAM-05,366,1.3,19.8,0.637,21.1,21.6,22.1,22.4,22.7
TAM-05,368,1.3,17,0.6,25.2,25.1,25.1,25.5,25.5
TAM-05,369,1.3,6.9,0.5,12,12,12,NaN,NaN
TAM-05,370,1.35,14,0.436,24.3,25.1,25.3,25.8,25.9
TAM-05,372.1,1.3,21.1,0.678144059,10.8,10.9,11,11.1,11.4
TAM-05,373,1.3,15,0.37,13.6,14.2,14.3,14.6,14.9
TAM-05,374,1.3,16.5,0.37,19.1,20.4,21.4,22.5,23.1
TAM-05,376,1.3,8.8,0.57,12.4,12.7,12.8,13.05,13.1
TAM-05,377,1.3,NaN,0.38,14.8,15,15,15,NaN
TAM-05,380,1.3,18.2,0.571,21.9,22,22.1,22.2,22.1
TAM-05,381,2.27,17.5,0.267,18.2,17.9,18.6,18.6,18.6
TAM-05,382,1.3,10.5,0.713,10.6,10.6,10.6,10.65,10.7
TAM-05,383,1.3,14,0.445375,17.8,17.8,18.1,18.1,18.2
TAM-05,384,1.3,14.4,0.629,12.4,12.7,12.9,13.1,13.3
TAM-05,385,1.65,19.9,0.436,45.1,45.6,46.4,47.1,47.4
TAM-05,386,1.3,12,0.37,15.1,15,15.1,15.2,15.2
TAM-05,387,1.3,10.2,0.747794521,10.3,10.4,10.4,10.3,10.3
TAM-05,388,3.6,21.3,0.606714286,47.4,47.7,47.7,47.8,47.8
TAM-05,389,1.3,10.3,0.691083333,11.7,11.7,11.8,11.84,11.8
TAM-05,390,1.3,14.3,0.52261165,15.7,16,16.3,16.6,16.7
TAM-05,390.1,1.6,11.5,0.799216,NaN,9.1,9.2,9.2,9.2
TAM-05,392,1.3,10.9,0.622769231,11.6,11.6,11.7,12,12
TAM-05,393,1.3,8.4,0.571,14,14,14,13.9,14
TAM-05,395,1.3,18.6,0.425,15.4,16,16.5,16.85,17.1
TAM-05,397,1.3,15.4,0.852083333,14.5,14.3,14.3,14.35,14.4
TAM-05,398,1.3,24.3,0.825,33.8,23.8,24.1,24.4,24.4
TAM-05,399,1.3,16.7,0.629,16.4,16.7,16.9,17,17.3
TAM-05,401,1.86,30.8,0.88,37.5,37.4,37.6,37.7,37.8
TAM-05,401.1,1.3,14.8,0.53,10.1,10.2,10.2,10.5,10.5
TAM-05,403,1.3,9.4,0.61944,9.7,9.8,10,9.85,9.8
TAM-05,404,1.3,15.3,0.9385,20,20.1,20.2,21.1,21.1
TAM-05,405,1.3,17.3,0.629,14.7,14.9,14.9,15,15
TAM-05,406,1.3,15.2,0.637,15.9,16.1,16.8,16.3,16.7
TAM-05,407,1.3,15,0.589066667,21,21.3,21.6,21.8,21.8
TAM-05,408,1.3,20,0.8164,41.5,41.9,42.3,43.1,43.1
TAM-05,409,1.3,15.4,0.8435,14.3,14.4,14.5,14.6,14.8
TAM-05,410,1.3,22.9,0.657272727,28.5,29.5,30.1,31,31.1
TAM-05,411,1.3,7.4,0.7325,11.7,11.9,11.8,11.7,11.7
TAM-05,413,1.3,15.8,0.571,13.2,13.4,13.6,13.5,13.5
TAM-05,414,1.69,17.4,0.436,20.4,21.4,21.7,22.1,22.6
TAM-05,415,1.3,11.4,0.579769231,13.7,14.1,14.4,14.7,14.8
TAM-05,415.1,1.3,10,0.436,10.8,11.1,11.2,11.5,11.6
TAM-05,416,1.3,20.5,0.589066667,26.4,26.8,28.2,28.9,29.55
TAM-05,416.1,1.3,12.9,0.61,11,11.6,12,12.4,12.8
TAM-05,417,1.3,11.2,0.6815,18.2,18.2,18.2,18.3,18.3
TAM-05,418,1.3,14.5,0.852083333,12.3,12.5,12.7,12.7,12.9
TAM-05,419,1.3,15,0.579769231,14.5,14.7,14.9,15.1,15.2
TAM-05,420,1.3,NaN,0.355666667,16.2,16.2,NaN,NaN,NaN
TAM-05,424,1.3,17.8,0.436,25.6,26.3,27,27.5,28.2
TAM-05,425,1.3,43.8,0.6405,10.1,10.1,10.1,10,10.1
TAM-05,426,1.3,43.8,0.6,18.4,18.4,18.5,18.6,18.6
TAM-05,427,1.3,7.9,0.57,14.1,14.3,14.3,14.3,14.3
TAM-05,428,1.3,9.3,0.23,11.5,11.5,NaN,NaN,NaN
TAM-05,429,1.3,28.9,0.638,12.1,121.1,121.8,121.7,122.5
TAM-05,431,3.25,24.2,0.698916667,53.8,54.4,55.2,56.3,56.3
TAM-05,432,1.3,6.8,0.69625,11.4,11.4,11.4,11.4,11.4
TAM-05,432.1,1.3,8.6,0.633333333,10.1,10,10.1,10.3,10.5
TAM-05,434,1.3,13.3,0.622122807,13.6,13.9,14.2,14.5,14.7
TAM-05,435,1.3,12.3,0.836190476,17.5,17.5,17.8,17.7,17.8
TAM-05,436,1.3,16.3,0.436,18,18.3,18.5,18.5,18.8
TAM-05,438,1.3,18.2,0.615,18.9,19.2,19.3,19.2,19.4
TAM-05,440,1.3,18.4,0.56,18.6,18.9,19.3,19.2,19.6
TAM-05,441,1.3,13.4,0.697182292,14.2,14.3,14.3,14.4,14.6
TAM-05,442,1.45,16.3,0.592333333,46.2,37,47.1,47.3,48
TAM-05,443,1.3,15.7,0.593959184,26.3,26.7,26.9,26.9,26.9
TAM-05,444,1.3,12.2,0.436,23.9,24.2,24.5,25.1,NaN
TAM-05,445,1.3,16,0.557333333,35.8,38.9,42.2,46.2,49.5
TAM-05,445.1,1.3,12.7,0.8705,12.3,12.8,13.3,14.1,14.6
TAM-05,446,1.3,14.2,0.445375,26.1,27,27.5,27.6,27.9
TAM-05,446.1,NaN,NaN,0.579385555,NaN,NaN,NaN,NaN,10.65
TAM-05,447,1.5,4.9,0.808782609,11.6,11.3,NaN,NaN,NaN
TAM-05,448,1.3,5.9,0.52239801,19.3,19.2,19.3,19.3,20.3
TAM-05,448.1,NaN,NaN,0.444604162,NaN,NaN,NaN,NaN,12.6
TAM-05,449,1.3,14.4,0.717333333,23.3,23.6,23.9,24.3,24.3
TAM-05,452,1.3,9.2,0.782736842,17.3,17.4,17.5,17.6,17.8
TAM-05,453,1.3,11,0.69625,15.1,15.3,15.3,15.2,15.3
TAM-05,453.1,NaN,NaN,0.77,NaN,NaN,NaN,NaN,11.4
TAM-05,453.2,NaN,NaN,0.578435,NaN,NaN,NaN,NaN,10.5
TAM-05,454,1.3,16.7,0.37,33.4,34.2,35.2,36,36.5
TAM-05,454.1,NaN,NaN,0.444604162,NaN,NaN,NaN,NaN,11
TAM-05,456,1.3,12.5,0.808782609,15.9,16.5,16.7,16.4,16.7
TAM-05,459,1.3,9,0.579769231,17.9,18,18,18,18
TAM-05,460,1.3,11.3,0.616666667,16.5,16.8,16.9,16.8,17
TAM-05,462,1.3,16,0.37,19.4,20.6,21.6,22.6,23.5
TAM-05,463,1.3,12.6,0.52261165,16,16.6,17,17.9,18.5
TAM-05,465,1.93,22.6,0.657272727,29.6,29.9,30.2,30.3,30.8
TAM-05,467,1.3,19.3,0.697182292,13.5,13.6,14,14,14
TAM-05,468,1.3,10.6,0.618444444,21.7,21.7,21.8,21.6,21.7
TAM-05,469,1.3,13,0.625,15.9,15,15,14.9,14.9
TAM-05,471,1.3,11.2,0.6405,12.8,12.6,12.6,12.7,12.7
TAM-05,472,1.3,15.2,0.510488636,15,15,15,14.9,15.1
TAM-05,473,1.3,16.2,0.791314286,13.1,12.9,13,13.3,13.3
TAM-05,474,1.3,13,0.7,10.5,10.5,10.5,10.4,10.4
TAM-05,475,1.3,8.3,0.727,17,16.9,17,16.9,17
TAM-05,476,1.3,14.3,0.96,12.3,12.2,12.2,12.4,12.4
TAM-05,477,1.3,20.1,0.585428571,25.5,25.7,25.8,26,26.4
TAM-05,480,1.3,14.2,0.511153846,13.1,13.1,13.1,13.1,13.3
TAM-05,481,1.3,NaN,0.629,34.5,34.4,NaN,NaN,NaN
TAM-05,481.1,1.3,11.2,0.558533955,NaN,10.2,10.4,10.5,10.8
TAM-05,482,1.3,13.9,0.571,16,16.2,16.5,16.9,17.3
TAM-05,483,1.3,25.1,0.425,36.9,37.1,37.4,38,38
TAM-05,485.1,1.3,14.8,0.564472119,10.7,11.3,11.7,12.3,13
TAM-05,486,1.3,12.4,0.6405,14.5,14.6,14.6,14.6,14.8
TAM-05,486.1,NaN,NaN,0.518670638,NaN,NaN,NaN,NaN,11
TAM-05,488,1.3,12.3,0.633333333,13.2,13.6,13.8,13.9,14.2
TAM-05,489,1.3,13.2,0.825,17,17.2,17.3,17.5,17.9
TAM-05,490,1.3,17.6,0.637,14.4,14.7,15,15.4,15.5
TAM-05,491,1.3,19.9,0.622769231,34.7,35.5,36.7,37.7,39.5
TAM-05,492,1.3,14.1,0.37,17.6,18,118.5,18.8,19
TAM-05,493,1.3,NaN,0.589066667,17,17.1,17.2,NaN,NaN
TAM-05,493.1,1.3,8.3,0.557333333,NaN,10.5,10.7,10.9,11.1
TAM-05,494,1.33,23.1,0.571,47.8,47.9,48.4,49.1,49.1
TAM-05,495,1.3,22.3,0.786714286,41.3,41.7,41.8,42.1,42
TAM-05,496,1.3,15.1,0.8164,17,17.1,17.2,17.5,17.5
TAM-05,497,1.3,15.5,0.657272727,30.8,31.5,32.3,32.5,32.6
TAM-05,498,1.3,12.9,0.436,16.2,16.5,16.8,17,17.3
TAM-05,499,1.3,15.2,0.629,15.9,15.8,15.8,15.9,15.9
TAM-05,500,1.3,12.3,0.618444444,19,19,19,18.9,18.9
TAM-05,501,1.3,14.3,0.637,20.6,22,23.4,24.9,25.9
TAM-05,502,1.3,10.7,0.629,11.5,11.5,11.5,11.7,11.9
TAM-05,505,1.3,11.2,0.510488636,13.5,13.5,13.9,14.1,14.5
TAM-05,507,1.63,22.1,0.267,26.4,26.5,26.5,26.6,26.6
TAM-05,508,1.67,18.2,0.267,20.8,20.7,20.8,20.7,20.7
TAM-05,509,1.3,13.6,0.42656962,11.8,12.4,12.8,13.1,13.6
TAM-05,510,1.77,10.6,0.657272727,18.8,19,19.8,20.4,20.9
TAM-05,512,1.3,13.2,0.436,13.8,14.1,14.3,14.5,14.6
TAM-05,513,1.3,18.3,0.8164,21.7,21.8,21.8,21.8,21.8
TAM-05,514,1.3,18.9,0.629,16.5,16.8,17,17.3,17.8
TAM-05,515,1.92,19.1,0.267,23.7,23.6,23.7,24.05,24.1
TAM-05,516,1.3,14.5,0.540586207,11.4,11.6,11.6,11.5,11.5
TAM-05,517,1.3,23.4,0.589066667,30.2,30.5,31.1,32,32.1
TAM-05,518,1.3,14.1,0.387666667,18.3,18.3,18.3,18.3,18.3
TAM-05,519,1.3,12.2,0.579769231,10.4,10.5,10.6,10.5,10.7
TAM-05,520,1.3,24.4,0.805,23.6,23.9,24.2,24.5,24.6
TAM-05,520.1,1.3,6.2,0.52,10,9.7,9.7,9.8,9.8
TAM-05,521,1.3,24,0.436,25.9,26.6,27.3,28.1,28.4
TAM-05,521.1,1.3,12.5,0.511153846,11.1,11.3,11.4,11.3,11.4
TAM-05,522,1.3,8.3,0.42,13.5,13.4,13.4,NaN,NaN
TAM-05,523,1.6,18.2,0.267,21.4,21.2,21.4,21.4,21.5
TAM-05,524,1.3,24,0.552857143,19.8,20.7,21.5,22.4,23.5
TAM-05,525,1.3,11.6,0.77,12.8,12.7,12.7,12.7,12.7
TAM-05,526,1.3,13.2,0.5785,11.1,1.4,11.4,10.6,11.45
TAM-05,527,1.3,15,0.436,19.1,19.8,20.1,20.4,20.45
TAM-05,528,1.3,13.2,0.436,12,12.1,12.3,12.2,12.25
TAM-05,529,1.3,14.5,0.575268293,33.5,33.3,33.5,33.6,33.9
TAM-05,530,1.3,9.5,0.6405,11.8,11.9,12.1,12.1,12.2
TAM-05,531,1.3,14.9,0.3,17,17.1,17.1,17.1,17.1
TAM-05,531.1,NaN,14.4,0.436,NaN,NaN,10.3,11,10.4
TAM-05,532,1.3,16.2,0.48275,23.5,23.5,24,24.2,24.2
TAM-05,533,1.3,14.6,0.895,18.8,18.1,18.1,18,18
TAM-05,534,1.3,20,0.540586207,14.7,14.8,15,15.3,15.4
TAM-05,535,1.3,21.9,0.66025,24.3,24.4,24.7,25.1,25.1
TAM-05,536,1.3,12.2,0.6556,17.2,17.3,17.7,17.7,18.2
TAM-05,544,1.3,16.7,0.825,19.6,19,19.5,20.5,20.5
TAM-05,544.1,NaN,7.8,0.713,NaN,NaN,10.2,10.3,10.2
TAM-05,545,1.3,11.1,0.622122807,13.1,13.2,13.5,13.7,13.9
TAM-05,546,1.3,13.9,0.622122807,24.6,26,26.5,26.9,27.2
TAM-05,547,1.3,12.2,0.52239801,20.5,20.6,20.6,20.9,20.9
TAM-05,549,1.3,13.5,0.758333333,11.5,11.6,11.7,11.8,11.9
TAM-05,550,1.3,26,0.69,53.7,50.3,54.7,55.1,56.1
TAM-05,550.1,1.3,7.1,0.51772,10.2,10.2,10.3,10.5,10.5
TAM-05,551,1.3,7.6,NaN,9.9,9.1,9.2,9.2,9.2
TAM-05,552,1.3,7.2,0.42,10.2,10.1,10.3,10.2,10.2
TAM-05,554,1.3,24.1,0.6556,44.7,44.8,45.2,45.2,45.5
TAM-05,555,3.25,43.3,0.5038,109.3,109,112.4,112.4,112.4
TAM-05,557,1.3,4.8,0.47,10.7,10.7,10.8,10.8,10.8
TAM-05,558,1.3,3.9,0.694704545,13.3,13.2,13.2,13.1,13.2
TAM-05,559,1.3,14.2,0.37,20.1,20.7,21.5,22.1,22.5
TAM-05,560,1.4,19.2,0.8164,36.7,37.1,37.4,37.6,37.8
TAM-05,560.1,1.3,10.3,0.510488636,10,9.9,10.1,10.2,10.2
TAM-05,564,1.7,20.5,0.267,20.8,21,21.5,21.6,22.6
TAM-05,565,2.07,17.6,0.825,24.4,24.6,24.3,24.6,24.6
TAM-05,566,5.25,23.2,0.479,58,54.8,54.9,55.1,55.1
TAM-05,568,1.3,18,0.597423077,17.9,17.8,18,18.1,18.5
TAM-05,569,1.3,2,0.665902439,10.9,10.9,11.1,11,11
TAM-05,570,1.3,25,0.678144059,38.7,39.2,39.8,40.5,41
TAM-05,570.1,1.3,13.9,0.629,12,12.1,12.6,13,13.4
TAM-05,570.2,1.3,14.6,0.387666667,10.5,11.6,12.6,13.2,15.7
TAM-05,570.2,1.3,14.6,0.387666667,12.5,12.9,13,13,13
TAM-05,571,1.3,12.1,0.628,17.8,17.8,17.8,17.9,17.9
TAM-05,572.1,1.3,19.7,0.825,15.2,15.6,16.2,16.7,17.3
TAM-05,572.2,1.3,13,0.825,10,10.2,10.4,10.6,10.6
TAM-05,575.1,1.3,17.2,0.790333333,11.3,11.3,11.4,11.4,11.5
TAM-05,578,4.4,20.6,0.42,32.1,28.1,28.5,28.8,28.8
TAM-05,579,1.3,12.5,0.625,13.3,13.2,13.2,13.2,14.3
TAM-05,579.1,NaN,20.2,NaN,NaN,NaN,NaN,10.3,10.35
TAM-05,580.1,1.3,7.9,0.51772,10.9,10.8,10.9,11.5,11.5
TAM-05,581,1.3,32,0.637,51.3,51.1,51.5,51.1,52.2
TAM-05,582,1.3,14.3,0.622122807,28,28.5,29.6,29.7,31.4
TAM-05,583,1.3,14.5,0.436,13.7,14.3,15,15.9,16.5
TAM-05,583.1,1.3,13.6,0.61,11.3,12,12.8,14.2,15.6
TAM-05,583.2,NaN,NaN,NaN,NaN,NaN,NaN,NaN,10.2
TAM-05,584,1.3,26.3,0.52261165,40.2,41.2,42,42.7,43.4
TAM-05,585,1.3,21.2,0.589066667,21.9,22.4,23.4,24,24.3
TAM-05,586,1.3,16,0.589066667,18.5,18.7,19,19.3,19.6
TAM-05,587,1.3,14.8,0.54325,14.7,14.7,15.2,16,16
TAM-06,1,1.3,23.2,0.8345,45.4,45.7,46,46.1,46.7
TAM-06,1.1,1.3,13.3,0.633333333,11,11.8,11.7,12,12.5
TAM-06,2,1.3,19.5,0.59,14.6,15.5,15.9,16.05,16.2
TAM-06,2.1,NaN,13.1,NaN,NaN,NaN,NaN,10.3,10.4
TAM-06,3,1.3,13,0.706952381,12.1,12.3,12.4,12.57,12.85
TAM-06,4,3.33,19.3,0.23,16.5,16.5,16.5,16.7,16.7
TAM-06,5,1.3,13.3,0.7685,19.5,19.4,19.3,19.4,19.4
TAM-06,6,1.3,17.6,0.42656962,21,21.7,22,23.2,23.9
TAM-06,6.1,1.3,14.6,0.6004,11.4,11.7,11.7,12.2,12.75
TAM-06,6.2,1.3,13,0.717333333,13.1,13.6,14.2,14.8,15.5
TAM-06,6.3,1.3,9.4,0.767443366,10,9.9,9.9,9.9,10.1
TAM-06,8,1.3,14.9,0.61,15,15,15.1,15.21,15.3
TAM-06,9,1.3,4.1,0.515,10.1,10,10.2,10,10.1
TAM-06,10,1.3,4.7,0.515,12.3,14,14.2,14.5,14.6
TAM-06,10.1,1.3,5.4,0.756505263,10.4,10.8,11.1,11.2,11.4
TAM-06,11,1.3,16.9,0.665,16,17,18.7,18.82,19.5
TAM-06,12,1.3,14.4,0.267,23.7,23.7,23.8,23.75,23.75
TAM-06,13,1.3,13.3,0.68075,16.1,15.9,15.9,16.15,16.5
TAM-06,14,1.3,14.9,0.766,14.4,15.1,15.6,16.2,16.5
TAM-06,15,1.3,13.5,0.683,13.1,13.1,13.2,13.5,13.8
TAM-06,17,1.3,11.4,0.52261165,40.3,40.3,40.2,40.3,40.25
TAM-06,18,4.3,38.6,0.638,133.3,134.4,132.2,134,134.5
TAM-06,18.2,1.3,7.2,0.564472119,10,9.9,9.9,9.5,9.95
TAM-06,18.4,NaN,14.14,NaN,NaN,NaN,NaN,NaN,18.5
TAM-06,19,1.92,14.1,0.23,14.7,14.9,16.2,16.5,16.6
TAM-06,20,1.3,10,0.714372222,16.1,16.1,16.2,16.39,16.6
TAM-06,21,1.3,8,0.5675,13,13.1,13.8,13.9,14.15
TAM-06,22,1.3,7.5,0.3204,11.1,11.1,11.1,NaN,NaN
TAM-06,23.1,1.3,6.2,0.61,17.1,17.8,17.8,17.75,NaN
TAM-06,24,1.3,6.3,0.326,NaN,30.5,33.6,NaN,NaN
TAM-06,25,1.3,6.7,0.564472119,10.3,10.3,10.3,10.3,10.35
TAM-06,26,4.25,33.1,0.511153846,52.4,57.9,58.2,58.5,58.6
TAM-06,27,1.4,9.6,0.646666667,12.6,12.6,12.5,12.42,12
TAM-06,28,1.3,10.77,0.646666667,10.9,10.8,NaN,NaN,NaN
TAM-06,29,1.55,16.2,0.267,26.2,26.3,26.3,26.3,26.3
TAM-06,30,1.38,7,0.6,11.5,11.6,11.6,11.6,11.6
TAM-06,31,1.3,5.1,0.61,NaN,9.7,9.7,9.8,9.8
TAM-06,32,1.3,10.2,0.267,23.3,23.4,23.4,23.2,23.3
TAM-06,32.1,1.3,11.1,0.335,10.2,10.5,10.8,10.7,10.7
TAM-06,34,3.35,17,0.267,26.7,26.7,26.8,26.8,26.8
TAM-06,35,1.3,11.6,0.47,15.5,15.5,15.5,15.5,15.6
TAM-06,35.1,NaN,7.92,0.512246408,NaN,NaN,NaN,NaN,10.5
TAM-06,36,1.3,16.2,0.278333333,25.9,27.6,29,30.28,31.75
TAM-06,37,1.3,14.1,0.355666667,13.7,14,14,14.1,14.2
TAM-06,38,1.3,4.5,0.65,12.5,12.4,12.4,13,13
TAM-06,39,2,13.5,0.515,20.4,20.7,20.7,21.8,21.1
TAM-06,40,1.3,9.9,0.335,18,18,18,17.9,17.9
TAM-06,40.1,NaN,8.13,0.515,NaN,NaN,NaN,NaN,10.7
TAM-06,41,1.3,6,0.515,11.4,11.7,11.8,12.19,12.6
TAM-06,43,1.3,12.2,0.355666667,13.2,13.5,13.5,13.75,13.8
TAM-06,44,2.1,18.6,0.267,24.5,24.5,24.5,24.5,24.55
TAM-06,45,1.3,14.4,0.665,23.2,23.1,23.3,23.42,23.9
TAM-06,45.1,1.3,7.7,0.515,10.5,10.6,10.8,10.78,10.8
TAM-06,47,2.25,19,0.267,25.8,25.9,26.4,25.9,25.9
TAM-06,48,1.3,5.4,0.515,13.3,13.4,13.5,13.41,13.7
TAM-06,48.1,1.3,8.9,0.6,10.1,10.3,10.5,10.8,11.2
TAM-06,49.1,1.3,5.2,0.670538462,10.3,10.3,10.5,10.61,10.61
TAM-06,50,1.8,17,0.23,10,10,10.1,10.35,10.7
TAM-06,51,1.3,25.3,0.62,47,47.6,47.9,49.05,49.2
TAM-06,51.1,1.3,7.4,0.421,11,11.4,11.7,12.4,13.2
TAM-06,52,1.3,7.6,0.515,13,13.2,13.2,13.6,13.6
TAM-06,52.1,NaN,8.23,0.591571429,NaN,NaN,NaN,NaN,10.8
TAM-06,53,1.3,10.7,0.615,15.1,15.1,15.3,15.2,15.2
TAM-06,54,1.3,7.6,0.713922222,NaN,13.2,13.2,13.25,13.25
TAM-06,56,5.8,13.5,0.5285,22.1,22.1,22.8,23.8,24.2
TAM-06,57,1.6,21.2,0.3605,40.5,41.3,41.9,44.7,44.7
TAM-06,58,1.3,5.7,0.515,10.6,10.7,10.7,10.95,10.95
TAM-06,59,1.3,4.3,0.6,11.8,12,12.3,12.6,12.9
TAM-06,60,1.7,19.2,0.267,27.5,27.5,27.6,27.6,27.6
TAM-06,61,7.4,35.6,0.3465,74,74.1,74.8,75.5,75.5
TAM-06,61.1,1.3,11,0.335,11.5,11.8,12.1,12.3,12.8
TAM-06,62,1.3,26.8,0.678144059,34,33.9,34.3,34.7,35
TAM-06,63,1.3,10.9,0.267,29.4,29.4,29.4,29.3,29.4
TAM-06,64,1.3,2,0.515,11.2,11.2,11.2,11.21,11.21
TAM-06,66,1.3,10.3,0.278333333,31.5,32.2,32.9,33.1,33.4
TAM-06,67,1.3,10.8,0.335,14.4,14.6,14.9,15,15
TAM-06,68,1.3,11.2,0.523333333,14.5,16,16.5,16.98,17
TAM-06,69,1.3,7.9,0.747794521,NaN,12,12,12.4,12.5
TAM-06,70,1.3,5.5,0.508,14.4,14.6,14.6,14.55,15.25
TAM-06,71,3.7,20,0.23,12.9,12.9,12.9,13,13
TAM-06,72,1.3,22.6,0.42656962,43.5,43.3,43.4,43.8,43.55
TAM-06,73,1.3,14.5,0.4975,18.3,18.4,18.5,19.4,19.5
TAM-06,73.1,NaN,10.01,0.275464707,NaN,NaN,NaN,NaN,12.7
TAM-06,73.2,NaN,12.95,0.275464707,NaN,NaN,NaN,NaN,16.6
TAM-06,74,1.3,27.8,0.627217391,54.5,56.3,58.3,60.3,62.57
TAM-06,75,1.3,3.8,0.515,11.1,10.9,11,11,11.9
TAM-06,76,1.3,17.2,0.505785714,22.1,22.2,22.5,22.7,23.13
TAM-06,77,1.3,4.9,0.515,12.6,12.7,12.7,12.7,12.8
TAM-06,79,1.3,14.3,0.747794521,12.3,12.4,12.4,12.3,12.5
TAM-06,80,1.3,16,0.6004,27.2,27.2,27.4,27.4,27.5
TAM-06,81,1.54,15.92,0.766,19.6,19.4,19.4,NaN,NaN
TAM-06,82,1.3,15,0.646666667,19.6,20.4,21.1,21.9,22.5
TAM-06,82.1,1.3,11.6,0.383333333,11.6,12.1,12.9,13.7,14
TAM-06,83,1.3,9.9,0.629888889,12.5,12.7,12.8,12.8,12.8
TAM-06,84,1.3,9.5,0.675,12.8,12.9,12.9,12.9,12.9
TAM-06,85,1.3,10,0.616166667,14.4,14.6,14.9,15.1,15.4
TAM-06,85.1,1.3,12.7,0.564472119,10.3,11.1,12,13,13.65
TAM-06,86,1.3,11.7,0.514055556,23.2,23.3,23.3,23.4,23.4
TAM-06,86.1,1.3,14.4,0.514055556,13.7,14.2,14.5,14.6,14.7
TAM-06,87,1.3,8.2,0.515,13.1,13.2,13.3,13.1,13.1
TAM-06,88,1.3,9.1,0.766,12.8,12.8,12.8,12.8,12.9
TAM-06,89,1.3,5.5,0.515,10,10,10,10.7,10.7
TAM-06,89.1,1.3,6.1,0.53,10.4,10.4,10.4,10.3,10.4
TAM-06,90,1.3,16.2,0.6,29.4,30.2,31.5,34.1,34.5
TAM-06,90.1,1.3,2.7,0.515,10.1,10,10,10.29,10.29
TAM-06,92,1.85,30,0.706952381,50.5,50.9,50.9,51.25,51.2
TAM-06,93,1.3,14.2,0.42656962,25.6,25.6,25.7,25.8,25.8
TAM-06,93.1,NaN,7.5,0.610052842,NaN,NaN,NaN,NaN,10.1
TAM-06,94,1.3,5.4,0.515,13.1,13.1,13.3,13.2,13.2
TAM-06,95,1.3,10.9,0.47,15.8,15.7,16,16.2,16.2
TAM-06,96,1.3,20.4,0.808,22.6,22.8,22.9,23.1,23.3
TAM-06,97,4.85,17.9,0.71,34.5,34.7,34.9,35.3,35.4
TAM-06,98,1.3,7.3,0.633333333,22.2,22,22.1,22,22.3
TAM-06,99,1.3,6.4,0.515,13.2,13.1,13.2,13.15,13.25
TAM-06,100,1.3,15.8,0.606714286,25.8,25.8,25.8,26,26
TAM-06,101,1.3,9.1,0.515,14.7,14.9,14.9,15.2,15.2
TAM-06,102,2.6,14.5,0.23,14.5,14.5,14.6,14.7,14.7
TAM-06,103,1.3,12.4,0.64,15,15,15,15.1,15.1
TAM-06,104,1.3,22.3,0.8345,23.9,24.2,24.8,25.22,25.45
TAM-06,104.1,1.3,7.3,0.678144059,10.2,10.4,10.4,10.5,10.6
TAM-06,105,1.3,18,0.707857143,46.6,46.7,47,47,47
TAM-06,106,1.3,7.9,0.564472119,15.3,15.2,15.2,15.17,15.2
TAM-06,108,4.15,41.2,0.598571429,92.9,93,93.1,93.8,NaN
TAM-06,110,1.3,14.6,0.267,35.6,35.6,35.8,35.6,36.4
TAM-06,111,1.3,9.3,0.267,22.4,22.5,22.5,22.42,22.42
TAM-06,111.1,1.75,8.8,0.23,10,9.8,9.8,9.85,10.2
TAM-06,112,1.3,10.9,0.267,30.2,30,29.8,30.1,30.1
TAM-06,113,1.3,15,0.678144059,26.8,26.7,26.7,26.67,26.67
TAM-06,114,3.75,20,0.622122807,44.1,45.7,46.2,47,47.8
TAM-06,115,1.3,6.1,0.326,32.7,32.6,32.9,33,33
TAM-06,116,1.3,8.6,0.8345,22,22.1,22.2,22.12,22.35
TAM-06,117,1.35,17.1,0.678144059,39.8,40.3,40.8,40.7,41.3
TAM-06,118,7.6,42.8,0.411509804,195.5,195.9,198,198.5,199.8
TAM-06,118.1,1.3,2.9,0.61,10.5,10.6,10.7,10.8,10.8
TAM-06,119.1,1.3,7.3,0.63,10,10,10.1,10.6,11.05
TAM-06,120,1.95,7.2,0.23,11.1,11.2,11.2,11.12,11.2
TAM-06,121,1.3,9.7,0.267,20.3,20.5,20.5,20.45,20.6
TAM-06,122,1.3,22,0.606714286,26.7,27,27.5,27.4,28.1
TAM-06,123,1.3,6.4,0.515,12.1,13.2,13.4,13.5,13.8
TAM-06,126,1.3,13.4,0.383333333,13.7,14.2,14.9,15.5,15.9
TAM-06,126.1,1.3,10.7,0.383333333,10.7,10.8,11.1,11.7,12
TAM-06,127,1.3,24.2,0.6,28.3,28.3,28.5,28.3,28.45
TAM-06,128,1.3,9.2,0.335,15.1,15.2,15.4,15.5,15.7
TAM-06,128.1,1.3,7.2,0.5285,10.4,10.5,10.9,10.75,10.8
TAM-06,129,1.65,10.99,0.558533955,10.7,11,11.2,NaN,NaN
TAM-06,129.1,1.3,9.7,0.267,NaN,10.7,11.6,14.3,16.03
TAM-06,130,1.75,3.5,0.38625,29.6,31.2,31.2,NaN,NaN
TAM-06,131,1.3,8,0.515,10.4,10.3,10.3,10.5,10.07
TAM-06,132,1.3,14.9,0.562571429,14.2,14.1,14.1,14.7,14.8
TAM-06,133,1.75,27.3,0.69,40.7,46.4,47.8,51.6,51.6
TAM-06,134,1.3,9.2,0.564472119,12.7,12.9,13.1,13.9,13.93
TAM-06,135.1,1.3,7.7,0.267,16.3,17.9,19.9,21.7,22.7
TAM-06,135.2,1.95,7.5,0.23,10.7,12.4,13.2,16.8,17
TAM-06,135.3,1.3,5.2,0.267,NaN,10,10.9,10.7,11.05
TAM-06,136,2,26.7,0.609970588,45.3,46.8,47.7,48.8,49
TAM-06,137,1.3,12.24,0.326,NaN,38,39.1,NaN,NaN
TAM-06,138,1.3,18.9,0.65,29,28.9,29.2,30,30
TAM-06,139,2.2,12.7,0.267,17.8,17.7,17.8,17.8,17.8
TAM-06,140,1.3,7.2,0.646666667,10.7,10.7,10.7,10.2,10.7
TAM-06,141,1.3,18,0.646666667,30.4,31.1,31.9,32.2,33
TAM-06,141.1,1.3,11.9,0.42656962,11.1,11.4,12,12.2,12.6
TAM-06,141.2,1.3,8.3,0.494666667,10.5,10.8,11.1,11.3,11.3
TAM-06,141.4,NaN,8.43,0.275464707,NaN,NaN,NaN,NaN,11
TAM-06,142,1.3,14.1,0.267,26.1,26.1,26.3,26.2,26.2
TAM-06,143,3.4,11.5,0.23,14.7,14.7,14.7,14.8,14.8
TAM-06,144,1.3,10.3,0.564472119,15.5,15.5,15.8,16.4,16.4
TAM-06,145,1.3,9.6,0.267,22.7,22.7,22.9,22.9,22.95
TAM-06,146,1.3,11.5,0.6,21.9,22,22.2,22.3,22.3
TAM-06,147,1.3,10.5,0.62,20.1,20.1,20.2,20.5,20.5
TAM-06,148,1.3,5.5,0.515,12.8,12.9,13.1,13.2,13.3
TAM-06,150,1.3,10.1,0.616,28.7,28.7,28.37,28.65,28.75
TAM-06,151,1.3,7.6,0.572,16.9,17,17,17,17.1
TAM-06,151.1,1.3,5.6,0.267,NaN,10.5,11,11.8,12.3
TAM-06,153,1.3,12.5,0.616,27.4,27.6,27.8,26.4,28.05
TAM-06,153.1,1.3,6.3,NaN,NaN,11.7,11.9,11.83,11.73
TAM-06,154,1.3,14.3,0.618444444,12.1,12.3,12.6,13.1,13.5
TAM-06,155,1.7,11.1,0.23,12.2,15.5,16,16.7,16.7
TAM-06,156,1.3,8.9,0.805,21,21,21.1,21,21
TAM-06,156.1,1.3,4.8,0.267,10.1,10.5,10.9,11.8,12.25
TAM-06,158,1.3,22.8,0.267,24.3,24.2,24.2,24.3,24.2
TAM-06,159,2.23,26.3,0.41,59.4,59.8,59.8,60.3,60.3
TAM-06,161,1.3,8.9,0.575268293,15.1,15.1,15.2,15.8,15.8
TAM-06,162,1.3,25.3,0.54,32.1,32.1,32.4,32.7,32.7
TAM-06,163,1.3,10.3,0.564472119,12.2,12.5,12.7,12.8,12.8
TAM-06,164,1.3,8.4,0.6,11.9,12,12.1,12.28,12.4
TAM-06,166,1.3,17.7,0.782736842,37.5,37.5,37.7,37.9,37.9
TAM-06,167,3.5,22,0.267,24.7,24.7,24.7,24.7,24.7
TAM-06,168,1.3,17.5,0.278333333,28.8,29.3,29.9,30.2,30.3
TAM-06,169,1.3,8.5,0.267,22.1,22.4,22.6,22.7,22.7
TAM-06,170,1.3,7.9,0.5675,14.3,14.4,14.5,14.6,14.6
TAM-06,171,1.3,18,0.533,38.4,38.9,39.1,39.3,39.5
TAM-06,172,1.3,16.74,0.579769231,22.4,22.5,NaN,NaN,NaN
TAM-06,173,1.3,7,0.508,17,16.9,16.9,17.2,17.2
TAM-06,173.1,1.3,5.9,0.670538462,10,9.9,10,10.1,10.15
TAM-06,174,1.3,14.6,0.54,13.5,13.6,13.7,13.9,13.85
TAM-06,175,1.3,22.7,0.278333333,40.6,40.7,41,41.2,41.2
TAM-06,176,1.65,16.7,0.267,24.3,24.3,24.4,24.4,24.4
TAM-06,177,1.3,10,0.786714286,11.6,11.9,12,12.2,12.3
TAM-06,178,1.3,14.7,0.625,16,16.2,16.6,17.1,17.1
TAM-06,179,1.3,18.3,0.6,15.7,16,16,16,16
TAM-06,180,1.3,9.7,0.616666667,14.3,14.3,14.3,14.5,14.5
TAM-06,181,1.3,19.3,0.503909091,27.8,27.8,27.9,28,28
TAM-06,183,1.3,16,0.713,11.3,11.3,11.3,12.1,12.1
TAM-06,184,1.3,10.2,0.508,19.4,19.6,19.6,19.6,19.6
TAM-06,185,1.6,22.1,0.5125,40,40.1,40.2,40.3,40.4
TAM-06,186,1.3,9.2,0.508,16.9,16.9,16.9,17,17.75
TAM-06,187,1.3,20.5,0.942333333,35.4,35.8,36.2,36.4,36.9
TAM-06,188,1.3,17.9,0.267,28.1,28,28,28.1,28.3
TAM-06,189,1.3,8.3,0.508,18.3,18.3,18.4,18.4,18.4
TAM-06,191,1.3,13.4,0.7685,30.9,31.1,31.1,32.5,31.3
TAM-06,192,1.3,26.3,0.678144059,43.1,43.3,43.7,44.5,44.95
TAM-06,192.1,1.3,4.3,0.515,10.5,10.6,10.6,10.6,10.5
TAM-06,193,1.3,4,0.515,11.1,11.2,11.3,11.2,11.2
TAM-06,194,1.3,4.9,0.562571429,47.1,47.1,47.3,47.85,47.85
TAM-06,195,1.3,20.2,0.515,12.1,12.3,12.3,12.35,12.6
TAM-06,196,2.7,28.3,0.852083333,52.8,53,53.6,54.8,54.1
TAM-06,198,1.3,16.4,0.455833333,18.1,19.1,19.5,19.44,19.9
TAM-06,199,1.3,11.6,0.455833333,14.4,15.8,16.3,17.5,18.9
TAM-06,200,3.15,10.9,0.23,14.1,13.9,13.9,14.1,14
TAM-06,201,1.3,18.3,0.267,29.4,29.2,29.5,29.4,29.4
TAM-06,202,3.1,9.8,0.23,10.2,10.3,10.3,10.5,10.4
TAM-06,203,1.3,5.6,0.515,10.7,10.8,10.9,11.2,11.3
TAM-06,204,2.75,11.5,0.23,12.5,12.5,12.5,12.7,12.6
TAM-06,205,1.3,6.5,0.3604,22.7,24,25.4,26.75,27.5
TAM-06,206,1.3,14.9,0.42656962,11.9,12,12,11.82,12
TAM-06,208,1.3,8.9,0.616666667,18,18,18,17.9,17.9
TAM-06,209,1.3,8,0.52261165,18.8,18.6,18.9,18.95,19
TAM-06,210,1.3,19.1,0.51,21,21.7,22.3,23.5,24
TAM-06,210.1,1.3,10.1,0.293,12.4,13,13.8,14.31,14.5
TAM-06,210.2,1.3,6.34,0.508,NaN,14.3,12.3,NaN,NaN
TAM-06,210.2,NaN,3.77,0.508,NaN,NaN,NaN,NaN,11.6
TAM-06,211,1.3,14.6,0.646666667,15.2,15,15.1,15.3,15.4
TAM-06,212,1.3,11.7,0.267,24.8,24.8,25,24.75,25.1
TAM-06,213,1.3,11.3,0.52261165,11.5,11.5,11.6,11.6,11.6
TAM-06,214,3.9,34.9,0.598571429,64.4,64.7,65.5,65.2,66
TAM-06,215,1.95,7.8,0.23,14.7,15.9,16.1,16.3,16.5
TAM-06,215.1,NaN,7.28,NaN,NaN,NaN,9.9,NaN,NaN
TAM-06,216,1.3,21.7,0.267,24.1,24.1,24.1,24,24
TAM-06,216.1,1.3,9.6,0.335,10.5,10.7,10.9,11,11.3
TAM-06,218,1.3,19.1,0.267,25.4,25.2,25.3,25.3,25.4
TAM-06,219,1.3,11.19,0.326,NaN,36.7,36.5,NaN,NaN
TAM-06,220,1.3,5.4,0.508,17.7,17.7,17.7,17.9,17.9
TAM-06,221,1.3,20,0.6004,25.7,25.7,25.9,26.2,26.2
TAM-06,222,1.3,12.6,0.42656962,15.1,15.4,15.8,16.2,16.7
TAM-06,223,1.3,4.5,0.575268293,13.2,13.3,13.3,13.35,13.35
TAM-06,223.1,1.3,10.1,0.615727273,NaN,10,10,9.95,10
TAM-06,223.2,1.3,9.2,0.618444444,NaN,10.2,10.9,11.5,11.7
TAM-06,224,1.3,17.4,0.355666667,27.7,28.5,29.1,30,30
TAM-06,225,1.3,15.3,0.267,20.5,20.5,20.5,20.4,20.4
TAM-06,226,1.3,11.71,0.62,19.8,19.9,NaN,NaN,NaN
TAM-06,227,1.57,17.2,0.267,29.6,29.4,29.5,29.5,29.5
TAM-06,228,1.3,13.4,0.616,17.3,17.8,18,18.25,19
TAM-06,229,2.1,15.7,0.267,23.5,23.5,23.5,23.8,23.8
TAM-06,230,2.05,16.1,0.267,24.9,24.8,24.9,24.8,24.9
TAM-06,231,1.3,15.3,0.646666667,27.3,27.1,27.2,27.4,27.6
TAM-06,231.1,1.3,10.2,0.646666667,11.3,11.9,12.2,12.9,13.4
TAM-06,232,1.3,10.7,0.267,20.5,20.7,21.5,25.65,26.5
TAM-06,233,3.05,16.9,0.23,18.4,18.5,18.4,18.4,18.4
TAM-06,233.1,1.3,10.6,0.615727273,10.5,10.7,10.8,10.25,11.3
TAM-06,234,1.65,18.6,0.267,26.8,26.7,26.8,26.65,26.65
TAM-06,235,2.33,18.8,0.267,26.4,27.6,27.7,27.8,27.8
TAM-06,236,1.3,16.8,0.606285714,19,18.9,18.9,18.95,19
TAM-06,237,1.3,20.4,0.557333333,21.2,22.6,24.5,25.6,26.6
TAM-06,238,4.05,22.8,0.421,50.7,51.4,52.4,53.9,54
TAM-06,239,1.3,5,0.5675,12.6,12.9,13,13.4,13.9
TAM-06,240,2.05,20.2,0.267,26.8,26.6,26.7,27,27.1
TAM-06,241,2.55,17.19,0.23,18.2,18.3,18.3,NaN,NaN
TAM-06,241.1,1.3,5.5,0.515,10.5,10.6,10.6,NaN,NaN
TAM-06,241.2,2.05,12.43,0.23,12.7,12.9,13.1,NaN,NaN
TAM-06,242,1.58,18.37,0.267,29.5,29,29.1,NaN,NaN
TAM-06,243,2.2,11.4,0.23,15.5,15.5,15.9,16.2,16.2
TAM-06,244,1.3,16.3,0.472333333,20.8,21.9,22.9,24.4,24.6
TAM-06,248,1.3,5.5,0.508,17.9,17.9,17.9,17.9,18
TAM-06,249,1.3,16.36,0.727726316,15.8,16.2,16.3,17,17.1
TAM-06,250,1.3,17.3,0.646666667,26.5,26.5,27.3,28.9,28.9
TAM-06,251,1.3,7.2,0.508,15.5,15.9,16,16.1,16.1
TAM-06,252,1.3,12.8,0.645,19.7,20.5,21.3,21.7,22
TAM-06,252.1,1.95,9.7,0.23,12.3,12.5,12.6,NaN,NaN
TAM-06,252.2,1.3,12.4,0.47,10.4,10.6,10.8,11.2,11.8
TAM-06,253,1.3,8.4,0.66025,11.6,11.6,11.6,12.1,12.8
TAM-06,254,1.3,12.4,0.575268293,13.9,13.6,NaN,NaN,NaN
TAM-06,255,2.07,17.8,0.267,29.3,29.3,29.6,31.1,31.1
TAM-06,256,1.3,17.6,0.267,19.4,20.8,21.2,21.8,21.8
TAM-06,257,2,19,0.616,39.6,39.5,39.9,40,40.2
TAM-06,258,1.3,13,0.7685,24.6,24.6,24.7,24.8,24.8
TAM-06,259,1.3,10.3,0.77,18.6,18.7,18.6,19,19.2
TAM-06,260,1.3,8.2,0.515,18,18.3,18.7,18.9,19.5
TAM-06,261,1.3,9.3,0.6,17.9,17.9,17.8,18,18
TAM-06,262,1.39,19.4,0.267,26.5,26.5,26.6,26.6,26.6
TAM-06,263,3,14.7,0.23,17.5,17.5,17.5,17.1,17.6
TAM-06,264,1.02,8.2,0.6,12.6,12.7,12.7,12.9,13
TAM-06,264.1,1.3,18,0.61,13.5,14.3,15,16.2,17.4
TAM-06,265,1.85,16.6,0.267,23.9,23.8,23.8,24,24
TAM-06,266,1.3,20.7,0.585428571,30.1,32.3,33,34.28,35
TAM-06,267,1.3,21,0.646666667,22.8,23,23.2,23.2,23.2
TAM-06,267.1,NaN,7.71,0.515,NaN,NaN,NaN,NaN,10.3
TAM-06,268,1.3,NaN,0.6,29.4,NaN,NaN,NaN,NaN
TAM-06,269,1.3,16.4,0.455833333,18.5,19.3,20,20.8,22
TAM-06,270,1.3,10.1,0.267,20.2,20.5,20.5,20.7,20.8
TAM-06,271,1.3,11.9,0.515,16.2,16.3,16.5,16.7,17.1
TAM-06,272,2,20,0.63626178,40.5,41,41.3,41.84,41.84
TAM-06,273,1.8,24.9,0.45,23.2,23.8,24.5,25.5,26.2
TAM-06,274,1.3,9.2,0.267,18.9,20.8,22.3,22.41,22.6
TAM-06,275,2.78,18.5,0.23,17.2,17,17,17,17.2
TAM-06,276,1.3,10.3,0.42656962,13.2,13.1,13.2,13.5,13.5
TAM-06,277,1.3,18.3,0.425833333,39.8,39.8,39.9,40.3,40.3
TAM-06,277.1,1.3,10.4,0.436,11.1,11.6,12.2,13.5,14.1
TAM-06,277.2,1.3,11,0.419833333,NaN,10.5,10.7,11.6,11.9
TAM-06,277.3,1.3,13.3,0.615727273,11,11.7,12.5,12.8,13.2
TAM-06,278,1.3,14,0.646666667,21,21,21.2,21.68,21.68
TAM-06,278.1,NaN,7.71,0.676094227,NaN,NaN,NaN,NaN,10.5
TAM-06,279,1.3,17.3,0.683,18.4,18.6,18.8,19,19.1
TAM-06,280,1.5,19.5,0.267,27.8,29.5,29.5,28.8,29.2
TAM-06,281,1.3,17.3,0.654457143,19.9,19.9,20.1,20.3,20.4
TAM-06,282,1.73,17.3,0.267,24.7,24.7,24.7,24.1,24.7
TAM-06,283,1.3,16,0.68075,17.5,17.5,17.7,18,18.5
TAM-06,284,1.3,14.2,0.616,27.6,27.5,27.6,26.7,27.7
TAM-06,285,1.3,10.8,0.615,15.8,16.1,18.3,18.38,16.3
TAM-06,286,1.3,7.5,0.515,13.7,13.7,13.8,13.7,14
TAM-06,287,1.3,19.9,0.5874,33.3,34.1,35.5,36.5,37.5
TAM-06,287.1,NaN,7.92,0.66297,NaN,NaN,NaN,NaN,10.3
TAM-06,288,1.3,7.5,0.515,11.7,11.8,11.8,12,12.2
TAM-06,289,1.3,9.1,0.629888889,13.3,13.2,13.3,13.5,13.5
TAM-06,291,3.55,14.4,0.23,16.4,16.4,15.4,16.5,16.5
TAM-06,291.1,1.3,6.7,0.515,10.2,10.4,10.4,10.6,10.7
TAM-06,292,NaN,NaN,0.683,NaN,NaN,NaN,NaN,NaN
TAM-06,292.1,1.3,8.6,0.646666667,11.7,11.8,12,12,12.2
TAM-06,293,1.3,7.6,0.6,14.4,14.2,14.3,14.4,14.4
TAM-06,294,1.3,13.5,0.267,24.5,24.5,24.5,29.4,29.4
TAM-06,295,1.3,NaN,0.47,18,NaN,NaN,NaN,NaN
TAM-06,296,1.3,15.4,0.65,24.4,24.6,25,25.3,25.6
TAM-06,297,1.8,16.2,0.267,27.9,27.8,27.9,27.8,27.8
TAM-06,298,1.3,9.5,0.6,11.3,11.4,11.4,11.5,11.8
TAM-06,301,1.3,18.3,0.646666667,19.9,19.9,20.2,20.3,20.4
TAM-06,302,1.3,7.5,0.355666667,14.1,14,14,14,14.2
TAM-06,303,1.65,9.2,0.267,23.5,23.5,23.6,23.6,23.7
TAM-06,304,1.3,17.6,0.457,12.2,12.5,12.7,13,13.2
TAM-06,305,2.5,17,0.23,17.2,17.4,17.4,18.1,18.1
TAM-06,306,2.87,18.7,0.23,14,14.1,14.1,14.2,14.2
TAM-06,307,3.1,18.2,0.23,17,17,17.1,17.2,17.2
TAM-06,308,4.97,34.9,0.455833333,43.6,44.4,45.2,46.1,46.3
TAM-06,310,2.5,23.4,0.267,23.2,23.3,23.3,23.4,23.4
TAM-06,311,4.84,40,0.678144059,65.7,66.1,68,69.5,69.9
TAM-06,312,1.3,16.7,0.47,27.6,28,28,28.5,28.25
TAM-06,312.1,1.3,7.2,0.645,10.5,10.4,10.7,10.6,10.7
TAM-06,312.2,1.3,10.3,0.39,10.5,10.5,10.5,10.65,10.8
TAM-06,314,1.3,14,0.5675,13.2,13.2,13.2,13.3,13.4
TAM-06,315,1.62,14.8,0.267,30.3,30.2,30.3,30.3,30.3
TAM-06,316,6.65,21.3,0.7685,49.1,49.3,49.5,50.1,50.1
TAM-06,317,1.3,17.2,0.714372222,14,14.1,14.3,14.38,14.35
TAM-06,317.1,1.3,14.6,NaN,NaN,9.6,9.6,9.6,9.6
TAM-06,318,1.3,18.2,0.618444444,22.9,22.8,22.9,22.9,22.9
TAM-06,319,1.3,14.6,0.6,13.1,13.2,13.5,13.3,13.3
TAM-06,320,1.3,11.1,0.616666667,12.8,12.7,12.8,13,13.3
TAM-06,321,1.3,10.5,0.633333333,16.7,16.9,16.9,17.1,17.1
TAM-06,322,1.3,20.5,0.608333333,34,34.2,34.3,34.4,34.6
TAM-06,323,1.3,9.3,0.62,10.5,10.5,10.5,10.6,10.7
TAM-06,324,1.3,7.8,0.717333333,11.9,11.8,11.8,11.8,11.8
TAM-06,324.1,1.3,7.3,0.267,12.5,13.8,15.3,17,17.7
TAM-06,325,1.3,15.4,0.683,11.9,11.8,11.8,12,12
TAM-06,326,1.3,8.7,0.683,10.8,10.7,NaN,NaN,NaN
TAM-06,327,1.3,15.7,0.683,15.6,15.5,NaN,NaN,NaN
TAM-06,327.1,1.3,6.2,0.267,10.5,11.6,12.4,13.4,14.4
TAM-06,328,1.5,13.6,0.267,22,22.4,22.7,22.8,24.1
TAM-06,329,1.4,8.7,0.465,17.2,18,18.1,18.6,18.65
TAM-06,330,1.85,9.2,0.23,13,13,13,13.3,13.3
TAM-06,331,1.3,5.6,0.63,11.9,11.9,11.9,11.8,11.8
TAM-06,332,1.3,12.8,0.3204,24.1,24.9,25.4,25.8,26.3
TAM-06,334,1.3,7.9,0.355666667,16.1,16.3,16.9,16.9,17
TAM-06,334.1,1.3,6.9,0.42,12.4,12.8,13,13.65,13.9
TAM-06,335,1.3,15.9,0.515,11.3,11.3,11.3,11.4,11.4
TAM-06,335.1,NaN,9.39,NaN,NaN,NaN,NaN,NaN,12
TAM-06,336,1.3,13.6,0.683,12.2,12.1,12.1,12.4,12.4
TAM-06,337,1.3,12.5,0.278333333,20.4,20.6,20.9,21.1,21.1
TAM-06,339,1.3,9.3,0.267,22,22,22.1,22.6,22.6
TAM-06,340,1.3,10.1,0.267,20.9,20.7,20.8,20.8,20.8
TAM-06,341,1.3,6.6,0.56,15.7,15.7,15.9,15.92,15.85
TAM-06,342,1.3,20,0.683,11.7,11.7,11.7,11.8,11.8
TAM-06,343,1.3,14.5,0.42,23,22.9,23.2,23.5,23.5
TAM-06,343.1,NaN,7.82,NaN,NaN,NaN,NaN,NaN,10.4
TAM-06,344,1.3,15.2,0.267,23.4,23.4,24.1,24,24.4
TAM-06,344.1,1.3,8.7,0.265,14.6,16.1,16.9,18,18.4
TAM-06,345,NaN,NaN,0.665,19.6,NaN,NaN,NaN,NaN
TAM-06,346,2.8,14,0.267,22,22,22,22.2,22.2
TAM-06,346.1,1.3,13.2,0.646666667,10.7,10.6,10.7,10.4,11.4
TAM-06,346.2,NaN,8.33,0.61845732,NaN,NaN,NaN,NaN,10.9
TAM-06,347,1.3,19.6,0.703,32,32,32.1,32.36,32.36
TAM-06,347.1,1.3,7.2,0.267,14.9,16.7,18.3,19.8,20.2
TAM-06,348,1.3,8.3,0.606714286,12,11.8,12.2,12.8,12.8
TAM-06,349,3.27,20.3,0.622122807,27.2,27.5,28.1,28.9,29.1
TAM-06,351,1.3,15.9,0.564472119,15.9,17,17.7,18.8,19.5
TAM-06,352,1.3,8.2,0.49,15.1,15.3,15.3,15.2,15.3
TAM-06,353,1.3,18.1,0.523333333,25.2,25.3,25.5,25.7,25.7
TAM-06,354,1.3,14.6,0.58,17.9,18,18.2,18.1,19
TAM-06,356,2.65,14,0.23,13.1,13,13,13.1,13.1
TAM-06,357,1.3,16.9,0.355666667,27.2,27.4,27.9,28.2,28.6
TAM-06,357.1,1.3,9.7,0.39,10.2,10.2,10.2,10.3,10.3
TAM-06,358,1.3,10.7,0.706952381,12.6,12.5,12.8,13.35,13.8
TAM-06,359,1.3,24.1,0.472333333,37.9,41.3,41.4,41.6,41.6
TAM-06,360,1.3,25,0.646666667,21.3,21.3,21.4,21.6,21.7
TAM-06,361,1.3,22.4,0.38,26.5,27.7,28.8,29.5,30.2
TAM-06,361.1,1.3,10.9,0.558533955,10.1,10.3,10.5,11.09,11.4
TAM-06,362,1.63,20,0.562571429,27.3,27.9,28.5,30.1,30.1
TAM-06,363,1.3,16.3,0.616,19.4,19.7,20,20.8,21.4
TAM-06,365,1.3,20,0.618444444,20.1,20,20.2,20.6,20.9
TAM-06,366,2.15,20.6,0.267,24,24.5,24.6,24.7,24.7
TAM-06,366.1,1.3,7.3,0.515,12.6,12.6,12.7,12.6,12.6
TAM-06,367,1.3,14.3,0.515,11.6,11.6,11.8,11.6,11.6
TAM-06,367.1,1.3,5.7,0.633333333,10,9.9,9.9,9.9,9.9
TAM-06,368,1.3,23.5,0.417909091,33.4,35.9,37.1,39,39.4
TAM-06,368.1,1.3,13.8,0.355666667,15,16.1,17.1,17.5,18
TAM-06,371,2.1,18.1,0.267,23.8,23.6,23.8,23.7,27.7
TAM-06,372,1.3,20.2,0.646666667,24.6,24.9,25,25,25
TAM-06,372.1,1.3,10.2,0.564472119,10.6,10.5,10.6,10.6,10.9
TAM-06,373,1.3,18.6,0.615,18.6,18.5,18.6,18.5,18.4
TAM-06,373.1,1.3,9.1,0.633333333,10.2,10.1,10.1,10,10.15
TAM-06,374,1.3,11.6,0.326,37.3,37.2,38,37.2,37.75
TAM-06,375,1.3,4.1,0.42656962,17.3,17.3,17.4,17.6,17.3
TAM-06,375.1,1.3,7.9,0.421,10.4,10.5,10.6,10.4,10.4
TAM-06,376,1.3,18.89,0.472333333,25,25.2,25.5,NaN,NaN
TAM-06,377,NaN,NaN,0.49,14.7,NaN,NaN,NaN,NaN
TAM-06,379,1.3,19.9,0.6004,16,16.7,16.5,16.6,17
TAM-06,380,2.17,20.2,0.267,24,23.9,23.8,24,24
TAM-06,380.1,1.3,11.2,0.337,11.2,11.2,11.5,11,11.4
TAM-06,381,1.3,18.4,0.581868421,17.6,18.3,18.5,19,19
TAM-06,382,1.3,11.9,0.7685,18.6,18.5,19,19.1,19.45
TAM-06,384,1.3,5.1,0.616666667,11.1,11,11,11.2,11.2
TAM-06,384.1,1.3,5.5,0.267,NaN,10.2,10.3,11.9,13
TAM-06,385,1.3,21.2,0.8345,18,18,18.1,18.3,18.5
TAM-06,386,1.3,20.6,0.425833333,37.9,38.5,39,39.4,39.7
TAM-06,386.1,1.3,5.9,0.267,11.3,12.2,13,13.8,14.4
TAM-06,387,1.3,12.6,0.634097561,17.1,17,17.1,17.1,17.1
TAM-06,387.1,1.3,7.4,0.564472119,10.1,10.1,10.1,10.1,10.2
TAM-06,389,2.9,29.7,0.587155172,30.4,28.7,31.1,34,36
TAM-06,391,2.77,13,0.23,14.9,14.8,14.8,14.8,14.8
TAM-06,392,1.3,18.2,0.61,18.6,21,22.8,25,26.5
TAM-06,392.1,1.75,9.3,0.23,11.8,12.1,12.7,13.3,13.3
TAM-06,392.2,NaN,7,0.267,NaN,NaN,10.1,11.4,11.55
TAM-06,393,1.3,14.6,0.508,20.6,20.4,20.4,20.7,20.7
TAM-06,394,1.3,14.3,0.647875,13.2,13.4,13.5,13.6,13.8
TAM-06,395,2.1,23.9,0.457,42.7,42.9,44.8,43.7,43.4
TAM-06,397,1.3,11.1,0.65,12.8,12.8,12.9,13.1,13.1
TAM-06,398,1.3,11.1,0.747857143,11.1,11.1,11.1,11.4,11.4
TAM-06,399,2.9,14.3,0.23,12.9,13,13,13.1,13.1
TAM-06,401,1.3,12,0.945,13,13.1,13.2,13.6,13.6
TAM-06,402,1.3,14.7,0.65,13.1,13.2,13.2,13.3,13.5
TAM-06,403,3.45,23.5,0.23,14,13.9,14,14,14
TAM-06,404,1.3,16.3,0.4525,16.5,17.1,17.5,17.5,17.6
TAM-06,404.1,1.3,15.3,0.687,17.8,18.9,20.2,21.6,22.25
TAM-06,405,1.3,21,0.52,24.9,25.3,25.4,NaN,NaN
TAM-06,406,1.3,14.4,0.5,14.5,14.6,14.8,15,15.6
TAM-06,406.1,1.3,5.3,0.267,10.3,10.3,10.5,11.9,11.9
TAM-06,407,1.3,11.23,0.267,17,17,NaN,NaN,NaN
TAM-06,408,1.3,11.4,0.608333333,16.8,16.8,17,17.6,18
TAM-06,409,1.3,19.03,0.355666667,31.2,31.2,31.3,NaN,NaN
TAM-06,410,1.3,8.4,0.267,20.2,20,20.1,20.7,20.9
TAM-06,411,1.3,10,0.465,15,14.8,14.9,15,15.45
TAM-06,411.1,1.3,11.1,0.629888889,10.6,10.8,10.9,11,11.3
TAM-06,412,1.3,9.6,0.705,12.4,12.5,12.7,12.9,13.2
TAM-06,413,2.93,11.3,0.23,14.3,14.2,14.3,14.3,14.3
TAM-06,414,1.8,15.5,0.267,31.8,31.7,31.8,31.8,31.8
TAM-06,414.1,1.3,5.9,0.267,12.5,12.7,12.8,14.2,14.6
TAM-06,415,1.58,14.2,0.387666667,15.8,15.7,15.7,15.7,15.7
TAM-06,416,1.3,15.4,0.49,21.4,22.6,23.5,24.7,26.1
TAM-06,419,1.3,10.4,0.421,14.1,14.1,14.3,14.7,14.9
TAM-06,420,1.3,10.3,0.766,11.7,11.5,11.7,11.7,11.7
TAM-06,421,1.3,10,0.267,17.8,17.7,17.8,18,18.2
TAM-06,422,1.3,11.3,0.634097561,16.6,16.6,16.6,16.8,17.2
TAM-06,423,1.3,18.4,0.654457143,15.5,15.9,16.5,16.9,16.9
TAM-06,424,3.65,19.5,0.23,16.6,16.5,16.7,16.7,16.7
TAM-06,425,2.9,23.8,0.267,22.2,22.2,22.2,22.3,22.3
TAM-06,426,1.3,9.9,0.6405,13.4,13.5,13.5,13.44,13.44
TAM-06,428,1.77,19,0.267,28.5,28.6,28.5,28.5,28.6
TAM-06,429,1.3,9.7,0.5675,16.4,16.3,16.4,16.9,16.9
TAM-06,430,1.3,16.7,0.896384615,22,22.3,22.3,22.6,22.7
TAM-06,431,1.3,15.5,0.4784,22,22,22.1,22.4,22.4
TAM-06,432,1.3,20.3,0.661333333,20.8,20.9,21,21.6,21.6
TAM-06,433,1.3,21.7,0.45,48,51.6,53.6,52.3,53.1
TAM-06,434,3.15,26.1,0.267,32.8,32.6,32.6,34.2,34.2
TAM-06,435,1.3,23.2,0.510488636,17.4,17.2,17.2,17.5,17.5
TAM-06,436,3.7,25.8,0.283333333,93.1,93.1,93.4,94.6,94.6
TAM-06,437,3.4,15.2,0.23,13.7,13.6,13.6,13.6,13.6
TAM-06,438,1.3,17.5,0.267,18,17.8,17.8,17.8,17.8
TAM-06,439,1.3,11.2,0.47,17.4,17.8,18.3,18.8,18.8
TAM-06,440,1.3,25.4,0.646666667,34.2,34.5,34.7,35.3,35.3
TAM-06,441,2.6,15.3,0.267,20.9,20.8,20.9,21,21.3
TAM-06,443,1.3,15.7,0.52261165,18,18.1,18.3,18.3,18.6
TAM-06,444,2.63,20.3,0.23,14.3,14.1,14.1,14.2,14.2
TAM-06,445,1.92,34.7,0.618444444,40.8,41.2,41.3,41.9,42.2
TAM-06,446,1.3,10.5,0.616166667,11.3,11.2,11.2,11.41,11.41
TAM-06,448,1.3,21.2,0.267,25.7,25.7,25.8,25.7,25.9
TAM-06,449,1.63,28.9,0.267,27.4,27.2,27.4,27.2,27.4
TAM-06,450,1.75,22.2,0.512333333,27.1,27.4,27.9,28.2,28.3
TAM-06,451,1.3,14.4,0.54,18.3,18.4,18.7,19.1,19.3
TAM-06,452,3.45,9.1,0.23,15.1,15.1,15.2,15.2,15.2
TAM-06,452.1,1.3,7,0.69,10.8,10.9,11,11.1,11.3
TAM-06,453,4.4,33.1,0.71,55,55,55,56.3,56.3
TAM-06,454,1.3,37.1,0.425833333,46.5,47.1,47.9,48,48.6
TAM-06,455,1.3,12.5,0.616666667,14.1,14.2,14.4,14.5,14.5
TAM-06,456,1.69,17.8,0.267,26.8,26.7,26.8,26.8,26.9
TAM-06,457,1.3,8,0.678144059,12.7,12.8,12.9,13,13
TAM-06,457.1,1.3,9.8,0.564472119,10.2,10.3,10.4,10.5,10.65
TAM-06,458,1.3,22.1,0.67,23.3,23.4,23.9,24.2,24.4
TAM-06,459,1.3,15.5,0.558533955,11.4,11.9,12.1,11.9,12.1
TAM-06,461,1.3,20.3,0.425833333,24.9,25,25,25.21,25.3
TAM-06,462,1.3,13.3,0.77,11.6,11.8,12.1,12.3,12.6
TAM-06,464,1.3,11,0.267,26.2,26.6,26.3,26.1,26.3
TAM-06,465,1.3,11.3,0.558533955,14.8,15.6,15.2,15.4,15.65
TAM-06,466,1.3,10.4,0.654457143,14,13.8,13.9,14.13,14.13
TAM-06,467,1.3,24.5,0.590574074,24.1,24,24.1,24.1,24.1
TAM-06,468,1.65,21.2,0.267,26.9,26.8,26.9,26.8,26.85
TAM-06,469,1.3,13.1,0.558533955,15.5,16,16.8,17.9,18.6
TAM-06,469.1,1.3,10.5,0.6556,11.4,11.7,11.9,12.1,12.1
TAM-06,470,1.3,19.6,0.42656962,17.6,17.6,17.6,18,18.6
TAM-06,472,1.3,25.3,0.267,25.3,25.2,25.3,25.4,25.4
TAM-06,473,1.3,13.1,0.572,16.1,16.5,16.8,17,17.5
TAM-06,474,3.18,26.3,0.23,19,19,19,19.1,19.1
TAM-06,475,2.2,27.3,0.267,30.3,30.2,30.2,30.7,30.7
TAM-06,476,1.3,36.8,0.590574074,49.3,49.6,50,50.52,50.52
TAM-06,477,3.5,15,0.23,15.5,15.5,15.5,15.5,15.5
TAM-06,478,1.3,10.1,0.326,34.1,34.4,35.2,34.3,34.3
TAM-06,479,1.3,26.1,0.575268293,32.4,33.4,33.8,34.5,34.9
TAM-06,480,1.3,20.3,0.267,25.9,25.7,25.8,26,26.8
TAM-06,481,1.3,10.7,0.508,14.5,14.5,14.5,14.1,14.45
TAM-06,482,1.3,6.51,0.508,14.5,14.5,NaN,NaN,NaN
TAM-06,483,1.3,24.3,0.47,20,20.2,20.3,20.6,20.6
TAM-06,484,1.73,19.2,0.616,24.9,24.9,25.8,25.7,26.5
TAM-06,485,1.3,11.5,0.805,14.5,14.7,14.7,14.6,14.9
TAM-06,486,1.3,8.9,0.267,19.6,19.8,20,20.6,20.7
TAM-06,486.1,1.3,11.9,0.386857143,11,11.5,11.9,12.1,12.7
TAM-06,487,1.3,7.2,0.65,10.9,11.1,11.2,11.4,11.4
TAM-06,488,1.3,10.4,0.267,21.2,21.2,21.2,21.2,21.3
TAM-06,489,1.3,21.6,0.616,25.5,25.7,25.7,25.9,26.3
TAM-06,490,1.3,15.2,0.61,12.5,13.1,13.7,14.1,14.7
TAM-06,492,1.3,15.5,0.66025,13.3,13.3,13.3,13.3,13.4
TAM-06,492.1,NaN,7.71,0.5631075,NaN,NaN,NaN,NaN,10.3
TAM-06,493,1.6,25.7,0.267,28.3,28.3,28.3,29,29
TAM-06,494,1.3,14.4,0.267,24.7,23.8,24.1,24.6,24.8
TAM-06,495,1.3,15.2,0.267,19.4,19.2,19.2,19.1,19.2
TAM-06,495.1,1.3,14.5,0.575268293,10,9.9,9.9,10,10
TAM-06,496,1.3,16.7,0.267,24.5,24.5,24.6,24.5,24.5
TAM-06,497,1.3,15,0.267,22.9,22.8,22.8,22.8,22.9
TAM-06,498,4.4,46.2,0.51,80,79.9,80.9,82.1,83.1
TAM-06,499,1.3,13.8,0.267,27.1,27,27.1,27.2,27.2
TAM-06,499.1,1.3,6.7,0.7685,10.6,11,11.2,11.9,12.3
TAM-06,500,1.3,9,0.77,11.3,11.1,11.3,11.9,12.9
TAM-06,501,1.3,19.4,0.41,30.2,30.8,30.1,30.8,31
TAM-06,502,2.73,13.64,0.23,14.2,14.1,14.2,NaN,NaN
TAM-06,502.1,1.3,13.3,0.61,11.8,12.4,12.4,13.5,15.1
TAM-06,503,1.3,19.6,0.7685,40.1,40,40,40.6,40.6
TAM-06,504,1.3,21.9,0.267,24.6,24.5,24.6,24.74,24.75
TAM-06,505,1.3,11.4,0.267,18.2,18.3,18.8,19.9,20
TAM-06,505.1,1.3,15.3,0.618444444,10.5,10.5,10.6,11.02,11.25
TAM-06,505.2,1.3,7.4,0.275464707,11,10.2,10.8,12.24,13
TAM-06,506,1.3,19.2,0.267,31.3,31.2,31.2,31.5,31.5
TAM-06,506.1,1.69,7.8,0.23,13.3,13.3,13.5,14.1,15.5
TAM-06,506.2,NaN,8.2,0.267,NaN,NaN,11.2,15.2,18.85
TAM-06,507,1.3,8.9,0.508,18.6,18.5,18.7,18.5,18.7
TAM-06,508,3.45,15.9,0.23,17.1,17,17,17,17
TAM-06,509,1.3,18.8,0.425833333,31.4,31.4,32,32.4,32.2
TAM-06,510,1.3,21.1,0.73775,49,49.4,50.1,51.2,51.35
TAM-06,510.1,1.3,10.8,0.646666667,12.2,13.2,14.3,14.8,15.9
TAM-06,511,1.3,15,0.58,21.9,22.1,22.3,22.6,22.85
TAM-06,512,1.55,21.3,0.52261165,44.7,45,45.5,45.9,46.7
TAM-06,513,1.3,15.4,0.508,18.2,18.1,18.1,18.6,18.6
TAM-06,514,1.3,7.7,0.355666667,13.6,13.7,14,14.7,15
TAM-06,515,4.4,23.4,0.606714286,70.7,71.1,71.6,73.2,73.8
TAM-06,517,1.3,10.6,0.267,24.4,24.3,24.3,24.6,24.6
TAM-06,517.1,1.3,5,0.23,11,10.9,10.9,11,11.9
TAM-06,518,1.3,6.8,0.616166667,18.3,18.4,18.3,18.9,18.9
TAM-06,518.1,1.3,7.9,0.494666667,17.6,17.5,17.5,17.8,17.1
TAM-06,519,1.3,6,0.767443366,11.7,11.7,12,12.5,13.3
TAM-06,521,1.6,16.8,0.267,28.2,28.7,28.7,26.1,27.8
TAM-06,522,1.3,9.2,0.6,14.4,14.3,14.3,14.1,14.5
TAM-06,522.1,1.3,18.2,0.646666667,11.3,12,12.8,13.5,13.8
TAM-06,523,1.3,6.3,0.508,20,20,20,20.1,20.1
TAM-06,524,1.3,10.2,0.61,14.5,14.3,14.5,14.5,NaN
TAM-06,525,1.3,20.3,0.562571429,54.8,54.7,54.8,55.9,NaN
TAM-06,526,1.91,25.5,0.841516129,26,26.3,26.8,27.3,27.3
TAM-06,527,NaN,3,0.5,NaN,NaN,NaN,NaN,NaN
TAM-06,528,1.3,16.5,0.267,28.7,28.7,28.8,29,29
TAM-06,530,3.5,16.03,0.23,16.9,16.8,16.9,17.1,17.1
TAM-06,531,1.3,19.2,0.267,26.9,26.8,26.9,27,27
TAM-06,532,1.3,7.8,0.615,10.9,10.7,10.7,10.8,11
TAM-06,533,1.3,18.1,0.608333333,41,41.7,41.9,43.2,43.8
TAM-06,534,1.3,20.7,0.6004,26.8,27,27.5,27.9,28.1
TAM-06,535,1.3,11.3,0.267,20.4,20.5,20.6,20.6,NaN
TAM-06,535.1,1.3,7,0.42,11.4,11.5,11.8,12,12.4
TAM-06,536,1.3,22.2,0.606714286,31.8,32.6,33.3,33.6,34.4
TAM-06,537,1.43,25.6,0.267,26.5,26.4,26.4,26.6,26.6
TAM-06,538,3.5,25.5,0.23,16.7,16.9,16.9,16.8,16.8
TAM-06,538.1,1.3,14.66,0.508,26.4,28.2,24.5,NaN,NaN
TAM-06,538.2,1.3,13.2,0.27,12,12.3,12.9,14,15.6
TAM-06,540,1.3,12.1,0.786714286,17.7,17.7,17.7,18,NaN
TAM-06,540.1,1.3,6.3,0.95,10,9.8,9.9,10.1,10.1
TAM-06,541,1.3,13.6,0.267,27,26.9,27,27.1,27.1
TAM-06,542,1.3,22.6,0.267,29,28.8,28.8,28.9,28.9
TAM-06,543,1.3,16.2,0.512333333,28.7,30.4,32.5,33.6,34.7
TAM-06,544,2.67,9.8,0.23,18.6,18.8,18.8,18.8,18.9
TAM-06,545,1.3,12.3,0.625,14.9,14.8,14.8,14.8,14.8
TAM-06,546,1.3,12,0.67,14.2,14.5,14.6,15.1,15.1
TAM-06,547,1.3,18.3,0.606714286,18.4,18.8,18.8,19,19.15
TAM-06,547.1,1.3,15.29,0.508,23.5,29.7,28,NaN,NaN
TAM-06,547.2,1.3,5.6,0.23,12.2,13.2,13.6,14,14.3
TAM-06,548,1.3,9.4,0.6,16.1,16.2,16.4,16.5,16.5
TAM-06,549,1.3,19.5,0.69,31.8,32.1,32.2,32.7,32.9
TAM-06,550,1.3,13.9,0.465,15.8,15.7,15.7,15.8,15.8
TAM-06,551,1.3,8.7,0.95,12.3,12.2,12.2,12.2,12.2
TAM-06,552,1.3,8,0.8615,12.1,12.2,12.4,12.7,13
TAM-06,553,1.3,12.5,0.508,20.4,20.4,20.5,21.6,20.5
TAM-06,554,1.3,24.5,0.267,30.3,30.3,30.3,30.4,30.4
TAM-06,555,1.3,9.3,0.61,14.7,14.8,14.8,14.5,14.5
TAM-06,556,3,24.9,0.23,16.6,16.7,16.7,16.9,16.9
TAM-06,557,1.3,16.2,0.606285714,11.5,11.6,11.6,11.6,11.7
TAM-06,558,1.3,5.4,0.508,14.4,14.4,14.4,14.3,14.5
TAM-06,559,1.3,21.3,0.736666667,17.3,17.3,17.4,17.7,17.7
TAM-06,560,2.85,12.3,0.23,16.6,16.4,16.5,17.8,17.8
TAM-06,561,1.3,10.2,0.355666667,17.5,17.8,18.4,18.2,18.2
TAM-06,562,1.3,12.4,0.945,12.2,12.1,12.2,12.3,12.3
TAM-06,563,1.3,13.9,0.267,23.4,23.2,23.3,23.4,23.4
TAM-06,563.1,1.3,11.9,0.758333333,10,10,9.9,10,10
TAM-06,564,1.3,20.6,0.52261165,21.7,21.9,21.9,22,22
TAM-06,565,1.3,9.5,0.575268293,23,23.2,23.2,23.2,13.2
TAM-06,566,1.3,19.6,0.421,15.1,15.2,15.5,15.9,16.2
TAM-06,567,1.3,23.3,0.562571429,30.4,31.2,30.6,31,31.4
TAM-06,568,1.3,12.8,0.23,13.8,14.9,16,16.3,16.3
TAM-06,568.1,1.3,8.9,0.267,17.5,18,18.4,19.8,20.05
TAM-06,569,4.75,21.1,0.92275,44.4,44.9,45.4,47.4,47.4
TAM-06,570,1.3,18.96,0.3204,25.6,25.7,23.5,NaN,NaN
TAM-06,571,2.4,13.6,0.23,12.1,11.8,11.8,11.9,11.9
TAM-06,571.1,1.6,7.4,0.23,14.7,15.7,16.5,17.6,17.6
TAM-06,571.2,1.3,5.5,0.267,NaN,10.9,11.7,13,13.9
TAM-06,572,3.77,18.4,0.23,12.4,12.3,12.3,12.5,NaN
TAM-06,573,1.3,16.7,0.267,29.5,29.4,29.5,29.6,29.6
TAM-06,574,1.3,16,0.52261165,17.5,17.9,18.4,19,19.5
TAM-06,575,1.57,18.8,0.267,28.2,28,28.1,28.1,28.4
TAM-06,576,2.12,17.7,0.23,14.4,16.8,17.4,18.2,18.2
TAM-06,577,1.3,8,0.6,11.3,11.5,11.7,11.9,11.9
TAM-06,579,1.3,13.5,0.4784,16,16.1,16.2,16.3,16.3
TAM-06,580,1.3,12.2,0.633818182,14.5,14.8,14.8,14.7,14.8
TAM-06,581,1.3,11.4,0.6405,14.7,14.7,14.8,15.2,15.2
TAM-06,582,3.25,14.3,0.23,16.5,16.5,16.5,16.6,16.6
TAM-06,583,1.3,13.7,0.267,22.8,22.9,23,23,23
TAM-06,584,1.67,16,0.267,28,27.9,27.9,28,27.55
TAM-06,585,1.3,8.1,0.49,13.3,14.7,14.8,15.4,15.4
TAM-06,585.1,1.3,7.4,0.49,13.3,13.5,13.5,13.5,13.6
TAM-06,586,1.3,14.2,0.267,26.2,26.1,26.1,26.4,26.4
TAM-06,587,3.15,16.7,0.23,16.1,16.1,16.1,16.2,16.2
TAM-06,587.1,1.3,6.7,0.267,10.9,12,12.6,13.1,13.95
TAM-06,588,1.3,12.3,0.515,13,13,NaN,NaN,NaN
TAM-06,590,1.3,11.3,0.616666667,16.4,16.5,16.6,16.8,16.9
TAM-06,591,1.3,14.4,0.616666667,19.7,19.8,20,20.4,20.5
TAM-06,593,3,14.6,0.23,13.3,13.4,13.4,13.5,13.5
TAM-06,594,1.3,32.3,0.615,42.2,42.4,42.5,42.6,42.6
TAM-06,595,1.3,11.3,0.77,11.6,11.5,11.5,11.5,11.5
TAM-06,596,1.3,35.7,0.585428571,45.2,47.6,48.3,50,50.8
TAM-06,598,1.3,12.4,0.6004,16,16.2,16.3,16.6,16.6
TAM-06,599,1.3,10.5,0.612,12,12,12,12.1,12.1
TAM-06,600,1.3,23.4,0.726666667,32.1,31.8,32.2,32.2,32.2
TAM-06,601,1.3,9.7,0.616666667,10.5,10.5,10.6,10.6,10.6
TAM-06,602,1.3,20.7,0.633333333,25,25,25,25.1,25.2
TAM-06,602.1,1.3,6.42,0.508,14,14.4,14,NaN,NaN
TAM-06,602.2,1.3,14,0.72995963,10,9.8,9.8,10,10
TAM-06,603,1.3,14.8,0.267,24.2,24.2,24.4,24.6,24.6
TAM-06,604,1.3,21.4,0.59,25.8,26,26.3,26.9,26.9
TAM-06,605,1.3,12.54,0.470428571,14,13.9,NaN,NaN,NaN
TAM-06,606,1.3,16.1,0.267,22.8,22.7,22.7,22.9,22.9
TAM-06,606.1,1.75,8.3,0.23,10.5,10.6,10.7,10.7,10.65
TAM-06,607,1.3,16.1,0.267,17.9,17.9,17.9,18,18
TAM-06,608,1.3,11.3,0.58,10.4,10.2,10.2,10.5,10.5
TAM-06,609,1.3,16.7,0.615,25.2,25.1,25.1,25.4,25.4
TAM-06,610,1.55,17.1,0.267,28.3,25.6,28.6,28.7,28.7
TAM-06,611,1.3,14.7,0.706952381,11.5,11.4,11.5,11.5,11.5
TAM-06,612,2.95,19.2,0.267,26.8,26.7,26.7,27,27
TAM-06,613,1.3,11.3,0.633333333,12.3,12.2,12.2,12.4,12.4
TAM-06,614,1.3,8.3,0.629888889,13.2,13.3,13.3,13.2,NaN
TAM-06,616,1.3,15.3,0.65,21.7,21.6,21.7,21.8,21.8
TAM-06,617,1.3,14.2,0.505785714,18.3,18.3,18.3,18.3,18.2
TAM-06,617.1,1.3,8,0.425833333,10.9,11.2,11.2,11.5,11.5
TAM-06,619,1.3,26.3,0.608333333,33.9,41.7,41.5,42.2,42.8
TAM-06,620,1.3,13.9,0.56,11.7,11.6,11.7,11.6,NaN
TAM-06,622,1.3,10.8,0.419833333,13.6,13.9,13.9,14,14.15
TAM-06,623,3.17,9.3,0.23,10.2,16,16,16,16
TAM-06,623.1,1.3,11.8,0.421,12,12.3,12.5,12.7,12.7
TAM-06,624,1.3,46.1,0.51,55.8,81.9,83,85.1,88
TAM-06,625,1.3,12.1,0.267,20.9,21.3,21.4,21.5,21.5
TAM-06,626,1.3,19.5,0.558533955,41.8,40.9,40.9,41.1,41.1
TAM-06,627,1.3,16.6,NaN,17.6,16,16.2,16.4,16.44
TAM-06,628,1.3,19.2,0.616,21.5,20.6,20.6,20.5,20.5
TAM-06,629,1.3,25.3,0.606714286,28.5,27.5,27.7,28.8,27.8
TAM-06,630,1.3,6.3,0.69,13.6,12.2,12.2,12.2,12.3
TAM-06,631,1.77,23.2,0.616,29.1,28,29.4,29.1,28.6
TAM-06,632,1.3,28.8,0.616,32,43.9,43.9,44.1,44.1
TAM-06,633,1.3,17.1,0.705,15.5,14.3,14.7,15.4,15.5
TAM-06,634,1.3,9.1,0.511153846,14.8,13.3,13.4,13.4,13.4
TAM-06,635,1.3,15.8,0.267,34.6,34.9,35,35.4,36.5
TAM-06,636,1.3,8.3,0.63,13.9,12.7,12.6,13,13
TAM-06,638,1.3,13.7,0.267,23.8,23.1,23.4,23.5,23.5
TAM-06,638.1,1.3,9.7,0.267,13.6,13.1,13.8,14.2,15.9
TAM-06,639,3.55,18.6,0.3604,31.5,32.8,39.5,41.7,43.1
TAM-06,641,1.3,20.3,0.581868421,17.1,16,16.2,16.5,16.8
TAM-06,642,4.5,32.11,0.622769231,47,47,47,NaN,NaN
