plot_code,measurement_code,disturbance_code,subplot,collar_number,replica,year,egm_measurement,recno,day,month,hour,min,co2ref,inputD,time,inputF,atmp,probe_type
ACJ,CTRL,UD,13,1,1,2013,71,1,24,7,3,27,466,0,0,0,675,8
ACJ,CTRL,UD,13,1,1,2013,71,2,24,7,3,27,467,0,4,0,675,8
ACJ,CTRL,UD,13,1,1,2013,71,3,24,7,3,27,469,0,9,0,675,8
ACJ,CTRL,UD,13,1,1,2013,71,4,24,7,3,27,470,4,14,0.2,675,8
ACJ,CTRL,UD,13,1,1,2013,71,5,24,7,3,27,472,6,19,0.2,675,8
ACJ,CTRL,UD,13,1,1,2013,71,6,24,7,3,27,473,7,24,0.2,675,8
ACJ,CTRL,UD,13,1,1,2013,71,7,24,7,3,27,475,9,28,0.2,675,8
ACJ,CTRL,UD,13,1,1,2013,71,8,24,7,3,27,476,10,33,0.2,675,8
ACJ,CTRL,UD,13,1,1,2013,71,9,24,7,3,27,478,12,38,0.2,675,8
ACJ,CTRL,UD,13,1,1,2013,71,10,24,7,3,27,480,13,43,0.2,675,8
ACJ,CTRL,UD,13,1,1,2013,71,11,24,7,3,27,481,15,48,0.2,675,8
ACJ,CTRL,UD,13,1,1,2013,71,12,24,7,3,27,483,17,52,0.2,675,8
ACJ,CTRL,UD,13,1,1,2013,71,13,24,7,3,27,485,18,57,0.21,675,8
ACJ,CTRL,UD,13,1,1,2013,71,14,24,7,3,28,486,20,62,0.21,675,8
ACJ,CTRL,UD,13,1,1,2013,71,15,24,7,3,28,487,21,67,0.2,675,8
ACJ,CTRL,UD,13,1,1,2013,71,16,24,7,3,28,488,23,72,0.2,675,8
ACJ,CTRL,UD,13,1,1,2013,71,17,24,7,3,28,490,24,76,0.2,675,8
ACJ,CTRL,UD,13,1,1,2013,71,18,24,7,3,28,491,26,81,0.2,675,8
ACJ,CTRL,UD,13,1,1,2013,71,19,24,7,3,28,493,27,86,0.2,675,8
ACJ,CTRL,UD,13,1,1,2013,71,20,24,7,3,28,495,28,91,0.2,675,8
ACJ,CTRL,UD,13,1,1,2013,71,21,24,7,3,28,496,30,96,0.2,675,8
ACJ,CTRL,UD,13,1,1,2013,71,22,24,7,3,28,498,31,100,0.2,675,8
ACJ,CTRL,UD,13,1,1,2013,71,23,24,7,3,28,499,33,105,0.2,675,8
ACJ,CTRL,UD,13,1,1,2013,71,24,24,7,3,28,501,34,110,0.2,675,8
ACJ,CTRL,UD,13,1,1,2013,71,25,24,7,3,28,502,36,115,0.2,675,8
ACJ,CTRL,UD,13,1,1,2013,71,26,24,7,3,29,503,37,120,0.2,675,8
ACJ,CTRL,UD,13,1,1,2013,71,27,24,7,3,29,505,39,124,0.2,675,8
ACJ,CTRL,UD,13,2,1,2013,72,1,24,7,3,30,466,0,0,0,675,8
ACJ,CTRL,UD,13,2,1,2013,72,2,24,7,3,30,468,0,4,0,675,8
ACJ,CTRL,UD,13,2,1,2013,72,3,24,7,3,30,470,0,9,0,675,8
ACJ,CTRL,UD,13,2,1,2013,72,4,24,7,3,30,471,5,14,0.22,675,8
ACJ,CTRL,UD,13,2,1,2013,72,5,24,7,3,30,472,6,19,0.2,675,8
ACJ,CTRL,UD,13,2,1,2013,72,6,24,7,3,30,473,7,24,0.19,675,8
ACJ,CTRL,UD,13,2,1,2013,72,7,24,7,3,30,475,8,28,0.19,675,8
ACJ,CTRL,UD,13,2,1,2013,72,8,24,7,3,30,477,10,33,0.19,675,8
ACJ,CTRL,UD,13,2,1,2013,72,9,24,7,3,30,479,12,38,0.2,675,8
ACJ,CTRL,UD,13,2,1,2013,72,10,24,7,3,30,481,14,43,0.2,675,8
ACJ,CTRL,UD,13,2,1,2013,72,11,24,7,3,30,483,16,48,0.21,675,8
ACJ,CTRL,UD,13,2,1,2013,72,12,24,7,3,31,485,18,52,0.22,675,8
ACJ,CTRL,UD,13,2,1,2013,72,13,24,7,3,31,488,20,57,0.23,675,8
ACJ,CTRL,UD,13,2,1,2013,72,14,24,7,3,31,489,22,62,0.23,675,8
ACJ,CTRL,UD,13,2,1,2013,72,15,24,7,3,31,492,25,67,0.24,675,8
ACJ,CTRL,UD,13,2,1,2013,72,16,24,7,3,31,494,27,72,0.24,675,8
ACJ,CTRL,UD,13,2,1,2013,72,17,24,7,3,31,497,30,76,0.25,675,8
ACJ,CTRL,UD,13,2,1,2013,72,18,24,7,3,31,499,32,81,0.25,675,8
ACJ,CTRL,UD,13,2,1,2013,72,19,24,7,3,31,502,35,86,0.26,675,8
ACJ,CTRL,UD,13,2,1,2013,72,20,24,7,3,31,504,38,91,0.26,675,8
ACJ,CTRL,UD,13,2,1,2013,72,21,24,7,3,31,506,40,96,0.27,675,8
ACJ,CTRL,UD,13,2,1,2013,72,22,24,7,3,31,510,43,100,0.27,675,8
ACJ,CTRL,UD,13,2,1,2013,72,23,24,7,3,31,512,46,105,0.28,675,8
ACJ,CTRL,UD,13,2,1,2013,72,24,24,7,3,31,515,49,110,0.28,675,8
ACJ,CTRL,UD,13,2,1,2013,72,25,24,7,3,32,518,51,115,0.29,675,8
ACJ,CTRL,UD,13,3,1,2013,73,1,24,7,3,32,471,0,0,0,675,8
ACJ,CTRL,UD,13,3,1,2013,73,2,24,7,3,32,472,0,4,0,675,8
ACJ,CTRL,UD,13,3,1,2013,73,3,24,7,3,32,474,0,9,0,675,8
ACJ,CTRL,UD,13,3,1,2013,73,4,24,7,3,33,475,4,14,0.19,675,8
ACJ,CTRL,UD,13,3,1,2013,73,5,24,7,3,33,477,5,19,0.19,675,8
ACJ,CTRL,UD,13,3,1,2013,73,6,24,7,3,33,479,7,24,0.2,675,8
ACJ,CTRL,UD,13,3,1,2013,73,7,24,7,3,33,480,9,28,0.2,675,8
ACJ,CTRL,UD,13,3,1,2013,73,8,24,7,3,33,482,11,33,0.21,675,8
ACJ,CTRL,UD,13,3,1,2013,73,9,24,7,3,33,484,12,38,0.21,675,8
ACJ,CTRL,UD,13,3,1,2013,73,10,24,7,3,33,485,14,43,0.21,675,8
ACJ,CTRL,UD,13,3,1,2013,73,11,24,7,3,33,487,16,48,0.21,675,8
ACJ,CTRL,UD,13,3,1,2013,73,12,24,7,3,33,489,17,52,0.21,675,8
ACJ,CTRL,UD,13,3,1,2013,73,13,24,7,3,33,491,19,57,0.22,675,8
ACJ,CTRL,UD,13,3,1,2013,73,14,24,7,3,33,493,21,62,0.22,675,8
ACJ,CTRL,UD,13,3,1,2013,73,15,24,7,3,33,494,23,67,0.22,675,8
ACJ,CTRL,UD,13,3,1,2013,73,16,24,7,3,34,496,25,72,0.22,675,8
ACJ,CTRL,UD,13,3,1,2013,73,17,24,7,3,34,498,27,76,0.22,675,8
ACJ,CTRL,UD,13,3,1,2013,73,18,24,7,3,34,500,29,81,0.22,675,8
ACJ,CTRL,UD,13,3,1,2013,73,19,24,7,3,34,502,31,86,0.23,675,8
ACJ,CTRL,UD,13,3,1,2013,73,20,24,7,3,34,504,32,91,0.23,675,8
ACJ,CTRL,UD,13,3,1,2013,73,21,24,7,3,34,505,34,96,0.23,675,8
ACJ,CTRL,UD,13,3,1,2013,73,22,24,7,3,34,508,36,100,0.23,675,8
ACJ,CTRL,UD,13,3,1,2013,73,23,24,7,3,34,509,38,105,0.23,675,8
ACJ,CTRL,UD,13,3,1,2013,73,24,24,7,3,34,511,40,110,0.23,675,8
ACJ,CTRL,UD,13,3,1,2013,73,25,24,7,3,34,513,42,115,0.23,675,8
ACJ,CTRL,UD,13,3,1,2013,73,26,24,7,3,34,515,44,120,0.23,675,8
ACJ,CTRL,UD,13,3,1,2013,73,27,24,7,3,34,517,46,124,0.23,675,8
ACJ,CTRL,UD,13,4,1,2013,74,1,24,7,3,35,469,0,0,0,675,8
ACJ,CTRL,UD,13,4,1,2013,74,2,24,7,3,35,471,0,4,0,675,8
ACJ,CTRL,UD,13,4,1,2013,74,3,24,7,3,35,472,0,9,0,675,8
ACJ,CTRL,UD,13,4,1,2013,74,4,24,7,3,36,473,3,14,0.16,675,8
ACJ,CTRL,UD,13,4,1,2013,74,5,24,7,3,36,475,5,19,0.17,675,8
ACJ,CTRL,UD,13,4,1,2013,74,6,24,7,3,36,476,6,24,0.17,675,8
ACJ,CTRL,UD,13,4,1,2013,74,7,24,7,3,36,477,7,28,0.17,675,8
ACJ,CTRL,UD,13,4,1,2013,74,8,24,7,3,36,479,9,33,0.17,675,8
ACJ,CTRL,UD,13,4,1,2013,74,9,24,7,3,36,480,10,38,0.17,675,8
ACJ,CTRL,UD,13,4,1,2013,74,10,24,7,3,36,481,11,43,0.17,675,8
ACJ,CTRL,UD,13,4,1,2013,74,11,24,7,3,36,483,13,48,0.17,675,8
ACJ,CTRL,UD,13,4,1,2013,74,12,24,7,3,36,485,15,52,0.18,675,8
ACJ,CTRL,UD,13,4,1,2013,74,13,24,7,3,36,486,16,57,0.18,675,8
ACJ,CTRL,UD,13,4,1,2013,74,14,24,7,3,36,488,18,62,0.18,675,8
ACJ,CTRL,UD,13,4,1,2013,74,15,24,7,3,36,489,19,67,0.18,675,8
ACJ,CTRL,UD,13,4,1,2013,74,16,24,7,3,36,491,21,72,0.19,675,8
ACJ,CTRL,UD,13,4,1,2013,74,17,24,7,3,37,493,23,76,0.19,675,8
ACJ,CTRL,UD,13,4,1,2013,74,18,24,7,3,37,494,24,81,0.19,675,8
ACJ,CTRL,UD,13,4,1,2013,74,19,24,7,3,37,496,26,86,0.19,675,8
ACJ,CTRL,UD,13,4,1,2013,74,20,24,7,3,37,497,28,91,0.19,675,8
ACJ,CTRL,UD,13,4,1,2013,74,21,24,7,3,37,499,30,96,0.2,675,8
ACJ,CTRL,UD,13,4,1,2013,74,22,24,7,3,37,501,31,100,0.2,675,8
ACJ,CTRL,UD,13,4,1,2013,74,23,24,7,3,37,503,33,105,0.2,675,8
ACJ,CTRL,UD,13,4,1,2013,74,24,24,7,3,37,504,35,110,0.2,675,8
ACJ,CTRL,UD,13,4,1,2013,74,25,24,7,3,37,506,37,115,0.2,675,8
ACJ,CTRL,UD,13,4,1,2013,74,26,24,7,3,37,508,38,120,0.2,675,8
ACJ,CTRL,UD,13,4,1,2013,74,27,24,7,3,37,510,40,124,0.2,675,8
ACJ,CTRL,UD,13,5,1,2013,75,1,24,7,3,38,473,0,0,0,675,8
ACJ,CTRL,UD,13,5,1,2013,75,2,24,7,3,38,474,0,4,0,675,8
ACJ,CTRL,UD,13,5,1,2013,75,3,24,7,3,38,476,0,9,0,675,8
ACJ,CTRL,UD,13,5,1,2013,75,4,24,7,3,38,477,4,14,0.19,675,8
ACJ,CTRL,UD,13,5,1,2013,75,5,24,7,3,39,478,5,19,0.19,675,8
ACJ,CTRL,UD,13,5,1,2013,75,6,24,7,3,39,480,7,24,0.19,675,8
ACJ,CTRL,UD,13,5,1,2013,75,7,24,7,3,39,481,8,28,0.18,675,8
ACJ,CTRL,UD,13,5,1,2013,75,8,24,7,3,39,483,10,33,0.19,675,8
ACJ,CTRL,UD,13,5,1,2013,75,9,24,7,3,39,484,11,38,0.19,675,8
ACJ,CTRL,UD,13,5,1,2013,75,10,24,7,3,39,486,13,43,0.19,675,8
ACJ,CTRL,UD,13,5,1,2013,75,11,24,7,3,39,488,14,48,0.2,675,8
ACJ,CTRL,UD,13,5,1,2013,75,12,24,7,3,39,489,16,52,0.2,675,8
ACJ,CTRL,UD,13,5,1,2013,75,13,24,7,3,39,491,18,57,0.2,675,8
ACJ,CTRL,UD,13,5,1,2013,75,14,24,7,3,39,493,20,62,0.2,675,8
ACJ,CTRL,UD,13,5,1,2013,75,15,24,7,3,39,495,22,67,0.21,675,8
ACJ,CTRL,UD,13,5,1,2013,75,16,24,7,3,39,497,23,72,0.21,675,8
ACJ,CTRL,UD,13,5,1,2013,75,17,24,7,3,40,498,25,76,0.21,675,8
ACJ,CTRL,UD,13,5,1,2013,75,18,24,7,3,40,500,27,81,0.21,675,8
ACJ,CTRL,UD,13,5,1,2013,75,19,24,7,3,40,502,29,86,0.21,675,8
ACJ,CTRL,UD,13,5,1,2013,75,20,24,7,3,40,504,31,91,0.21,675,8
ACJ,CTRL,UD,13,5,1,2013,75,21,24,7,3,40,505,32,96,0.21,675,8
ACJ,CTRL,UD,13,5,1,2013,75,22,24,7,3,40,507,34,100,0.22,675,8
ACJ,CTRL,UD,13,5,1,2013,75,23,24,7,3,40,509,36,105,0.22,675,8
ACJ,CTRL,UD,13,5,1,2013,75,24,24,7,3,40,510,38,110,0.22,675,8
ACJ,CTRL,UD,13,5,1,2013,75,25,24,7,3,40,512,39,115,0.22,675,8
ACJ,CTRL,UD,13,5,1,2013,75,26,24,7,3,40,514,41,120,0.22,675,8
ACJ,CTRL,UD,13,5,1,2013,75,27,24,7,3,40,516,43,124,0.22,675,8
ACJ,CTRL,D,13,6,1,2013,76,1,24,7,3,41,470,0,0,0,675,8
ACJ,CTRL,D,13,6,1,2013,76,2,24,7,3,41,472,0,4,0,675,8
ACJ,CTRL,D,13,6,1,2013,76,3,24,7,3,41,473,0,9,0,675,8
ACJ,CTRL,D,13,6,1,2013,76,4,24,7,3,41,475,4,14,0.18,675,8
ACJ,CTRL,D,13,6,1,2013,76,5,24,7,3,42,476,5,19,0.16,675,8
ACJ,CTRL,D,13,6,1,2013,76,6,24,7,3,42,477,6,24,0.16,675,8
ACJ,CTRL,D,13,6,1,2013,76,7,24,7,3,42,478,7,28,0.16,675,8
ACJ,CTRL,D,13,6,1,2013,76,8,24,7,3,42,480,8,33,0.16,675,8
ACJ,CTRL,D,13,6,1,2013,76,9,24,7,3,42,481,10,38,0.16,675,8
ACJ,CTRL,D,13,6,1,2013,76,10,24,7,3,42,482,11,43,0.17,675,8
ACJ,CTRL,D,13,6,1,2013,76,11,24,7,3,42,483,12,48,0.16,675,8
ACJ,CTRL,D,13,6,1,2013,76,12,24,7,3,42,484,13,52,0.16,675,8
ACJ,CTRL,D,13,6,1,2013,76,13,24,7,3,42,486,14,57,0.16,675,8
ACJ,CTRL,D,13,6,1,2013,76,14,24,7,3,42,487,16,62,0.16,675,8
ACJ,CTRL,D,13,6,1,2013,76,15,24,7,3,42,488,17,67,0.16,675,8
ACJ,CTRL,D,13,6,1,2013,76,16,24,7,3,42,489,18,72,0.16,675,8
ACJ,CTRL,D,13,6,1,2013,76,17,24,7,3,43,491,19,76,0.16,675,8
ACJ,CTRL,D,13,6,1,2013,76,18,24,7,3,43,492,21,81,0.16,675,8
ACJ,CTRL,D,13,6,1,2013,76,19,24,7,3,43,493,22,86,0.16,675,8
ACJ,CTRL,D,13,6,1,2013,76,20,24,7,3,43,494,23,91,0.16,675,8
ACJ,CTRL,D,13,6,1,2013,76,21,24,7,3,43,496,24,96,0.16,675,8
ACJ,CTRL,D,13,6,1,2013,76,22,24,7,3,43,497,26,100,0.16,675,8
ACJ,CTRL,D,13,6,1,2013,76,23,24,7,3,43,498,27,105,0.16,675,8
ACJ,CTRL,D,13,6,1,2013,76,24,24,7,3,43,499,28,110,0.16,675,8
ACJ,CTRL,D,13,6,1,2013,76,25,24,7,3,43,501,29,115,0.16,675,8
ACJ,CTRL,D,13,6,1,2013,76,26,24,7,3,43,502,30,120,0.16,675,8
ACJ,CTRL,D,13,6,1,2013,76,27,24,7,3,43,503,32,124,0.16,675,8
ACJ,CTRL,D,13,7,1,2013,77,1,24,7,3,44,471,0,0,0,675,8
ACJ,CTRL,D,13,7,1,2013,77,2,24,7,3,44,474,0,4,0,675,8
ACJ,CTRL,D,13,7,1,2013,77,3,24,7,3,44,476,0,9,0,675,8
ACJ,CTRL,D,13,7,1,2013,77,4,24,7,3,44,478,7,14,0.31,675,8
ACJ,CTRL,D,13,7,1,2013,77,5,24,7,3,44,479,8,19,0.27,675,8
ACJ,CTRL,D,13,7,1,2013,77,6,24,7,3,44,481,9,24,0.26,675,8
ACJ,CTRL,D,13,7,1,2013,77,7,24,7,3,44,483,11,28,0.25,675,8
ACJ,CTRL,D,13,7,1,2013,77,8,24,7,3,45,485,13,33,0.25,675,8
ACJ,CTRL,D,13,7,1,2013,77,9,24,7,3,45,486,14,38,0.24,675,8
ACJ,CTRL,D,13,7,1,2013,77,10,24,7,3,45,488,16,43,0.24,675,8
ACJ,CTRL,D,13,7,1,2013,77,11,24,7,3,45,490,18,48,0.24,675,8
ACJ,CTRL,D,13,7,1,2013,77,12,24,7,3,45,492,19,52,0.24,675,8
ACJ,CTRL,D,13,7,1,2013,77,13,24,7,3,45,494,21,57,0.24,675,8
ACJ,CTRL,D,13,7,1,2013,77,14,24,7,3,45,496,23,62,0.24,675,8
ACJ,CTRL,D,13,7,1,2013,77,15,24,7,3,45,498,25,67,0.24,675,8
ACJ,CTRL,D,13,7,1,2013,77,16,24,7,3,45,500,27,72,0.24,675,8
ACJ,CTRL,D,13,7,1,2013,77,17,24,7,3,45,501,29,76,0.24,675,8
ACJ,CTRL,D,13,7,1,2013,77,18,24,7,3,45,503,31,81,0.24,675,8
ACJ,CTRL,D,13,7,1,2013,77,19,24,7,3,45,505,33,86,0.24,675,8
ACJ,CTRL,D,13,7,1,2013,77,20,24,7,3,46,507,35,91,0.24,675,8
ACJ,CTRL,D,13,7,1,2013,77,21,24,7,3,46,508,36,96,0.24,675,8
ACJ,CTRL,D,13,7,1,2013,77,22,24,7,3,46,510,38,100,0.24,675,8
ACJ,CTRL,D,13,7,1,2013,77,23,24,7,3,46,513,40,105,0.24,675,8
ACJ,CTRL,D,13,7,1,2013,77,24,24,7,3,46,515,42,110,0.24,675,8
ACJ,CTRL,D,13,7,1,2013,77,25,24,7,3,46,517,44,115,0.24,675,8
ACJ,CTRL,D,13,7,1,2013,77,26,24,7,3,46,518,46,120,0.24,675,8
ACJ,CTRL,D,13,7,1,2013,77,27,24,7,3,46,520,48,124,0.24,675,8
ACJ,CTRL,D,13,8,1,2013,78,1,24,7,3,47,476,0,0,0,675,8
ACJ,CTRL,D,13,8,1,2013,78,2,24,7,3,47,479,0,4,0,675,8
ACJ,CTRL,D,13,8,1,2013,78,3,24,7,3,47,480,0,9,0,675,8
ACJ,CTRL,D,13,8,1,2013,78,4,24,7,3,47,481,4,14,0.2,675,8
ACJ,CTRL,D,13,8,1,2013,78,5,24,7,3,47,483,5,19,0.19,675,8
ACJ,CTRL,D,13,8,1,2013,78,6,24,7,3,47,484,7,24,0.2,675,8
ACJ,CTRL,D,13,8,1,2013,78,7,24,7,3,47,485,8,28,0.19,675,8
ACJ,CTRL,D,13,8,1,2013,78,8,24,7,3,47,487,10,33,0.19,675,8
ACJ,CTRL,D,13,8,1,2013,78,9,24,7,3,47,488,11,38,0.19,675,8
ACJ,CTRL,D,13,8,1,2013,78,10,24,7,3,48,490,13,43,0.19,675,8
ACJ,CTRL,D,13,8,1,2013,78,11,24,7,3,48,491,14,48,0.19,675,8
ACJ,CTRL,D,13,8,1,2013,78,12,24,7,3,48,493,16,52,0.19,675,8
ACJ,CTRL,D,13,8,1,2013,78,13,24,7,3,48,495,17,57,0.2,675,8
ACJ,CTRL,D,13,8,1,2013,78,14,24,7,3,48,496,19,62,0.2,675,8
ACJ,CTRL,D,13,8,1,2013,78,15,24,7,3,48,498,21,67,0.2,675,8
ACJ,CTRL,D,13,8,1,2013,78,16,24,7,3,48,500,22,72,0.2,675,8
ACJ,CTRL,D,13,8,1,2013,78,17,24,7,3,48,501,24,76,0.2,675,8
ACJ,CTRL,D,13,8,1,2013,78,18,24,7,3,48,503,26,81,0.2,675,8
ACJ,CTRL,D,13,8,1,2013,78,19,24,7,3,48,505,28,86,0.21,675,8
ACJ,CTRL,D,13,8,1,2013,78,20,24,7,3,48,506,29,91,0.21,675,8
ACJ,CTRL,D,13,8,1,2013,78,21,24,7,3,48,508,31,96,0.21,675,8
ACJ,CTRL,D,13,8,1,2013,78,22,24,7,3,49,510,33,100,0.21,675,8
ACJ,CTRL,D,13,8,1,2013,78,23,24,7,3,49,512,35,105,0.21,675,8
ACJ,CTRL,D,13,8,1,2013,78,24,24,7,3,49,514,37,110,0.21,675,8
ACJ,CTRL,D,13,8,1,2013,78,25,24,7,3,49,516,38,115,0.21,675,8
ACJ,CTRL,D,13,8,1,2013,78,26,24,7,3,49,517,40,120,0.21,675,8
ACJ,CTRL,D,13,8,1,2013,78,27,24,7,3,49,519,42,124,0.21,675,8
ACJ,CTRL,D,13,9,1,2013,79,1,24,7,3,50,474,0,0,0,675,8
ACJ,CTRL,D,13,9,1,2013,79,2,24,7,3,50,475,0,4,0,675,8
ACJ,CTRL,D,13,9,1,2013,79,3,24,7,3,50,476,0,9,0,675,8
ACJ,CTRL,D,13,9,1,2013,79,4,24,7,3,50,477,3,14,0.15,675,8
ACJ,CTRL,D,13,9,1,2013,79,5,24,7,3,51,479,4,19,0.16,675,8
ACJ,CTRL,D,13,9,1,2013,79,6,24,7,3,51,479,5,24,0.15,675,8
ACJ,CTRL,D,13,9,1,2013,79,7,24,7,3,51,480,6,28,0.14,675,8
ACJ,CTRL,D,13,9,1,2013,79,8,24,7,3,51,482,7,33,0.15,675,8
ACJ,CTRL,D,13,9,1,2013,79,9,24,7,3,51,483,9,38,0.15,675,8
ACJ,CTRL,D,13,9,1,2013,79,10,24,7,3,51,484,10,43,0.15,675,8
ACJ,CTRL,D,13,9,1,2013,79,11,24,7,3,51,486,11,48,0.15,675,8
ACJ,CTRL,D,13,9,1,2013,79,12,24,7,3,51,487,13,52,0.15,675,8
ACJ,CTRL,D,13,9,1,2013,79,13,24,7,3,51,489,14,57,0.16,675,8
ACJ,CTRL,D,13,9,1,2013,79,14,24,7,3,51,490,16,62,0.16,675,8
ACJ,CTRL,D,13,9,1,2013,79,15,24,7,3,51,492,17,67,0.16,675,8
ACJ,CTRL,D,13,9,1,2013,79,16,24,7,3,51,493,19,72,0.17,675,8
ACJ,CTRL,D,13,9,1,2013,79,17,24,7,3,51,495,20,76,0.17,675,8
ACJ,CTRL,D,13,9,1,2013,79,18,24,7,3,52,496,22,81,0.17,675,8
ACJ,CTRL,D,13,9,1,2013,79,19,24,7,3,52,497,23,86,0.17,675,8
ACJ,CTRL,D,13,9,1,2013,79,20,24,7,3,52,499,25,91,0.17,675,8
ACJ,CTRL,D,13,9,1,2013,79,21,24,7,3,52,501,27,96,0.18,675,8
ACJ,CTRL,D,13,9,1,2013,79,22,24,7,3,52,503,28,100,0.18,675,8
ACJ,CTRL,D,13,9,1,2013,79,23,24,7,3,52,504,30,105,0.18,675,8
ACJ,CTRL,D,13,9,1,2013,79,24,24,7,3,52,506,32,110,0.18,675,8
ACJ,CTRL,D,13,9,1,2013,79,25,24,7,3,52,507,33,115,0.18,675,8
ACJ,CTRL,D,13,9,1,2013,79,26,24,7,3,52,509,35,120,0.19,675,8
ACJ,CTRL,D,13,9,1,2013,79,27,24,7,3,52,511,37,124,0.19,675,8
ACJ,CTRL,D,13,10,1,2013,80,1,24,7,3,53,474,0,0,0,675,8
ACJ,CTRL,D,13,10,1,2013,80,2,24,7,3,53,478,0,4,0,675,8
ACJ,CTRL,D,13,10,1,2013,80,3,24,7,3,53,481,0,9,0,675,8
ACJ,CTRL,D,13,10,1,2013,80,4,24,7,3,53,484,10,14,0.45,675,8
ACJ,CTRL,D,13,10,1,2013,80,5,24,7,3,53,487,13,19,0.43,675,8
ACJ,CTRL,D,13,10,1,2013,80,6,24,7,3,53,490,15,24,0.42,675,8
ACJ,CTRL,D,13,10,1,2013,80,7,24,7,3,54,493,18,28,0.42,675,8
ACJ,CTRL,D,13,10,1,2013,80,8,24,7,3,54,496,21,33,0.41,675,8
ACJ,CTRL,D,13,10,1,2013,80,9,24,7,3,54,499,24,38,0.41,675,8
ACJ,CTRL,D,13,10,1,2013,80,10,24,7,3,54,502,27,43,0.4,675,8
ACJ,CTRL,D,13,10,1,2013,80,11,24,7,3,54,504,29,48,0.39,675,8
ACJ,CTRL,D,13,10,1,2013,80,12,24,7,3,54,507,32,52,0.39,675,8
ACJ,CTRL,D,13,10,1,2013,80,13,24,7,3,54,510,35,57,0.39,675,8
ACJ,CTRL,D,13,10,1,2013,80,14,24,7,3,54,512,37,62,0.38,675,8
ACJ,CTRL,D,13,10,1,2013,80,15,24,7,3,54,516,40,67,0.38,675,8
ACJ,CTRL,D,13,10,1,2013,80,16,24,7,3,54,518,43,72,0.38,675,8
ACJ,CTRL,D,13,10,1,2013,80,17,24,7,3,54,521,45,76,0.38,675,8
ACJ,CTRL,D,13,10,1,2013,80,18,24,7,3,54,523,48,81,0.38,675,8
ACJ,CTRL,D,13,10,1,2013,80,19,24,7,3,54,526,50,86,0.37,675,8
ESP,CTRL,UD,13,1,1,2013,71,1,24,7,23,49,453,0,0,0,739,8
ESP,CTRL,UD,13,1,1,2013,71,2,24,7,23,49,454,0,4,0,738,8
ESP,CTRL,UD,13,1,1,2013,71,3,24,7,23,49,453,0,9,0,739,8
ESP,CTRL,UD,13,1,1,2013,71,4,24,7,23,49,453,0,14,0.01,739,8
ESP,CTRL,UD,13,1,1,2013,71,5,24,7,23,49,455,1,19,0.05,738,8
ESP,CTRL,UD,13,1,1,2013,71,6,24,7,23,49,454,1,24,0.04,739,8
ESP,CTRL,UD,13,1,1,2013,71,7,24,7,23,50,455,1,28,0.04,739,8
ESP,CTRL,UD,13,1,1,2013,71,8,24,7,23,50,455,2,33,0.04,739,8
ESP,CTRL,UD,13,1,1,2013,71,9,24,7,23,50,457,3,38,0.05,738,8
ESP,CTRL,UD,13,1,1,2013,71,10,24,7,23,50,456,3,43,0.05,739,8
ESP,CTRL,UD,13,1,1,2013,71,11,24,7,23,50,457,4,48,0.05,738,8
ESP,CTRL,UD,13,1,1,2013,71,12,24,7,23,50,457,4,52,0.05,739,8
ESP,CTRL,UD,13,1,1,2013,71,13,24,7,23,50,458,5,57,0.06,738,8
ESP,CTRL,UD,13,1,1,2013,71,14,24,7,23,50,458,5,62,0.06,739,8
ESP,CTRL,UD,13,1,1,2013,71,15,24,7,23,50,458,5,67,0.06,739,8
ESP,CTRL,UD,13,1,1,2013,71,16,24,7,23,50,459,6,72,0.05,739,8
ESP,CTRL,UD,13,1,1,2013,71,17,24,7,23,50,460,6,76,0.06,738,8
ESP,CTRL,UD,13,1,1,2013,71,18,24,7,23,50,459,6,81,0.05,739,8
ESP,CTRL,UD,13,1,1,2013,71,19,24,7,23,51,460,7,86,0.05,739,8
ESP,CTRL,UD,13,1,1,2013,71,20,24,7,23,51,460,7,91,0.05,739,8
ESP,CTRL,UD,13,1,1,2013,71,21,24,7,23,51,462,8,96,0.05,738,8
ESP,CTRL,UD,13,1,1,2013,71,22,24,7,23,51,461,8,100,0.05,739,8
ESP,CTRL,UD,13,1,1,2013,71,23,24,7,23,51,461,8,105,0.05,739,8
ESP,CTRL,UD,13,1,1,2013,71,24,24,7,23,51,463,9,110,0.05,738,8
ESP,CTRL,UD,13,1,1,2013,71,25,24,7,23,51,462,9,115,0.05,739,8
ESP,CTRL,UD,13,1,1,2013,71,26,24,7,23,51,463,9,120,0.05,739,8
ESP,CTRL,UD,13,1,1,2013,71,27,24,7,23,51,464,10,124,0.05,738,8
ESP,CTRL,UD,13,2,1,2013,72,1,24,7,23,52,455,0,0,0,739,8
ESP,CTRL,UD,13,2,1,2013,72,2,24,7,23,52,456,0,4,0,739,8
ESP,CTRL,UD,13,2,1,2013,72,3,24,7,23,52,457,0,9,0,739,8
ESP,CTRL,UD,13,2,1,2013,72,4,24,7,23,53,458,2,14,0.13,738,8
ESP,CTRL,UD,13,2,1,2013,72,5,24,7,23,53,459,3,19,0.13,738,8
ESP,CTRL,UD,13,2,1,2013,72,6,24,7,23,53,459,4,24,0.12,738,8
ESP,CTRL,UD,13,2,1,2013,72,7,24,7,23,53,460,4,28,0.11,738,8
ESP,CTRL,UD,13,2,1,2013,72,8,24,7,23,53,460,5,33,0.1,738,8
ESP,CTRL,UD,13,2,1,2013,72,9,24,7,23,53,460,5,38,0.09,739,8
ESP,CTRL,UD,13,2,1,2013,72,10,24,7,23,53,461,5,43,0.08,739,8
ESP,CTRL,UD,13,2,1,2013,72,11,24,7,23,53,462,6,48,0.09,738,8
ESP,CTRL,UD,13,2,1,2013,72,12,24,7,23,53,463,6,52,0.09,738,8
ESP,CTRL,UD,13,2,1,2013,72,13,24,7,23,53,463,7,57,0.09,738,8
ESP,CTRL,UD,13,2,1,2013,72,14,24,7,23,53,463,7,62,0.08,739,8
ESP,CTRL,UD,13,2,1,2013,72,15,24,7,23,53,464,8,67,0.08,739,8
ESP,CTRL,UD,13,2,1,2013,72,16,24,7,23,53,464,8,72,0.08,739,8
ESP,CTRL,UD,13,2,1,2013,72,17,24,7,23,54,465,9,76,0.08,739,8
ESP,CTRL,UD,13,2,1,2013,72,18,24,7,23,54,465,9,81,0.08,739,8
ESP,CTRL,UD,13,2,1,2013,72,19,24,7,23,54,466,10,86,0.08,739,8
ESP,CTRL,UD,13,2,1,2013,72,20,24,7,23,54,468,10,91,0.08,738,8
ESP,CTRL,UD,13,2,1,2013,72,21,24,7,23,54,468,11,96,0.08,738,8
ESP,CTRL,UD,13,2,1,2013,72,22,24,7,23,54,469,12,100,0.08,738,8
ESP,CTRL,UD,13,2,1,2013,72,23,24,7,23,54,469,13,105,0.08,739,8
ESP,CTRL,UD,13,2,1,2013,72,24,24,7,23,54,470,13,110,0.08,738,8
ESP,CTRL,UD,13,2,1,2013,72,25,24,7,23,54,470,14,115,0.08,739,8
ESP,CTRL,UD,13,2,1,2013,72,26,24,7,23,54,471,14,120,0.08,739,8
ESP,CTRL,UD,13,2,1,2013,72,27,24,7,23,54,471,15,124,0.08,739,8
ESP,CTRL,UD,13,3,1,2013,73,1,24,7,23,55,458,0,0,0,738,8
ESP,CTRL,UD,13,3,1,2013,73,2,24,7,23,56,459,0,4,0,738,8
ESP,CTRL,UD,13,3,1,2013,73,3,24,7,23,56,458,0,9,0,739,8
ESP,CTRL,UD,13,3,1,2013,73,4,24,7,23,56,460,1,14,0.06,738,8
ESP,CTRL,UD,13,3,1,2013,73,5,24,7,23,56,461,2,19,0.09,738,8
ESP,CTRL,UD,13,3,1,2013,73,6,24,7,23,56,461,3,24,0.09,738,8
ESP,CTRL,UD,13,3,1,2013,73,7,24,7,23,56,462,3,28,0.09,738,8
ESP,CTRL,UD,13,3,1,2013,73,8,24,7,23,56,462,4,33,0.08,738,8
ESP,CTRL,UD,13,3,1,2013,73,9,24,7,23,56,463,4,38,0.09,738,8
ESP,CTRL,UD,13,3,1,2013,73,10,24,7,23,56,463,5,43,0.08,738,8
ESP,CTRL,UD,13,3,1,2013,73,11,24,7,23,56,462,5,48,0.07,739,8
ESP,CTRL,UD,13,3,1,2013,73,12,24,7,23,56,464,6,52,0.08,738,8
ESP,CTRL,UD,13,3,1,2013,73,13,24,7,23,56,464,6,57,0.07,739,8
ESP,CTRL,UD,13,3,1,2013,73,14,24,7,23,57,465,7,62,0.07,738,8
ESP,CTRL,UD,13,3,1,2013,73,15,24,7,23,57,466,7,67,0.07,738,8
ESP,CTRL,UD,13,3,1,2013,73,16,24,7,23,57,465,7,72,0.07,739,8
ESP,CTRL,UD,13,3,1,2013,73,17,24,7,23,57,466,8,76,0.07,738,8
ESP,CTRL,UD,13,3,1,2013,73,18,24,7,23,57,466,8,81,0.07,739,8
ESP,CTRL,UD,13,3,1,2013,73,19,24,7,23,57,467,9,86,0.07,738,8
ESP,CTRL,UD,13,3,1,2013,73,20,24,7,23,57,467,9,91,0.07,739,8
ESP,CTRL,UD,13,3,1,2013,73,21,24,7,23,57,468,10,96,0.07,738,8
ESP,CTRL,UD,13,3,1,2013,73,22,24,7,23,57,469,10,100,0.07,738,8
ESP,CTRL,UD,13,3,1,2013,73,23,24,7,23,57,469,11,105,0.07,738,8
ESP,CTRL,UD,13,3,1,2013,73,24,24,7,23,57,469,11,110,0.07,739,8
ESP,CTRL,UD,13,3,1,2013,73,25,24,7,23,57,470,11,115,0.07,738,8
ESP,CTRL,UD,13,3,1,2013,73,26,24,7,23,57,471,12,120,0.07,738,8
ESP,CTRL,UD,13,3,1,2013,73,27,24,7,23,58,470,12,124,0.07,739,8
ESP,CTRL,UD,13,4,1,2013,74,1,24,7,23,58,465,0,0,0,738,8
ESP,CTRL,UD,13,4,1,2013,74,2,24,7,23,58,466,0,4,0,739,8
ESP,CTRL,UD,13,4,1,2013,74,3,24,7,23,58,468,0,9,0,738,8
ESP,CTRL,UD,13,4,1,2013,74,4,24,7,23,59,469,4,14,0.22,738,8
ESP,CTRL,UD,13,4,1,2013,74,5,24,7,23,59,469,4,19,0.17,739,8
ESP,CTRL,UD,13,4,1,2013,74,6,24,7,23,59,471,6,24,0.17,738,8
ESP,CTRL,UD,13,4,1,2013,74,7,24,7,23,59,472,6,28,0.16,738,8
ESP,CTRL,UD,13,4,1,2013,74,8,24,7,23,59,471,6,33,0.14,739,8
ESP,CTRL,UD,13,4,1,2013,74,9,24,7,23,59,473,7,38,0.13,738,8
ESP,CTRL,UD,13,4,1,2013,74,10,24,7,23,59,474,8,43,0.13,738,8
ESP,CTRL,UD,13,4,1,2013,74,11,24,7,23,59,474,8,48,0.13,738,8
ESP,CTRL,UD,13,4,1,2013,74,12,24,7,23,59,475,9,52,0.12,738,8
ESP,CTRL,UD,13,4,1,2013,74,13,24,7,23,59,476,10,57,0.12,738,8
ESP,CTRL,UD,13,4,1,2013,74,14,24,7,23,59,476,10,62,0.12,738,8
ESP,CTRL,UD,13,4,1,2013,74,15,24,7,23,59,477,11,67,0.11,738,8
ESP,CTRL,UD,13,4,1,2013,74,16,25,7,0,0,476,11,72,0.11,739,8
ESP,CTRL,UD,13,4,1,2013,74,17,25,7,0,0,478,11,76,0.1,738,8
ESP,CTRL,UD,13,4,1,2013,74,18,25,7,0,0,477,12,81,0.1,739,8
ESP,CTRL,UD,13,4,1,2013,74,19,25,7,0,0,479,12,86,0.1,738,8
ESP,CTRL,UD,13,4,1,2013,74,20,25,7,0,0,479,13,91,0.1,738,8
ESP,CTRL,UD,13,4,1,2013,74,21,25,7,0,0,479,13,96,0.09,739,8
ESP,CTRL,UD,13,4,1,2013,74,22,25,7,0,0,480,14,100,0.09,738,8
ESP,CTRL,UD,13,4,1,2013,74,23,25,7,0,0,481,14,105,0.09,738,8
ESP,CTRL,UD,13,4,1,2013,74,24,25,7,0,0,481,15,110,0.09,738,8
ESP,CTRL,UD,13,4,1,2013,74,25,25,7,0,0,481,15,115,0.09,739,8
ESP,CTRL,UD,13,4,1,2013,74,26,25,7,0,0,482,15,120,0.09,738,8
ESP,CTRL,UD,13,4,1,2013,74,27,25,7,0,0,482,16,124,0.09,739,8
ESP,CTRL,UD,13,5,1,2013,75,1,25,7,0,1,463,0,0,0,739,8
ESP,CTRL,UD,13,5,1,2013,75,2,25,7,0,1,466,0,4,0,739,8
ESP,CTRL,UD,13,5,1,2013,75,3,25,7,0,2,469,0,9,0,739,8
ESP,CTRL,UD,13,5,1,2013,75,4,25,7,0,2,471,7,14,0.36,738,8
ESP,CTRL,UD,13,5,1,2013,75,5,25,7,0,2,472,8,19,0.32,738,8
ESP,CTRL,UD,13,5,1,2013,75,6,25,7,0,2,473,9,24,0.27,738,8
ESP,CTRL,UD,13,5,1,2013,75,7,25,7,0,2,474,10,28,0.24,738,8
ESP,CTRL,UD,13,5,1,2013,75,8,25,7,0,2,475,10,33,0.22,738,8
ESP,CTRL,UD,13,5,1,2013,75,9,25,7,0,2,475,11,38,0.2,738,8
ESP,CTRL,UD,13,5,1,2013,75,10,25,7,0,2,476,11,43,0.19,738,8
ESP,CTRL,UD,13,5,1,2013,75,11,25,7,0,2,477,12,48,0.18,738,8
ESP,CTRL,UD,13,5,1,2013,75,12,25,7,0,2,478,12,52,0.17,738,8
ESP,CTRL,UD,13,5,1,2013,75,13,25,7,0,2,478,13,57,0.16,738,8
ESP,CTRL,UD,13,5,1,2013,75,14,25,7,0,2,479,14,62,0.16,738,8
ESP,CTRL,UD,13,5,1,2013,75,15,25,7,0,2,480,14,67,0.15,738,8
ESP,CTRL,UD,13,5,1,2013,75,16,25,7,0,3,481,15,72,0.15,738,8
ESP,CTRL,UD,13,5,1,2013,75,17,25,7,0,3,480,15,76,0.14,739,8
ESP,CTRL,UD,13,5,1,2013,75,18,25,7,0,3,482,16,81,0.14,738,8
ESP,CTRL,UD,13,5,1,2013,75,19,25,7,0,3,483,17,86,0.13,738,8
ESP,CTRL,UD,13,5,1,2013,75,20,25,7,0,3,484,17,91,0.13,738,8
ESP,CTRL,UD,13,5,1,2013,75,21,25,7,0,3,484,18,96,0.13,738,8
ESP,CTRL,UD,13,5,1,2013,75,22,25,7,0,3,485,18,100,0.13,738,8
ESP,CTRL,UD,13,5,1,2013,75,23,25,7,0,3,485,19,105,0.12,739,8
ESP,CTRL,UD,13,5,1,2013,75,24,25,7,0,3,486,19,110,0.12,738,8
ESP,CTRL,UD,13,5,1,2013,75,25,25,7,0,3,487,20,115,0.12,738,8
ESP,CTRL,UD,13,5,1,2013,75,26,25,7,0,3,488,21,120,0.12,738,8
ESP,CTRL,UD,13,5,1,2013,75,27,25,7,0,3,488,21,124,0.12,738,8
ESP,CTRL,D,13,6,1,2013,76,1,25,7,0,4,449,0,0,0,738,8
ESP,CTRL,D,13,6,1,2013,76,2,25,7,0,4,449,0,4,0,738,8
ESP,CTRL,D,13,6,1,2013,76,3,25,7,0,5,450,0,9,0,738,8
ESP,CTRL,D,13,6,1,2013,76,4,25,7,0,5,451,2,14,0.12,738,8
ESP,CTRL,D,13,6,1,2013,76,5,25,7,0,5,452,3,19,0.13,738,8
ESP,CTRL,D,13,6,1,2013,76,6,25,7,0,5,453,4,24,0.13,738,8
ESP,CTRL,D,13,6,1,2013,76,7,25,7,0,5,453,4,28,0.12,739,8
ESP,CTRL,D,13,6,1,2013,76,8,25,7,0,5,455,6,33,0.12,738,8
ESP,CTRL,D,13,6,1,2013,76,9,25,7,0,5,456,7,38,0.13,738,8
ESP,CTRL,D,13,6,1,2013,76,10,25,7,0,5,457,8,43,0.13,738,8
ESP,CTRL,D,13,6,1,2013,76,11,25,7,0,5,458,9,48,0.13,738,8
ESP,CTRL,D,13,6,1,2013,76,12,25,7,0,5,459,10,52,0.13,738,8
ESP,CTRL,D,13,6,1,2013,76,13,25,7,0,5,460,11,57,0.13,738,8
ESP,CTRL,D,13,6,1,2013,76,14,25,7,0,5,461,12,62,0.13,738,8
ESP,CTRL,D,13,6,1,2013,76,15,25,7,0,5,462,13,67,0.13,738,8
ESP,CTRL,D,13,6,1,2013,76,16,25,7,0,6,463,14,72,0.13,738,8
ESP,CTRL,D,13,6,1,2013,76,17,25,7,0,6,464,15,76,0.14,738,8
ESP,CTRL,D,13,6,1,2013,76,18,25,7,0,6,464,16,81,0.13,738,8
ESP,CTRL,D,13,6,1,2013,76,19,25,7,0,6,465,17,86,0.13,738,8
ESP,CTRL,D,13,6,1,2013,76,20,25,7,0,6,466,17,91,0.13,738,8
ESP,CTRL,D,13,6,1,2013,76,21,25,7,0,6,467,18,96,0.13,738,8
ESP,CTRL,D,13,6,1,2013,76,22,25,7,0,6,468,19,100,0.13,738,8
ESP,CTRL,D,13,6,1,2013,76,23,25,7,0,6,469,20,105,0.13,738,8
ESP,CTRL,D,13,6,1,2013,76,24,25,7,0,6,469,21,110,0.13,738,8
ESP,CTRL,D,13,6,1,2013,76,25,25,7,0,6,471,22,115,0.13,738,8
ESP,CTRL,D,13,6,1,2013,76,26,25,7,0,6,471,23,120,0.13,738,8
ESP,CTRL,D,13,6,1,2013,76,27,25,7,0,6,472,23,124,0.13,738,8
ESP,CTRL,D,13,7,1,2013,77,1,25,7,0,7,463,0,0,0,738,8
ESP,CTRL,D,13,7,1,2013,77,2,25,7,0,7,466,0,4,0,738,8
ESP,CTRL,D,13,7,1,2013,77,3,25,7,0,7,468,0,9,0,738,8
ESP,CTRL,D,13,7,1,2013,77,4,25,7,0,7,469,5,14,0.26,738,8
ESP,CTRL,D,13,7,1,2013,77,5,25,7,0,8,469,5,19,0.21,738,8
ESP,CTRL,D,13,7,1,2013,77,6,25,7,0,8,470,6,24,0.18,738,8
ESP,CTRL,D,13,7,1,2013,77,7,25,7,0,8,471,6,28,0.16,738,8
ESP,CTRL,D,13,7,1,2013,77,8,25,7,0,8,472,7,33,0.15,738,8
ESP,CTRL,D,13,7,1,2013,77,9,25,7,0,8,472,7,38,0.14,738,8
ESP,CTRL,D,13,7,1,2013,77,10,25,7,0,8,473,8,43,0.13,738,8
ESP,CTRL,D,13,7,1,2013,77,11,25,7,0,8,474,8,48,0.13,738,8
ESP,CTRL,D,13,7,1,2013,77,12,25,7,0,8,474,9,52,0.12,738,8
ESP,CTRL,D,13,7,1,2013,77,13,25,7,0,8,475,10,57,0.12,738,8
ESP,CTRL,D,13,7,1,2013,77,14,25,7,0,8,475,10,62,0.11,738,8
ESP,CTRL,D,13,7,1,2013,77,15,25,7,0,8,476,10,67,0.11,738,8
ESP,CTRL,D,13,7,1,2013,77,16,25,7,0,8,477,11,72,0.11,738,8
ESP,CTRL,D,13,7,1,2013,77,17,25,7,0,9,477,12,76,0.1,738,8
ESP,CTRL,D,13,7,1,2013,77,18,25,7,0,9,478,12,81,0.1,738,8
ESP,CTRL,D,13,7,1,2013,77,19,25,7,0,9,478,12,86,0.1,738,8
ESP,CTRL,D,13,7,1,2013,77,20,25,7,0,9,479,13,91,0.1,738,8
ESP,CTRL,D,13,7,1,2013,77,21,25,7,0,9,479,13,96,0.1,738,8
ESP,CTRL,D,13,7,1,2013,77,22,25,7,0,9,480,14,100,0.1,738,8
ESP,CTRL,D,13,7,1,2013,77,23,25,7,0,9,481,14,105,0.09,738,8
ESP,CTRL,D,13,7,1,2013,77,24,25,7,0,9,481,15,110,0.09,738,8
ESP,CTRL,D,13,7,1,2013,77,25,25,7,0,9,482,16,115,0.09,738,8
ESP,CTRL,D,13,7,1,2013,77,26,25,7,0,9,482,16,120,0.09,738,8
ESP,CTRL,D,13,7,1,2013,77,27,25,7,0,9,483,17,124,0.09,738,8
ESP,CTRL,D,13,8,1,2013,78,10,25,7,0,12,451,0,0,0,738,8
ESP,CTRL,D,13,8,1,2013,78,11,25,7,0,12,451,0,4,0,738,8
ESP,CTRL,D,13,8,1,2013,78,12,25,7,0,12,451,0,9,0,738,8
ESP,CTRL,D,13,8,1,2013,78,13,25,7,0,12,452,0,14,0.01,738,8
ESP,CTRL,D,13,8,1,2013,78,14,25,7,0,12,452,0,19,0.01,738,8
ESP,CTRL,D,13,8,1,2013,78,15,25,7,0,13,452,0,24,0,738,8
ESP,CTRL,D,13,8,1,2013,78,16,25,7,0,13,452,0,28,0,738,8
ESP,CTRL,D,13,8,1,2013,78,17,25,7,0,13,452,0,33,0,738,8
ESP,CTRL,D,13,8,1,2013,78,18,25,7,0,13,452,0,38,0.01,738,8
ESP,CTRL,D,13,8,1,2013,78,19,25,7,0,13,452,0,43,0.01,738,8
ESP,CTRL,D,13,8,1,2013,78,20,25,7,0,13,452,0,48,0.01,738,8
ESP,CTRL,D,13,8,1,2013,78,21,25,7,0,13,453,1,52,0.01,738,8
ESP,CTRL,D,13,8,1,2013,78,22,25,7,0,13,453,1,57,0.01,738,8
ESP,CTRL,D,13,8,1,2013,78,23,25,7,0,13,453,1,62,0.01,738,8
ESP,CTRL,D,13,8,1,2013,78,24,25,7,0,13,453,1,67,0.01,738,8
ESP,CTRL,D,13,8,1,2013,78,25,25,7,0,13,453,1,72,0.01,738,8
ESP,CTRL,D,13,8,1,2013,78,26,25,7,0,13,453,1,76,0.01,738,8
ESP,CTRL,D,13,8,1,2013,78,27,25,7,0,14,453,2,81,0.01,738,8
ESP,CTRL,D,13,8,1,2013,78,28,25,7,0,14,454,2,86,0.01,738,8
ESP,CTRL,D,13,8,1,2013,78,29,25,7,0,14,454,2,91,0.01,738,8
ESP,CTRL,D,13,8,1,2013,78,30,25,7,0,14,454,2,96,0.01,738,8
ESP,CTRL,D,13,8,1,2013,78,31,25,7,0,14,454,2,100,0.01,738,8
ESP,CTRL,D,13,8,1,2013,78,32,25,7,0,14,454,2,105,0.01,738,8
ESP,CTRL,D,13,8,1,2013,78,33,25,7,0,14,454,3,110,0.02,738,8
ESP,CTRL,D,13,8,1,2013,78,34,25,7,0,14,454,3,115,0.02,738,8
ESP,CTRL,D,13,8,1,2013,78,35,25,7,0,14,454,3,120,0.02,738,8
ESP,CTRL,D,13,8,1,2013,78,36,25,7,0,14,455,3,124,0.02,738,8
ESP,CTRL,D,13,9,1,2013,79,1,25,7,0,15,443,0,0,0,738,8
ESP,CTRL,D,13,9,1,2013,79,2,25,7,0,15,444,0,4,0,738,8
ESP,CTRL,D,13,9,1,2013,79,3,25,7,0,15,445,0,9,0,738,8
ESP,CTRL,D,13,9,1,2013,79,4,25,7,0,15,446,2,14,0.14,738,8
ESP,CTRL,D,13,9,1,2013,79,5,25,7,0,15,446,3,19,0.13,738,8
ESP,CTRL,D,13,9,1,2013,79,6,25,7,0,16,448,4,24,0.13,738,8
ESP,CTRL,D,13,9,1,2013,79,7,25,7,0,16,448,5,28,0.13,738,8
ESP,CTRL,D,13,9,1,2013,79,8,25,7,0,16,449,6,33,0.13,738,8
ESP,CTRL,D,13,9,1,2013,79,9,25,7,0,16,450,7,38,0.13,738,8
ESP,CTRL,D,13,9,1,2013,79,10,25,7,0,16,451,8,43,0.13,738,8
ESP,CTRL,D,13,9,1,2013,79,11,25,7,0,16,452,8,48,0.12,738,8
ESP,CTRL,D,13,9,1,2013,79,12,25,7,0,16,452,9,52,0.12,738,8
ESP,CTRL,D,13,9,1,2013,79,13,25,7,0,16,453,10,57,0.12,738,8
ESP,CTRL,D,13,9,1,2013,79,14,25,7,0,16,454,10,62,0.12,738,8
ESP,CTRL,D,13,9,1,2013,79,15,25,7,0,16,455,11,67,0.12,738,8
ESP,CTRL,D,13,9,1,2013,79,16,25,7,0,16,455,12,72,0.12,738,8
ESP,CTRL,D,13,9,1,2013,79,17,25,7,0,16,456,13,76,0.12,738,8
ESP,CTRL,D,13,9,1,2013,79,18,25,7,0,17,457,13,81,0.12,738,8
ESP,CTRL,D,13,9,1,2013,79,19,25,7,0,17,458,14,86,0.11,738,8
ESP,CTRL,D,13,9,1,2013,79,20,25,7,0,17,459,15,91,0.11,738,8
ESP,CTRL,D,13,9,1,2013,79,21,25,7,0,17,459,16,96,0.11,738,8
ESP,CTRL,D,13,9,1,2013,79,22,25,7,0,17,460,16,100,0.11,738,8
ESP,CTRL,D,13,9,1,2013,79,23,25,7,0,17,461,17,105,0.11,738,8
ESP,CTRL,D,13,9,1,2013,79,24,25,7,0,17,461,18,110,0.11,738,8
ESP,CTRL,D,13,9,1,2013,79,25,25,7,0,17,462,19,115,0.11,738,8
ESP,CTRL,D,13,9,1,2013,79,26,25,7,0,17,463,19,120,0.11,738,8
ESP,CTRL,D,13,9,1,2013,79,27,25,7,0,17,464,20,124,0.11,738,8
ESP,CTRL,D,13,10,1,2013,80,1,25,7,0,18,446,0,0,0,738,8
ESP,CTRL,D,13,10,1,2013,80,2,25,7,0,18,446,0,4,0,738,8
ESP,CTRL,D,13,10,1,2013,80,3,25,7,0,18,447,0,9,0,738,8
ESP,CTRL,D,13,10,1,2013,80,4,25,7,0,18,447,1,14,0.04,738,8
ESP,CTRL,D,13,10,1,2013,80,5,25,7,0,18,447,1,19,0.04,738,8
ESP,CTRL,D,13,10,1,2013,80,6,25,7,0,19,447,1,24,0.03,738,8
ESP,CTRL,D,13,10,1,2013,80,7,25,7,0,19,447,1,28,0.03,738,8
ESP,CTRL,D,13,10,1,2013,80,8,25,7,0,19,447,1,33,0.03,738,8
ESP,CTRL,D,13,10,1,2013,80,9,25,7,0,19,448,1,38,0.03,738,8
ESP,CTRL,D,13,10,1,2013,80,10,25,7,0,19,448,1,43,0.03,738,8
ESP,CTRL,D,13,10,1,2013,80,11,25,7,0,19,448,2,48,0.02,738,8
ESP,CTRL,D,13,10,1,2013,80,12,25,7,0,19,448,2,52,0.03,738,8
ESP,CTRL,D,13,10,1,2013,80,13,25,7,0,19,449,2,57,0.03,738,8
ESP,CTRL,D,13,10,1,2013,80,14,25,7,0,19,449,2,62,0.03,738,8
ESP,CTRL,D,13,10,1,2013,80,15,25,7,0,19,449,2,67,0.03,738,8
ESP,CTRL,D,13,10,1,2013,80,16,25,7,0,19,449,3,72,0.03,738,8
ESP,CTRL,D,13,10,1,2013,80,17,25,7,0,19,449,3,76,0.03,738,8
ESP,CTRL,D,13,10,1,2013,80,18,25,7,0,20,450,3,81,0.03,738,8
ESP,CTRL,D,13,10,1,2013,80,19,25,7,0,20,450,3,86,0.03,738,8
ESP,CTRL,D,13,10,1,2013,80,20,25,7,0,20,450,4,91,0.03,738,8
ESP,CTRL,D,13,10,1,2013,80,21,25,7,0,20,450,4,96,0.03,738,8
ESP,CTRL,D,13,10,1,2013,80,22,25,7,0,20,450,4,100,0.03,738,8
ESP,CTRL,D,13,10,1,2013,80,23,25,7,0,20,451,4,105,0.03,738,8
ESP,CTRL,D,13,10,1,2013,80,24,25,7,0,20,451,4,110,0.03,738,8
ESP,CTRL,D,13,10,1,2013,80,25,25,7,0,20,451,5,115,0.03,738,8
ESP,CTRL,D,13,10,1,2013,80,26,25,7,0,20,452,5,120,0.03,738,8
ESP,CTRL,D,13,10,1,2013,80,27,25,7,0,20,452,5,124,0.03,738,8
TU4,CTRL,UD,13,1,1,2013,71,28,23,7,0,44,470,0,0,0,743,8
TU4,CTRL,UD,13,1,1,2013,71,29,23,7,0,44,470,0,4,0,743,8
TU4,CTRL,UD,13,1,1,2013,71,30,23,7,0,44,472,0,9,0,743,8
TU4,CTRL,UD,13,1,1,2013,71,31,23,7,0,44,474,4,14,0.19,743,8
TU4,CTRL,UD,13,1,1,2013,71,32,23,7,0,44,475,5,19,0.21,743,8
TU4,CTRL,UD,13,1,1,2013,71,33,23,7,0,44,477,7,24,0.21,743,8
TU4,CTRL,UD,13,1,1,2013,71,34,23,7,0,44,478,8,28,0.21,743,8
TU4,CTRL,UD,13,1,1,2013,71,35,23,7,0,44,480,10,33,0.21,743,8
TU4,CTRL,UD,13,1,1,2013,71,36,23,7,0,44,481,11,38,0.21,743,8
TU4,CTRL,UD,13,1,1,2013,71,37,23,7,0,45,482,12,43,0.21,743,8
TU4,CTRL,UD,13,1,1,2013,71,38,23,7,0,45,483,14,48,0.2,743,8
TU4,CTRL,UD,13,1,1,2013,71,39,23,7,0,45,485,15,52,0.21,743,8
TU4,CTRL,UD,13,1,1,2013,71,40,23,7,0,45,486,16,57,0.2,743,8
TU4,CTRL,UD,13,1,1,2013,71,41,23,7,0,45,488,18,62,0.2,743,8
TU4,CTRL,UD,13,1,1,2013,71,42,23,7,0,45,489,19,67,0.2,743,8
TU4,CTRL,UD,13,1,1,2013,71,43,23,7,0,45,490,20,72,0.2,743,8
TU4,CTRL,UD,13,1,1,2013,71,44,23,7,0,45,491,22,76,0.2,743,8
TU4,CTRL,UD,13,1,1,2013,71,45,23,7,0,45,493,23,81,0.2,743,8
TU4,CTRL,UD,13,1,1,2013,71,46,23,7,0,45,494,24,86,0.2,743,8
TU4,CTRL,UD,13,1,1,2013,71,47,23,7,0,45,495,25,91,0.2,743,8
TU4,CTRL,UD,13,1,1,2013,71,48,23,7,0,45,497,27,96,0.2,743,8
TU4,CTRL,UD,13,1,1,2013,71,49,23,7,0,46,498,28,100,0.2,743,8
TU4,CTRL,UD,13,1,1,2013,71,50,23,7,0,46,499,29,105,0.19,743,8
TU4,CTRL,UD,13,1,1,2013,71,51,23,7,0,46,501,31,110,0.19,743,8
TU4,CTRL,UD,13,1,1,2013,71,52,23,7,0,46,502,32,115,0.19,743,8
TU4,CTRL,UD,13,1,1,2013,71,53,23,7,0,46,503,33,120,0.19,743,8
TU4,CTRL,UD,13,1,1,2013,71,54,23,7,0,46,504,34,124,0.19,743,8
TU4,CTRL,UD,13,2,1,2013,72,1,23,7,0,47,487,0,0,0,743,8
TU4,CTRL,UD,13,2,1,2013,72,2,23,7,0,47,489,0,4,0,743,8
TU4,CTRL,UD,13,2,1,2013,72,3,23,7,0,47,490,0,9,0,743,8
TU4,CTRL,UD,13,2,1,2013,72,4,23,7,0,47,491,3,14,0.17,743,8
TU4,CTRL,UD,13,2,1,2013,72,5,23,7,0,48,492,4,19,0.16,743,8
TU4,CTRL,UD,13,2,1,2013,72,6,23,7,0,48,493,5,24,0.16,743,8
TU4,CTRL,UD,13,2,1,2013,72,7,23,7,0,48,494,6,28,0.15,743,8
TU4,CTRL,UD,13,2,1,2013,72,8,23,7,0,48,495,7,33,0.15,743,8
TU4,CTRL,UD,13,2,1,2013,72,9,23,7,0,48,496,8,38,0.16,743,8
TU4,CTRL,UD,13,2,1,2013,72,10,23,7,0,48,497,9,43,0.15,743,8
TU4,CTRL,UD,13,2,1,2013,72,11,23,7,0,48,498,10,48,0.15,743,8
TU4,CTRL,UD,13,2,1,2013,72,12,23,7,0,48,500,11,52,0.15,743,8
TU4,CTRL,UD,13,2,1,2013,72,13,23,7,0,48,501,12,57,0.15,743,8
TU4,CTRL,UD,13,2,1,2013,72,14,23,7,0,48,502,14,62,0.15,743,8
TU4,CTRL,UD,13,2,1,2013,72,15,23,7,0,48,503,15,67,0.15,743,8
TU4,CTRL,UD,13,2,1,2013,72,16,23,7,0,48,504,16,72,0.15,743,8
TU4,CTRL,UD,13,2,1,2013,72,17,23,7,0,49,505,17,76,0.15,743,8
TU4,CTRL,UD,13,2,1,2013,72,18,23,7,0,49,506,18,81,0.15,743,8
TU4,CTRL,UD,13,2,1,2013,72,19,23,7,0,49,507,19,86,0.15,743,8
TU4,CTRL,UD,13,2,1,2013,72,20,23,7,0,49,508,20,91,0.15,743,8
TU4,CTRL,UD,13,2,1,2013,72,21,23,7,0,49,509,21,96,0.15,743,8
TU4,CTRL,UD,13,2,1,2013,72,22,23,7,0,49,510,22,100,0.15,743,8
TU4,CTRL,UD,13,2,1,2013,72,23,23,7,0,49,511,23,105,0.15,743,8
TU4,CTRL,UD,13,2,1,2013,72,24,23,7,0,49,512,24,110,0.15,743,8
TU4,CTRL,UD,13,2,1,2013,72,25,23,7,0,49,514,25,115,0.15,743,8
TU4,CTRL,UD,13,2,1,2013,72,26,23,7,0,49,515,26,120,0.15,743,8
TU4,CTRL,UD,13,2,1,2013,72,27,23,7,0,49,516,28,124,0.15,743,8
TU4,CTRL,UD,13,3,1,2013,73,1,23,7,0,51,471,0,0,0,743,8
TU4,CTRL,UD,13,3,1,2013,73,2,23,7,0,51,473,0,4,0,743,8
TU4,CTRL,UD,13,3,1,2013,73,3,23,7,0,51,475,0,9,0,743,8
TU4,CTRL,UD,13,3,1,2013,73,4,23,7,0,51,476,5,14,0.24,743,8
TU4,CTRL,UD,13,3,1,2013,73,5,23,7,0,51,477,6,19,0.23,743,8
TU4,CTRL,UD,13,3,1,2013,73,6,23,7,0,51,479,7,24,0.21,743,8
TU4,CTRL,UD,13,3,1,2013,73,7,23,7,0,51,480,8,28,0.21,743,8
TU4,CTRL,UD,13,3,1,2013,73,8,23,7,0,51,481,9,33,0.2,743,8
TU4,CTRL,UD,13,3,1,2013,73,9,23,7,0,51,482,10,38,0.19,743,8
TU4,CTRL,UD,13,3,1,2013,73,10,23,7,0,51,483,11,43,0.19,743,8
TU4,CTRL,UD,13,3,1,2013,73,11,23,7,0,51,485,12,48,0.19,743,8
TU4,CTRL,UD,13,3,1,2013,73,12,23,7,0,51,486,13,52,0.18,743,8
TU4,CTRL,UD,13,3,1,2013,73,13,23,7,0,52,487,14,57,0.18,743,8
TU4,CTRL,UD,13,3,1,2013,73,14,23,7,0,52,488,16,62,0.18,743,8
TU4,CTRL,UD,13,3,1,2013,73,15,23,7,0,52,489,17,67,0.18,743,8
TU4,CTRL,UD,13,3,1,2013,73,16,23,7,0,52,490,18,72,0.18,743,8
TU4,CTRL,UD,13,3,1,2013,73,17,23,7,0,52,491,19,76,0.18,743,8
TU4,CTRL,UD,13,3,1,2013,73,18,23,7,0,52,492,20,81,0.17,743,8
TU4,CTRL,UD,13,3,1,2013,73,19,23,7,0,52,494,21,86,0.17,743,8
TU4,CTRL,UD,13,3,1,2013,73,20,23,7,0,52,495,22,91,0.17,743,8
TU4,CTRL,UD,13,3,1,2013,73,21,23,7,0,52,496,23,96,0.17,743,8
TU4,CTRL,UD,13,3,1,2013,73,22,23,7,0,52,497,24,100,0.17,743,8
TU4,CTRL,UD,13,3,1,2013,73,23,23,7,0,52,498,26,105,0.17,743,8
TU4,CTRL,UD,13,3,1,2013,73,24,23,7,0,52,499,27,110,0.17,743,8
TU4,CTRL,UD,13,3,1,2013,73,25,23,7,0,53,500,28,115,0.17,743,8
TU4,CTRL,UD,13,3,1,2013,73,26,23,7,0,53,501,29,120,0.17,743,8
TU4,CTRL,UD,13,3,1,2013,73,27,23,7,0,53,503,30,124,0.17,743,8
TU4,CTRL,UD,13,4,1,2013,74,1,23,7,0,55,488,0,0,0,743,8
TU4,CTRL,UD,13,4,1,2013,74,2,23,7,0,55,490,0,4,0,743,8
TU4,CTRL,UD,13,4,1,2013,74,3,23,7,0,55,492,0,9,0,743,8
TU4,CTRL,UD,13,4,1,2013,74,4,23,7,0,55,495,6,14,0.34,743,8
TU4,CTRL,UD,13,4,1,2013,74,5,23,7,0,55,497,9,19,0.33,743,8
TU4,CTRL,UD,13,4,1,2013,74,6,23,7,0,56,499,11,24,0.33,743,8
TU4,CTRL,UD,13,4,1,2013,74,7,23,7,0,56,501,13,28,0.32,743,8
TU4,CTRL,UD,13,4,1,2013,74,8,23,7,0,56,503,15,33,0.32,743,8
TU4,CTRL,UD,13,4,1,2013,74,9,23,7,0,56,505,17,38,0.31,743,8
TU4,CTRL,UD,13,4,1,2013,74,10,23,7,0,56,507,19,43,0.31,743,8
TU4,CTRL,UD,13,4,1,2013,74,11,23,7,0,56,509,20,48,0.3,743,8
TU4,CTRL,UD,13,4,1,2013,74,12,23,7,0,56,511,22,52,0.3,743,8
TU4,CTRL,UD,13,4,1,2013,74,13,23,7,0,56,513,24,57,0.3,743,8
TU4,CTRL,UD,13,4,1,2013,74,14,23,7,0,56,515,26,62,0.3,743,8
TU4,CTRL,UD,13,4,1,2013,74,15,23,7,0,56,517,28,67,0.29,743,8
TU4,CTRL,UD,13,4,1,2013,74,16,23,7,0,56,518,30,72,0.29,743,8
TU4,CTRL,UD,13,4,1,2013,74,17,23,7,0,56,520,32,76,0.29,743,8
TU4,CTRL,UD,13,4,1,2013,74,18,23,7,0,57,522,33,81,0.29,743,8
TU4,CTRL,UD,13,4,1,2013,74,19,23,7,0,57,524,35,86,0.29,743,8
TU4,CTRL,UD,13,4,1,2013,74,20,23,7,0,57,526,37,91,0.29,743,8
TU4,CTRL,UD,13,4,1,2013,74,21,23,7,0,57,528,39,96,0.29,743,8
TU4,CTRL,UD,13,4,1,2013,74,22,23,7,0,57,529,41,100,0.28,743,8
TU4,CTRL,UD,13,4,1,2013,74,23,23,7,0,57,531,42,105,0.28,743,8
TU4,CTRL,UD,13,4,1,2013,74,24,23,7,0,57,533,44,110,0.28,743,8
TU4,CTRL,UD,13,4,1,2013,74,25,23,7,0,57,535,46,115,0.28,743,8
TU4,CTRL,UD,13,4,1,2013,74,26,23,7,0,57,536,48,120,0.28,743,8
TU4,CTRL,UD,13,4,1,2013,74,27,23,7,0,57,538,49,124,0.28,743,8
TU4,CTRL,UD,13,5,1,2013,75,1,23,7,1,5,490,0,0,0,743,8
TU4,CTRL,UD,13,5,1,2013,75,2,23,7,1,5,491,0,4,0,743,8
TU4,CTRL,UD,13,5,1,2013,75,3,23,7,1,5,493,0,9,0,743,8
TU4,CTRL,UD,13,5,1,2013,75,4,23,7,1,5,495,4,14,0.23,743,8
TU4,CTRL,UD,13,5,1,2013,75,5,23,7,1,5,497,6,19,0.25,743,8
TU4,CTRL,UD,13,5,1,2013,75,6,23,7,1,5,499,9,24,0.26,743,8
TU4,CTRL,UD,13,5,1,2013,75,7,23,7,1,5,500,10,28,0.26,743,8
TU4,CTRL,UD,13,5,1,2013,75,8,23,7,1,6,503,13,33,0.27,743,8
TU4,CTRL,UD,13,5,1,2013,75,9,23,7,1,6,504,14,38,0.27,743,8
TU4,CTRL,UD,13,5,1,2013,75,10,23,7,1,6,506,16,43,0.27,743,8
TU4,CTRL,UD,13,5,1,2013,75,11,23,7,1,6,508,18,48,0.28,743,8
TU4,CTRL,UD,13,5,1,2013,75,12,23,7,1,6,510,20,52,0.28,743,8
TU4,CTRL,UD,13,5,1,2013,75,13,23,7,1,6,512,22,57,0.28,743,8
TU4,CTRL,UD,13,5,1,2013,75,14,23,7,1,6,514,24,62,0.28,743,8
TU4,CTRL,UD,13,5,1,2013,75,15,23,7,1,6,516,26,67,0.28,743,8
TU4,CTRL,UD,13,5,1,2013,75,16,23,7,1,6,518,28,72,0.28,743,8
TU4,CTRL,UD,13,5,1,2013,75,17,23,7,1,6,520,30,76,0.28,743,8
TU4,CTRL,UD,13,5,1,2013,75,18,23,7,1,6,522,32,81,0.28,743,8
TU4,CTRL,UD,13,5,1,2013,75,19,23,7,1,6,524,34,86,0.28,743,8
TU4,CTRL,UD,13,5,1,2013,75,20,23,7,1,7,525,36,91,0.28,743,8
TU4,CTRL,UD,13,5,1,2013,75,21,23,7,1,7,527,38,96,0.28,743,8
TU4,CTRL,UD,13,5,1,2013,75,22,23,7,1,7,529,40,100,0.28,743,8
TU4,CTRL,UD,13,5,1,2013,75,23,23,7,1,7,531,41,105,0.28,743,8
TU4,CTRL,UD,13,5,1,2013,75,24,23,7,1,7,533,43,110,0.28,743,8
TU4,CTRL,UD,13,5,1,2013,75,25,23,7,1,7,535,45,115,0.28,743,8
TU4,CTRL,UD,13,5,1,2013,75,26,23,7,1,7,536,47,120,0.28,743,8
TU4,CTRL,UD,13,5,1,2013,75,27,23,7,1,7,538,49,124,0.27,743,8
TU4,CTRL,D,13,6,1,2013,76,1,23,7,1,10,456,0,0,0,743,8
TU4,CTRL,D,13,6,1,2013,76,2,23,7,1,10,459,0,4,0,743,8
TU4,CTRL,D,13,6,1,2013,76,3,23,7,1,10,461,0,9,0,743,8
TU4,CTRL,D,13,6,1,2013,76,4,23,7,1,10,464,7,14,0.37,743,8
TU4,CTRL,D,13,6,1,2013,76,5,23,7,1,10,466,9,19,0.36,743,8
TU4,CTRL,D,13,6,1,2013,76,6,23,7,1,10,468,11,24,0.34,743,8
TU4,CTRL,D,13,6,1,2013,76,7,23,7,1,10,470,13,28,0.34,743,8
TU4,CTRL,D,13,6,1,2013,76,8,23,7,1,10,472,15,33,0.33,743,8
TU4,CTRL,D,13,6,1,2013,76,9,23,7,1,10,474,17,38,0.33,743,8
TU4,CTRL,D,13,6,1,2013,76,10,23,7,1,10,476,19,43,0.32,743,8
TU4,CTRL,D,13,6,1,2013,76,11,23,7,1,10,479,21,48,0.32,743,8
TU4,CTRL,D,13,6,1,2013,76,12,23,7,1,10,480,23,52,0.32,743,8
TU4,CTRL,D,13,6,1,2013,76,13,23,7,1,10,482,25,57,0.31,743,8
TU4,CTRL,D,13,6,1,2013,76,14,23,7,1,11,484,27,62,0.31,743,8
TU4,CTRL,D,13,6,1,2013,76,15,23,7,1,11,486,29,67,0.31,743,8
TU4,CTRL,D,13,6,1,2013,76,16,23,7,1,11,488,31,72,0.31,743,8
TU4,CTRL,D,13,6,1,2013,76,17,23,7,1,11,490,33,76,0.3,743,8
TU4,CTRL,D,13,6,1,2013,76,18,23,7,1,11,492,35,81,0.3,743,8
TU4,CTRL,D,13,6,1,2013,76,19,23,7,1,11,494,37,86,0.3,743,8
TU4,CTRL,D,13,6,1,2013,76,20,23,7,1,11,496,39,91,0.3,743,8
TU4,CTRL,D,13,6,1,2013,76,21,23,7,1,11,498,41,96,0.3,743,8
TU4,CTRL,D,13,6,1,2013,76,22,23,7,1,11,500,42,100,0.3,743,8
TU4,CTRL,D,13,6,1,2013,76,23,23,7,1,11,502,44,105,0.3,743,8
TU4,CTRL,D,13,6,1,2013,76,24,23,7,1,11,503,46,110,0.29,743,8
TU4,CTRL,D,13,6,1,2013,76,25,23,7,1,11,505,48,115,0.29,743,8
TU4,CTRL,D,13,6,1,2013,76,26,23,7,1,12,507,50,120,0.29,743,8
TU4,CTRL,D,13,7,1,2013,77,1,23,7,1,12,465,0,0,0,743,8
TU4,CTRL,D,13,7,1,2013,77,2,23,7,1,12,466,0,4,0,743,8
TU4,CTRL,D,13,7,1,2013,77,3,23,7,1,13,467,0,9,0,743,8
TU4,CTRL,D,13,7,1,2013,77,4,23,7,1,13,469,4,14,0.2,743,8
TU4,CTRL,D,13,7,1,2013,77,5,23,7,1,13,470,5,19,0.2,743,8
TU4,CTRL,D,13,7,1,2013,77,6,23,7,1,13,471,6,24,0.2,743,8
TU4,CTRL,D,13,7,1,2013,77,7,23,7,1,13,473,8,28,0.2,743,8
TU4,CTRL,D,13,7,1,2013,77,8,23,7,1,13,474,9,33,0.2,743,8
TU4,CTRL,D,13,7,1,2013,77,9,23,7,1,13,476,11,38,0.2,743,8
TU4,CTRL,D,13,7,1,2013,77,10,23,7,1,13,477,12,43,0.2,743,8
TU4,CTRL,D,13,7,1,2013,77,11,23,7,1,13,479,13,48,0.2,743,8
TU4,CTRL,D,13,7,1,2013,77,12,23,7,1,13,480,15,52,0.2,743,8
TU4,CTRL,D,13,7,1,2013,77,13,23,7,1,13,481,16,57,0.2,743,8
TU4,CTRL,D,13,7,1,2013,77,14,23,7,1,13,483,17,62,0.2,743,8
TU4,CTRL,D,13,7,1,2013,77,15,23,7,1,13,484,19,67,0.2,743,8
TU4,CTRL,D,13,7,1,2013,77,16,23,7,1,14,485,20,72,0.2,743,8
TU4,CTRL,D,13,7,1,2013,77,17,23,7,1,14,487,21,76,0.2,743,8
TU4,CTRL,D,13,7,1,2013,77,18,23,7,1,14,488,23,81,0.2,743,8
TU4,CTRL,D,13,7,1,2013,77,19,23,7,1,14,489,24,86,0.2,743,8
TU4,CTRL,D,13,7,1,2013,77,20,23,7,1,14,491,26,91,0.2,743,8
TU4,CTRL,D,13,7,1,2013,77,21,23,7,1,14,492,27,96,0.2,743,8
TU4,CTRL,D,13,7,1,2013,77,22,23,7,1,14,493,28,100,0.2,743,8
TU4,CTRL,D,13,7,1,2013,77,23,23,7,1,14,495,30,105,0.2,743,8
TU4,CTRL,D,13,7,1,2013,77,24,23,7,1,14,496,31,110,0.2,743,8
TU4,CTRL,D,13,7,1,2013,77,25,23,7,1,14,497,32,115,0.2,743,8
TU4,CTRL,D,13,7,1,2013,77,26,23,7,1,14,498,33,120,0.2,743,8
TU4,CTRL,D,13,7,1,2013,77,27,23,7,1,14,500,35,124,0.19,743,8
TU4,CTRL,D,13,8,1,2013,78,1,23,7,1,16,467,0,0,0,743,8
TU4,CTRL,D,13,8,1,2013,78,2,23,7,1,16,470,0,4,0,742,8
TU4,CTRL,D,13,8,1,2013,78,3,23,7,1,16,470,0,9,0,743,8
TU4,CTRL,D,13,8,1,2013,78,4,23,7,1,16,472,4,14,0.22,743,8
TU4,CTRL,D,13,8,1,2013,78,5,23,7,1,16,474,6,19,0.22,743,8
TU4,CTRL,D,13,8,1,2013,78,6,23,7,1,16,475,7,24,0.22,743,8
TU4,CTRL,D,13,8,1,2013,78,7,23,7,1,16,477,9,28,0.22,743,8
TU4,CTRL,D,13,8,1,2013,78,8,23,7,1,16,478,10,33,0.22,743,8
TU4,CTRL,D,13,8,1,2013,78,9,23,7,1,16,480,12,38,0.23,743,8
TU4,CTRL,D,13,8,1,2013,78,10,23,7,1,16,482,14,43,0.23,743,8
TU4,CTRL,D,13,8,1,2013,78,11,23,7,1,16,484,16,48,0.23,743,8
TU4,CTRL,D,13,8,1,2013,78,12,23,7,1,17,486,18,52,0.24,742,8
TU4,CTRL,D,13,8,1,2013,78,13,23,7,1,17,487,19,57,0.24,743,8
TU4,CTRL,D,13,8,1,2013,78,14,23,7,1,17,489,21,62,0.24,743,8
TU4,CTRL,D,13,8,1,2013,78,15,23,7,1,17,490,23,67,0.24,743,8
TU4,CTRL,D,13,8,1,2013,78,16,23,7,1,17,492,24,72,0.24,743,8
TU4,CTRL,D,13,8,1,2013,78,17,23,7,1,17,495,27,76,0.24,742,8
TU4,CTRL,D,13,8,1,2013,78,18,23,7,1,17,496,28,81,0.25,743,8
TU4,CTRL,D,13,8,1,2013,78,19,23,7,1,17,498,30,86,0.25,743,8
TU4,CTRL,D,13,8,1,2013,78,20,23,7,1,17,499,32,91,0.25,743,8
TU4,CTRL,D,13,8,1,2013,78,21,23,7,1,17,501,33,96,0.25,743,8
TU4,CTRL,D,13,8,1,2013,78,22,23,7,1,17,503,35,100,0.25,743,8
TU4,CTRL,D,13,8,1,2013,78,23,23,7,1,17,505,37,105,0.25,743,8
TU4,CTRL,D,13,8,1,2013,78,24,23,7,1,17,506,39,110,0.25,743,8
TU4,CTRL,D,13,8,1,2013,78,25,23,7,1,18,509,41,115,0.25,742,8
TU4,CTRL,D,13,8,1,2013,78,26,23,7,1,18,510,43,120,0.25,742,8
TU4,CTRL,D,13,8,1,2013,78,27,23,7,1,18,510,44,124,0.25,743,8
TU4,CTRL,D,13,9,1,2013,79,1,23,7,1,19,467,0,0,0,743,8
TU4,CTRL,D,13,9,1,2013,79,2,23,7,1,19,468,0,4,0,743,8
TU4,CTRL,D,13,9,1,2013,79,3,23,7,1,19,470,0,9,0,743,8
TU4,CTRL,D,13,9,1,2013,79,4,23,7,1,19,472,4,14,0.23,743,8
TU4,CTRL,D,13,9,1,2013,79,5,23,7,1,19,474,6,19,0.25,743,8
TU4,CTRL,D,13,9,1,2013,79,6,23,7,1,19,475,8,24,0.25,743,8
TU4,CTRL,D,13,9,1,2013,79,7,23,7,1,19,477,10,28,0.26,743,8
TU4,CTRL,D,13,9,1,2013,79,8,23,7,1,19,479,12,33,0.27,743,8
TU4,CTRL,D,13,9,1,2013,79,9,23,7,1,19,481,14,38,0.27,743,8
TU4,CTRL,D,13,9,1,2013,79,10,23,7,1,19,483,16,43,0.27,743,8
TU4,CTRL,D,13,9,1,2013,79,11,23,7,1,19,485,19,48,0.28,743,8
TU4,CTRL,D,13,9,1,2013,79,12,23,7,1,19,487,21,52,0.28,743,8
TU4,CTRL,D,13,9,1,2013,79,13,23,7,1,20,489,23,57,0.28,743,8
TU4,CTRL,D,13,9,1,2013,79,14,23,7,1,20,491,25,62,0.28,743,8
TU4,CTRL,D,13,9,1,2013,79,15,23,7,1,20,493,27,67,0.28,743,8
TU4,CTRL,D,13,9,1,2013,79,16,23,7,1,20,495,29,72,0.28,743,8
TU4,CTRL,D,13,9,1,2013,79,17,23,7,1,20,497,30,76,0.28,743,8
TU4,CTRL,D,13,9,1,2013,79,18,23,7,1,20,499,32,81,0.28,743,8
TU4,CTRL,D,13,9,1,2013,79,19,23,7,1,20,501,34,86,0.28,743,8
TU4,CTRL,D,13,9,1,2013,79,20,23,7,1,20,503,36,91,0.28,743,8
TU4,CTRL,D,13,9,1,2013,79,21,23,7,1,20,505,38,96,0.28,743,8
TU4,CTRL,D,13,9,1,2013,79,22,23,7,1,20,506,40,100,0.28,743,8
TU4,CTRL,D,13,9,1,2013,79,23,23,7,1,20,508,42,105,0.28,743,8
TU4,CTRL,D,13,9,1,2013,79,24,23,7,1,20,510,44,110,0.28,743,8
TU4,CTRL,D,13,9,1,2013,79,25,23,7,1,20,512,46,115,0.28,743,8
TU4,CTRL,D,13,9,1,2013,79,26,23,7,1,21,514,48,120,0.28,743,8
TU4,CTRL,D,13,9,1,2013,79,27,23,7,1,21,516,49,124,0.28,743,8
TU4,CTRL,D,13,10,1,2013,80,1,23,7,1,22,469,0,0,0,743,8
TU4,CTRL,D,13,10,1,2013,80,2,23,7,1,22,471,0,4,0,743,8
TU4,CTRL,D,13,10,1,2013,80,3,23,7,1,22,474,0,9,0,743,8
TU4,CTRL,D,13,10,1,2013,80,4,23,7,1,22,476,6,14,0.33,743,8
TU4,CTRL,D,13,10,1,2013,80,5,23,7,1,22,478,8,19,0.33,743,8
TU4,CTRL,D,13,10,1,2013,80,6,23,7,1,22,480,11,24,0.33,743,8
TU4,CTRL,D,13,10,1,2013,80,7,23,7,1,22,482,13,28,0.33,743,8
TU4,CTRL,D,13,10,1,2013,80,8,23,7,1,22,484,15,33,0.32,743,8
TU4,CTRL,D,13,10,1,2013,80,9,23,7,1,22,487,17,38,0.32,743,8
TU4,CTRL,D,13,10,1,2013,80,10,23,7,1,22,489,19,43,0.32,743,8
TU4,CTRL,D,13,10,1,2013,80,11,23,7,1,22,491,21,48,0.32,743,8
TU4,CTRL,D,13,10,1,2013,80,12,23,7,1,22,493,23,52,0.31,743,8
TU4,CTRL,D,13,10,1,2013,80,13,23,7,1,22,495,25,57,0.31,743,8
TU4,CTRL,D,13,10,1,2013,80,14,23,7,1,23,496,27,62,0.31,743,8
TU4,CTRL,D,13,10,1,2013,80,15,23,7,1,23,499,29,67,0.31,743,8
TU4,CTRL,D,13,10,1,2013,80,16,23,7,1,23,501,31,72,0.31,743,8
TU4,CTRL,D,13,10,1,2013,80,17,23,7,1,23,502,33,76,0.3,743,8
TU4,CTRL,D,13,10,1,2013,80,18,23,7,1,23,504,35,81,0.3,743,8
TU4,CTRL,D,13,10,1,2013,80,19,23,7,1,23,506,37,86,0.3,743,8
TU4,CTRL,D,13,10,1,2013,80,20,23,7,1,23,508,38,91,0.3,743,8
TU4,CTRL,D,13,10,1,2013,80,21,23,7,1,23,510,40,96,0.3,743,8
TU4,CTRL,D,13,10,1,2013,80,22,23,7,1,23,513,42,100,0.3,742,8
TU4,CTRL,D,13,10,1,2013,80,23,23,7,1,23,514,44,105,0.3,743,8
TU4,CTRL,D,13,10,1,2013,80,24,23,7,1,23,515,46,110,0.29,743,8
TU4,CTRL,D,13,10,1,2013,80,25,23,7,1,23,517,48,115,0.29,743,8
TU4,CTRL,D,13,10,1,2013,80,26,23,7,1,24,519,50,120,0.29,743,8
WAY,CTRL,UD,13,1,1,2013,71,1,25,7,23,16,463,0,0,0,723,8
WAY,CTRL,UD,13,1,1,2013,71,2,25,7,23,17,464,0,4,0,723,8
WAY,CTRL,UD,13,1,1,2013,71,3,25,7,23,17,466,0,9,0,723,8
WAY,CTRL,UD,13,1,1,2013,71,4,25,7,23,17,466,3,14,0.16,723,8
WAY,CTRL,UD,13,1,1,2013,71,5,25,7,23,17,467,4,19,0.15,723,8
WAY,CTRL,UD,13,1,1,2013,71,6,25,7,23,17,468,4,24,0.14,723,8
WAY,CTRL,UD,13,1,1,2013,71,7,25,7,23,17,469,6,28,0.14,723,8
WAY,CTRL,UD,13,1,1,2013,71,8,25,7,23,17,471,7,33,0.14,723,8
WAY,CTRL,UD,13,1,1,2013,71,9,25,7,23,17,472,8,38,0.15,723,8
WAY,CTRL,UD,13,1,1,2013,71,10,25,7,23,17,473,9,43,0.15,723,8
WAY,CTRL,UD,13,1,1,2013,71,11,25,7,23,17,474,10,48,0.15,723,8
WAY,CTRL,UD,13,1,1,2013,71,12,25,7,23,17,475,11,52,0.15,723,8
WAY,CTRL,UD,13,1,1,2013,71,13,25,7,23,17,476,12,57,0.15,723,8
WAY,CTRL,UD,13,1,1,2013,71,14,25,7,23,18,477,14,62,0.15,723,8
WAY,CTRL,UD,13,1,1,2013,71,15,25,7,23,18,479,15,67,0.15,723,8
WAY,CTRL,UD,13,1,1,2013,71,16,25,7,23,18,480,16,72,0.15,723,8
WAY,CTRL,UD,13,1,1,2013,71,17,25,7,23,18,481,17,76,0.15,723,8
WAY,CTRL,UD,13,1,1,2013,71,18,25,7,23,18,482,18,81,0.15,723,8
WAY,CTRL,UD,13,1,1,2013,71,19,25,7,23,18,483,19,86,0.15,723,8
WAY,CTRL,UD,13,1,1,2013,71,20,25,7,23,18,485,21,91,0.16,723,8
WAY,CTRL,UD,13,1,1,2013,71,21,25,7,23,18,486,22,96,0.16,723,8
WAY,CTRL,UD,13,1,1,2013,71,22,25,7,23,18,488,24,100,0.16,723,8
WAY,CTRL,UD,13,1,1,2013,71,23,25,7,23,18,489,25,105,0.16,723,8
WAY,CTRL,UD,13,1,1,2013,71,24,25,7,23,18,490,26,110,0.16,723,8
WAY,CTRL,UD,13,1,1,2013,71,25,25,7,23,18,491,28,115,0.16,723,8
WAY,CTRL,UD,13,1,1,2013,71,26,25,7,23,18,492,29,120,0.16,723,8
WAY,CTRL,UD,13,1,1,2013,71,27,25,7,23,19,494,30,124,0.16,723,8
WAY,CTRL,UD,13,2,1,2013,72,1,25,7,23,19,461,0,0,0,723,8
WAY,CTRL,UD,13,2,1,2013,72,2,25,7,23,19,461,0,4,0,723,8
WAY,CTRL,UD,13,2,1,2013,72,3,25,7,23,20,462,0,9,0,723,8
WAY,CTRL,UD,13,2,1,2013,72,4,25,7,23,20,463,1,14,0.08,723,8
WAY,CTRL,UD,13,2,1,2013,72,5,25,7,23,20,463,2,19,0.08,723,8
WAY,CTRL,UD,13,2,1,2013,72,6,25,7,23,20,464,3,24,0.09,723,8
WAY,CTRL,UD,13,2,1,2013,72,7,25,7,23,20,465,4,28,0.09,723,8
WAY,CTRL,UD,13,2,1,2013,72,8,25,7,23,20,466,5,33,0.1,723,8
WAY,CTRL,UD,13,2,1,2013,72,9,25,7,23,20,467,6,38,0.1,723,8
WAY,CTRL,UD,13,2,1,2013,72,10,25,7,23,20,468,7,43,0.11,723,8
WAY,CTRL,UD,13,2,1,2013,72,11,25,7,23,20,469,8,48,0.11,723,8
WAY,CTRL,UD,13,2,1,2013,72,12,25,7,23,20,470,9,52,0.12,723,8
WAY,CTRL,UD,13,2,1,2013,72,13,25,7,23,20,471,10,57,0.12,723,8
WAY,CTRL,UD,13,2,1,2013,72,14,25,7,23,20,472,11,62,0.12,723,8
WAY,CTRL,UD,13,2,1,2013,72,15,25,7,23,20,473,12,67,0.12,723,8
WAY,CTRL,UD,13,2,1,2013,72,16,25,7,23,21,474,13,72,0.13,723,8
WAY,CTRL,UD,13,2,1,2013,72,17,25,7,23,21,475,14,76,0.13,723,8
WAY,CTRL,UD,13,2,1,2013,72,18,25,7,23,21,476,15,81,0.13,723,8
WAY,CTRL,UD,13,2,1,2013,72,19,25,7,23,21,477,16,86,0.13,723,8
WAY,CTRL,UD,13,2,1,2013,72,20,25,7,23,21,479,18,91,0.13,723,8
WAY,CTRL,UD,13,2,1,2013,72,21,25,7,23,21,479,19,96,0.13,723,8
WAY,CTRL,UD,13,2,1,2013,72,22,25,7,23,21,480,20,100,0.13,723,8
WAY,CTRL,UD,13,2,1,2013,72,23,25,7,23,21,481,21,105,0.13,723,8
WAY,CTRL,UD,13,2,1,2013,72,24,25,7,23,21,482,22,110,0.13,723,8
WAY,CTRL,UD,13,2,1,2013,72,25,25,7,23,21,484,23,115,0.13,723,8
WAY,CTRL,UD,13,2,1,2013,72,26,25,7,23,21,485,24,120,0.14,723,8
WAY,CTRL,UD,13,2,1,2013,72,27,25,7,23,21,486,25,124,0.14,723,8
WAY,CTRL,UD,13,3,1,2013,73,1,25,7,23,22,460,0,0,0,723,8
WAY,CTRL,UD,13,3,1,2013,73,2,25,7,23,22,462,0,4,0,723,8
WAY,CTRL,UD,13,3,1,2013,73,3,25,7,23,23,464,0,9,0,723,8
WAY,CTRL,UD,13,3,1,2013,73,4,25,7,23,23,466,5,14,0.27,723,8
WAY,CTRL,UD,13,3,1,2013,73,5,25,7,23,23,468,7,19,0.26,723,8
WAY,CTRL,UD,13,3,1,2013,73,6,25,7,23,23,469,8,24,0.25,723,8
WAY,CTRL,UD,13,3,1,2013,73,7,25,7,23,23,471,10,28,0.24,723,8
WAY,CTRL,UD,13,3,1,2013,73,8,25,7,23,23,472,11,33,0.24,723,8
WAY,CTRL,UD,13,3,1,2013,73,9,25,7,23,23,474,13,38,0.23,723,8
WAY,CTRL,UD,13,3,1,2013,73,10,25,7,23,23,475,14,43,0.23,723,8
WAY,CTRL,UD,13,3,1,2013,73,11,25,7,23,23,477,16,48,0.23,723,8
WAY,CTRL,UD,13,3,1,2013,73,12,25,7,23,23,478,17,52,0.22,723,8
WAY,CTRL,UD,13,3,1,2013,73,13,25,7,23,23,479,18,57,0.22,723,8
WAY,CTRL,UD,13,3,1,2013,73,14,25,7,23,23,481,20,62,0.22,723,8
WAY,CTRL,UD,13,3,1,2013,73,15,25,7,23,23,483,21,67,0.22,723,8
WAY,CTRL,UD,13,3,1,2013,73,16,25,7,23,24,484,23,72,0.22,723,8
WAY,CTRL,UD,13,3,1,2013,73,17,25,7,23,24,485,24,76,0.21,723,8
WAY,CTRL,UD,13,3,1,2013,73,18,25,7,23,24,486,25,81,0.21,723,8
WAY,CTRL,UD,13,3,1,2013,73,19,25,7,23,24,488,26,86,0.21,723,8
WAY,CTRL,UD,13,3,1,2013,73,20,25,7,23,24,489,28,91,0.21,723,8
WAY,CTRL,UD,13,3,1,2013,73,21,25,7,23,24,490,29,96,0.21,723,8
WAY,CTRL,UD,13,3,1,2013,73,22,25,7,23,24,492,30,100,0.2,723,8
WAY,CTRL,UD,13,3,1,2013,73,23,25,7,23,24,493,31,105,0.2,723,8
WAY,CTRL,UD,13,3,1,2013,73,24,25,7,23,24,495,33,110,0.2,723,8
WAY,CTRL,UD,13,3,1,2013,73,25,25,7,23,24,496,34,115,0.2,723,8
WAY,CTRL,UD,13,3,1,2013,73,26,25,7,23,24,497,35,120,0.2,723,8
WAY,CTRL,UD,13,3,1,2013,73,27,25,7,23,24,498,37,124,0.2,723,8
WAY,CTRL,UD,13,4,1,2013,74,1,25,7,23,25,480,0,0,0,723,8
WAY,CTRL,UD,13,4,1,2013,74,2,25,7,23,25,480,0,4,0,723,8
WAY,CTRL,UD,13,4,1,2013,74,3,25,7,23,25,481,0,9,0,723,8
WAY,CTRL,UD,13,4,1,2013,74,4,25,7,23,25,482,2,14,0.12,723,8
WAY,CTRL,UD,13,4,1,2013,74,5,25,7,23,26,483,3,19,0.13,723,8
WAY,CTRL,UD,13,4,1,2013,74,6,25,7,23,26,484,4,24,0.14,723,8
WAY,CTRL,UD,13,4,1,2013,74,7,25,7,23,26,485,5,28,0.13,723,8
WAY,CTRL,UD,13,4,1,2013,74,8,25,7,23,26,486,6,33,0.13,723,8
WAY,CTRL,UD,13,4,1,2013,74,9,25,7,23,26,487,7,38,0.14,723,8
WAY,CTRL,UD,13,4,1,2013,74,10,25,7,23,26,488,8,43,0.14,723,8
WAY,CTRL,UD,13,4,1,2013,74,11,25,7,23,26,489,10,48,0.14,723,8
WAY,CTRL,UD,13,4,1,2013,74,12,25,7,23,26,490,11,52,0.14,723,8
WAY,CTRL,UD,13,4,1,2013,74,13,25,7,23,26,491,12,57,0.14,723,8
WAY,CTRL,UD,13,4,1,2013,74,14,25,7,23,26,493,13,62,0.14,723,8
WAY,CTRL,UD,13,4,1,2013,74,15,25,7,23,26,494,14,67,0.14,723,8
WAY,CTRL,UD,13,4,1,2013,74,16,25,7,23,26,495,15,72,0.14,723,8
WAY,CTRL,UD,13,4,1,2013,74,17,25,7,23,27,496,16,76,0.15,723,8
WAY,CTRL,UD,13,4,1,2013,74,18,25,7,23,27,497,17,81,0.15,723,8
WAY,CTRL,UD,13,4,1,2013,74,19,25,7,23,27,499,19,86,0.15,723,8
WAY,CTRL,UD,13,4,1,2013,74,20,25,7,23,27,500,20,91,0.15,723,8
WAY,CTRL,UD,13,4,1,2013,74,21,25,7,23,27,501,21,96,0.15,723,8
WAY,CTRL,UD,13,4,1,2013,74,22,25,7,23,27,502,22,100,0.15,723,8
WAY,CTRL,UD,13,4,1,2013,74,23,25,7,23,27,503,23,105,0.15,723,8
WAY,CTRL,UD,13,4,1,2013,74,24,25,7,23,27,504,25,110,0.15,723,8
WAY,CTRL,UD,13,4,1,2013,74,25,25,7,23,27,506,26,115,0.15,723,8
WAY,CTRL,UD,13,4,1,2013,74,26,25,7,23,27,507,27,120,0.15,723,8
WAY,CTRL,UD,13,4,1,2013,74,27,25,7,23,27,508,28,124,0.15,723,8
WAY,CTRL,UD,13,5,1,2013,75,1,25,7,23,28,481,0,0,0,723,8
WAY,CTRL,UD,13,5,1,2013,75,2,25,7,23,28,484,0,4,0,723,8
WAY,CTRL,UD,13,5,1,2013,75,3,25,7,23,28,485,0,9,0,723,8
WAY,CTRL,UD,13,5,1,2013,75,4,25,7,23,28,485,3,14,0.17,723,8
WAY,CTRL,UD,13,5,1,2013,75,5,25,7,23,28,486,3,19,0.14,723,8
WAY,CTRL,UD,13,5,1,2013,75,6,25,7,23,28,486,4,24,0.12,723,8
WAY,CTRL,UD,13,5,1,2013,75,7,25,7,23,29,487,4,28,0.11,723,8
WAY,CTRL,UD,13,5,1,2013,75,8,25,7,23,29,487,5,33,0.1,723,8
WAY,CTRL,UD,13,5,1,2013,75,9,25,7,23,29,487,5,38,0.09,723,8
WAY,CTRL,UD,13,5,1,2013,75,10,25,7,23,29,488,5,43,0.08,723,8
WAY,CTRL,UD,13,5,1,2013,75,11,25,7,23,29,488,5,48,0.08,723,8
WAY,CTRL,UD,13,5,1,2013,75,12,25,7,23,29,489,6,52,0.08,723,8
WAY,CTRL,UD,13,5,1,2013,75,13,25,7,23,29,489,6,57,0.08,723,8
WAY,CTRL,UD,13,5,1,2013,75,14,25,7,23,29,490,7,62,0.07,723,8
WAY,CTRL,UD,13,5,1,2013,75,15,25,7,23,29,490,7,67,0.07,723,8
WAY,CTRL,UD,13,5,1,2013,75,16,25,7,23,29,491,8,72,0.07,723,8
WAY,CTRL,UD,13,5,1,2013,75,17,25,7,23,29,491,8,76,0.07,723,8
WAY,CTRL,UD,13,5,1,2013,75,18,25,7,23,29,492,9,81,0.07,723,8
WAY,CTRL,UD,13,5,1,2013,75,19,25,7,23,30,493,9,86,0.07,723,8
WAY,CTRL,UD,13,5,1,2013,75,20,25,7,23,30,493,10,91,0.07,723,8
WAY,CTRL,UD,13,5,1,2013,75,21,25,7,23,30,494,10,96,0.07,723,8
WAY,CTRL,UD,13,5,1,2013,75,22,25,7,23,30,494,11,100,0.07,723,8
WAY,CTRL,UD,13,5,1,2013,75,23,25,7,23,30,495,11,105,0.07,723,8
WAY,CTRL,UD,13,5,1,2013,75,24,25,7,23,30,496,12,110,0.07,723,8
WAY,CTRL,UD,13,5,1,2013,75,25,25,7,23,30,497,13,115,0.07,723,8
WAY,CTRL,UD,13,5,1,2013,75,26,25,7,23,30,497,13,120,0.07,723,8
WAY,CTRL,UD,13,5,1,2013,75,27,25,7,23,30,498,14,124,0.07,723,8
WAY,CTRL,D,13,6,1,2013,76,1,25,7,23,31,464,0,0,0,723,8
WAY,CTRL,D,13,6,1,2013,76,2,25,7,23,31,468,0,4,0,723,8
WAY,CTRL,D,13,6,1,2013,76,3,25,7,23,32,470,0,9,0,723,8
WAY,CTRL,D,13,6,1,2013,76,4,25,7,23,32,473,8,14,0.42,723,8
WAY,CTRL,D,13,6,1,2013,76,5,25,7,23,32,475,10,19,0.38,723,8
WAY,CTRL,D,13,6,1,2013,76,6,25,7,23,32,477,12,24,0.35,723,8
WAY,CTRL,D,13,6,1,2013,76,7,25,7,23,32,478,14,28,0.33,723,8
WAY,CTRL,D,13,6,1,2013,76,8,25,7,23,32,481,15,33,0.32,723,8
WAY,CTRL,D,13,6,1,2013,76,9,25,7,23,32,483,17,38,0.32,723,8
WAY,CTRL,D,13,6,1,2013,76,10,25,7,23,32,485,19,43,0.31,723,8
WAY,CTRL,D,13,6,1,2013,76,11,25,7,23,32,487,21,48,0.31,723,8
WAY,CTRL,D,13,6,1,2013,76,12,25,7,23,32,488,23,52,0.3,723,8
WAY,CTRL,D,13,6,1,2013,76,13,25,7,23,33,490,25,57,0.3,723,8
WAY,CTRL,D,13,6,1,2013,76,14,25,7,23,33,492,27,62,0.29,723,8
WAY,CTRL,D,13,6,1,2013,76,15,25,7,23,33,494,28,67,0.29,723,8
WAY,CTRL,D,13,6,1,2013,76,16,25,7,23,33,496,30,72,0.29,723,8
WAY,CTRL,D,13,6,1,2013,76,17,25,7,23,33,498,32,76,0.29,723,8
WAY,CTRL,D,13,6,1,2013,76,18,25,7,23,33,500,34,81,0.28,723,8
WAY,CTRL,D,13,6,1,2013,76,19,25,7,23,33,501,35,86,0.28,723,8
WAY,CTRL,D,13,6,1,2013,76,20,25,7,23,33,503,37,91,0.28,723,8
WAY,CTRL,D,13,6,1,2013,76,21,25,7,23,33,505,39,96,0.28,723,8
WAY,CTRL,D,13,6,1,2013,76,22,25,7,23,33,507,41,100,0.28,723,8
WAY,CTRL,D,13,6,1,2013,76,23,25,7,23,34,509,42,105,0.27,723,8
WAY,CTRL,D,13,6,1,2013,76,24,25,7,23,34,510,44,110,0.27,723,8
WAY,CTRL,D,13,6,1,2013,76,25,25,7,23,34,512,46,115,0.27,723,8
WAY,CTRL,D,13,6,1,2013,76,26,25,7,23,34,514,47,120,0.27,723,8
WAY,CTRL,D,13,6,1,2013,76,27,25,7,23,34,516,49,124,0.27,723,8
WAY,CTRL,D,13,7,1,2013,77,22,25,7,23,40,477,0,0,0,723,8
WAY,CTRL,D,13,7,1,2013,77,23,25,7,23,40,477,0,4,0,723,8
WAY,CTRL,D,13,7,1,2013,77,24,25,7,23,40,478,0,9,0,723,8
WAY,CTRL,D,13,7,1,2013,77,25,25,7,23,41,479,2,14,0.11,723,8
WAY,CTRL,D,13,7,1,2013,77,26,25,7,23,41,480,3,19,0.12,723,8
WAY,CTRL,D,13,7,1,2013,77,27,25,7,23,41,481,4,24,0.12,723,8
WAY,CTRL,D,13,7,1,2013,77,28,25,7,23,41,482,5,28,0.12,723,8
WAY,CTRL,D,13,7,1,2013,77,29,25,7,23,41,483,6,33,0.12,723,8
WAY,CTRL,D,13,7,1,2013,77,30,25,7,23,41,484,7,38,0.13,723,8
WAY,CTRL,D,13,7,1,2013,77,31,25,7,23,41,485,8,43,0.13,723,8
WAY,CTRL,D,13,7,1,2013,77,32,25,7,23,41,487,10,48,0.14,723,8
WAY,CTRL,D,13,7,1,2013,77,33,25,7,23,41,488,11,52,0.15,723,8
WAY,CTRL,D,13,7,1,2013,77,34,25,7,23,42,489,12,57,0.15,723,8
WAY,CTRL,D,13,7,1,2013,77,35,25,7,23,42,491,14,62,0.15,723,8
WAY,CTRL,D,13,7,1,2013,77,36,25,7,23,42,492,15,67,0.15,723,8
WAY,CTRL,D,13,7,1,2013,77,37,25,7,23,42,493,16,72,0.15,723,8
WAY,CTRL,D,13,7,1,2013,77,38,25,7,23,42,494,17,76,0.15,723,8
WAY,CTRL,D,13,7,1,2013,77,39,25,7,23,42,495,18,81,0.15,723,8
WAY,CTRL,D,13,7,1,2013,77,40,25,7,23,42,496,19,86,0.15,723,8
WAY,CTRL,D,13,7,1,2013,77,41,25,7,23,42,497,21,91,0.15,723,8
WAY,CTRL,D,13,7,1,2013,77,42,25,7,23,42,498,22,96,0.15,723,8
WAY,CTRL,D,13,7,1,2013,77,43,25,7,23,43,499,23,100,0.15,723,8
WAY,CTRL,D,13,7,1,2013,77,44,25,7,23,43,500,24,105,0.16,723,8
WAY,CTRL,D,13,7,1,2013,77,45,25,7,23,43,502,25,110,0.16,723,8
WAY,CTRL,D,13,7,1,2013,77,46,25,7,23,43,503,26,115,0.16,723,8
WAY,CTRL,D,13,7,1,2013,77,47,25,7,23,43,504,28,120,0.16,723,8
WAY,CTRL,D,13,8,1,2013,78,1,25,7,23,59,492,0,0,0,723,8
WAY,CTRL,D,13,8,1,2013,78,2,25,7,23,59,493,0,4,0,723,8
WAY,CTRL,D,13,8,1,2013,78,3,25,7,23,59,495,0,9,0,723,8
WAY,CTRL,D,13,8,1,2013,78,4,25,7,23,59,496,4,14,0.19,723,8
WAY,CTRL,D,13,8,1,2013,78,5,25,7,23,59,497,5,19,0.17,723,8
WAY,CTRL,D,13,8,1,2013,78,6,25,7,23,59,498,5,24,0.17,723,8
WAY,CTRL,D,13,8,1,2013,78,7,25,7,23,59,499,7,28,0.16,723,8
WAY,CTRL,D,13,8,1,2013,78,8,25,7,23,59,500,7,33,0.16,723,8
WAY,CTRL,D,13,8,1,2013,78,9,25,7,23,59,501,9,38,0.16,723,8
WAY,CTRL,D,13,8,1,2013,78,10,25,7,23,59,502,9,43,0.15,723,8
WAY,CTRL,D,13,8,1,2013,78,11,25,7,23,59,503,10,48,0.15,723,8
WAY,CTRL,D,13,8,1,2013,78,12,26,7,0,0,504,11,52,0.15,723,8
WAY,CTRL,D,13,8,1,2013,78,13,26,7,0,0,505,12,57,0.15,723,8
WAY,CTRL,D,13,8,1,2013,78,14,26,7,0,0,507,13,62,0.15,723,8
WAY,CTRL,D,13,8,1,2013,78,15,26,7,0,0,508,15,67,0.15,723,8
WAY,CTRL,D,13,8,1,2013,78,16,26,7,0,0,509,16,72,0.15,723,8
WAY,CTRL,D,13,8,1,2013,78,17,26,7,0,0,510,17,76,0.15,723,8
WAY,CTRL,D,13,8,1,2013,78,18,26,7,0,0,511,18,81,0.15,723,8
WAY,CTRL,D,13,8,1,2013,78,19,26,7,0,0,512,19,86,0.15,723,8
WAY,CTRL,D,13,8,1,2013,78,20,26,7,0,0,513,20,91,0.15,723,8
WAY,CTRL,D,13,8,1,2013,78,21,26,7,0,0,514,21,96,0.15,723,8
WAY,CTRL,D,13,8,1,2013,78,22,26,7,0,0,515,22,100,0.15,723,8
WAY,CTRL,D,13,8,1,2013,78,23,26,7,0,0,516,23,105,0.15,723,8
WAY,CTRL,D,13,8,1,2013,78,24,26,7,0,1,517,24,110,0.15,723,8
WAY,CTRL,D,13,8,1,2013,78,25,26,7,0,1,518,25,115,0.15,723,8
WAY,CTRL,D,13,8,1,2013,78,26,26,7,0,1,519,27,120,0.15,723,8
WAY,CTRL,D,13,8,1,2013,78,27,26,7,0,1,520,28,124,0.15,723,8
WAY,CTRL,D,13,9,1,2013,79,1,26,7,0,2,465,0,0,0,723,8
WAY,CTRL,D,13,9,1,2013,79,2,26,7,0,2,467,0,4,0,723,8
WAY,CTRL,D,13,9,1,2013,79,3,26,7,0,2,469,0,9,0,723,8
WAY,CTRL,D,13,9,1,2013,79,4,26,7,0,2,470,4,14,0.23,723,8
WAY,CTRL,D,13,9,1,2013,79,5,26,7,0,2,471,6,19,0.21,723,8
WAY,CTRL,D,13,9,1,2013,79,6,26,7,0,2,472,7,24,0.2,723,8
WAY,CTRL,D,13,9,1,2013,79,7,26,7,0,2,473,7,28,0.19,723,8
WAY,CTRL,D,13,9,1,2013,79,8,26,7,0,2,474,8,33,0.17,723,8
WAY,CTRL,D,13,9,1,2013,79,9,26,7,0,2,475,9,38,0.16,723,8
WAY,CTRL,D,13,9,1,2013,79,10,26,7,0,3,476,10,43,0.16,723,8
WAY,CTRL,D,13,9,1,2013,79,11,26,7,0,3,477,10,48,0.15,723,8
WAY,CTRL,D,13,9,1,2013,79,12,26,7,0,3,478,11,52,0.15,723,8
WAY,CTRL,D,13,9,1,2013,79,13,26,7,0,3,479,12,57,0.14,723,8
WAY,CTRL,D,13,9,1,2013,79,14,26,7,0,3,479,13,62,0.14,723,8
WAY,CTRL,D,13,9,1,2013,79,15,26,7,0,3,480,13,67,0.14,723,8
WAY,CTRL,D,13,9,1,2013,79,16,26,7,0,3,481,14,72,0.14,723,8
WAY,CTRL,D,13,9,1,2013,79,17,26,7,0,3,482,15,76,0.13,723,8
WAY,CTRL,D,13,9,1,2013,79,18,26,7,0,3,483,16,81,0.13,723,8
WAY,CTRL,D,13,9,1,2013,79,19,26,7,0,3,484,16,86,0.13,723,8
WAY,CTRL,D,13,9,1,2013,79,20,26,7,0,3,484,17,91,0.13,723,8
WAY,CTRL,D,13,9,1,2013,79,21,26,7,0,3,485,18,96,0.13,723,8
WAY,CTRL,D,13,9,1,2013,79,22,26,7,0,4,486,19,100,0.13,723,8
WAY,CTRL,D,13,9,1,2013,79,23,26,7,0,4,487,20,105,0.13,723,8
WAY,CTRL,D,13,9,1,2013,79,24,26,7,0,4,488,20,110,0.13,723,8
WAY,CTRL,D,13,9,1,2013,79,25,26,7,0,4,489,21,115,0.12,723,8
WAY,CTRL,D,13,9,1,2013,79,26,26,7,0,4,489,22,120,0.12,723,8
WAY,CTRL,D,13,9,1,2013,79,27,26,7,0,4,490,23,124,0.12,723,8
WAY,CTRL,D,13,10,1,2013,80,1,26,7,0,5,455,0,0,0,723,8
WAY,CTRL,D,13,10,1,2013,80,2,26,7,0,5,456,0,4,0,723,8
WAY,CTRL,D,13,10,1,2013,80,3,26,7,0,5,457,0,9,0,723,8
WAY,CTRL,D,13,10,1,2013,80,4,26,7,0,5,458,3,14,0.15,723,8
WAY,CTRL,D,13,10,1,2013,80,5,26,7,0,5,459,3,19,0.14,723,8
WAY,CTRL,D,13,10,1,2013,80,6,26,7,0,5,460,4,24,0.13,723,8
WAY,CTRL,D,13,10,1,2013,80,7,26,7,0,5,460,5,28,0.12,723,8
WAY,CTRL,D,13,10,1,2013,80,8,26,7,0,5,461,5,33,0.12,723,8
WAY,CTRL,D,13,10,1,2013,80,9,26,7,0,5,462,6,38,0.11,723,8
WAY,CTRL,D,13,10,1,2013,80,10,26,7,0,5,462,7,43,0.11,723,8
WAY,CTRL,D,13,10,1,2013,80,11,26,7,0,5,463,7,48,0.1,723,8
WAY,CTRL,D,13,10,1,2013,80,12,26,7,0,5,463,8,52,0.1,723,8
WAY,CTRL,D,13,10,1,2013,80,13,26,7,0,6,464,8,57,0.1,723,8
WAY,CTRL,D,13,10,1,2013,80,14,26,7,0,6,464,9,62,0.09,723,8
WAY,CTRL,D,13,10,1,2013,80,15,26,7,0,6,465,9,67,0.09,723,8
WAY,CTRL,D,13,10,1,2013,80,16,26,7,0,6,466,10,72,0.09,723,8
WAY,CTRL,D,13,10,1,2013,80,17,26,7,0,6,466,10,76,0.09,723,8
WAY,CTRL,D,13,10,1,2013,80,18,26,7,0,6,466,11,81,0.09,723,8
WAY,CTRL,D,13,10,1,2013,80,19,26,7,0,6,467,11,86,0.09,723,8
WAY,CTRL,D,13,10,1,2013,80,20,26,7,0,6,468,12,91,0.09,723,8
WAY,CTRL,D,13,10,1,2013,80,21,26,7,0,6,468,12,96,0.09,723,8
WAY,CTRL,D,13,10,1,2013,80,22,26,7,0,6,469,13,100,0.08,723,8
WAY,CTRL,D,13,10,1,2013,80,23,26,7,0,6,470,13,105,0.08,723,8
WAY,CTRL,D,13,10,1,2013,80,24,26,7,0,6,470,14,110,0.08,723,8
WAY,CTRL,D,13,10,1,2013,80,25,26,7,0,7,471,14,115,0.08,723,8
WAY,CTRL,D,13,10,1,2013,80,26,26,7,0,7,472,15,120,0.08,723,8
WAY,CTRL,D,13,10,1,2013,80,27,26,7,0,7,472,16,124,0.08,723,8
